GCAGGAAGGAGAAAGACGCG,152
ATCTGTCAACAGATAGACAC,139
GCCGAGTTTGATTAGGAACC,162
AACAACACACAAATAAGCCC,110
ATTCTTGTTCCTAAGAGCTA,147
GGGAAAAGTGAAGGGGGGCG,195
TGGGGAAAAGTGAAGGGGGG,302
TTTCCCCACGATATGCATCC,170
TCCAGGAAACCAAGCCTCCC,146
ACCGAACAGCTGACACTGGG,162
CCTCGTGAAATTATTGGGGA,175
CACTCAACTGTTCACAGTCC,158
AATCCAAGCTAGGAAAAGAG,183
CCTTCAGGACTACTAGATCG,202
AGACGTCGCTGCCTGCTGTC,135
CTAGGAAGAACGCCAAGTCC,138
TTCTTTATCGAGCTAGAGAT,118
CAACTTTCACAAAGTTTGCC,112
GGAGCTCAGAACTCCGCGCC,179
TCCACCTCAAGGATAGGGGA,149
GCAGCAAAGGAGAGGAAAGC,104
GGCGTCCCTGGCAGCAGCAA,190
TGGCCTCTCTGTGCCACCTC,128
ATAATAGCTGCCATTTCTTC,163
TGGGCCCTGTCAGAAACATC,138
TAATCGTCCTTGTGTGAATT,126
ACTGCATCTGCCCCAACAAT,153
GATGTGGTCAGAGGTGCGGC,125
CATCTTCTGATTGGTGTCAT,159
ATTGGATACATCAGAAAATG,201
AGGGTACCCCGCAGGTGCGG,167
AAGTGGCAGGTGCTGTCGTG,110
GGGTAAGCAGTGATACTGGT,185
AAGGAAGCCTGGATTATCAC,202
TACGGAGAATCTGTTGTCTC,114
CGATCAAAAACGTTCCATAC,116
AGAAGCATATACAGACTGAT,176
ATGATGCAGGATGTGTAACC,108
TGCATCATTTCACTAATCCC,126
CACGTAAAAGGAAAGTTACC,127
TAATCAGTGGTGACCTTTCT,139
TGGAACTCACTTTGTAGACC,111
ACCCTGTACCTCAGTGGTGG,179
AAAGCCTCTGGCCCCTGCCC,196
CTTTCCTAACTGGGATCTGT,168
TGTGGGTGAGGTGAGCCCCG,89
GTTGAGATGACTCCAAAGAT,123
GATGACTCCAAAGATAGGGA,95
TCTGAGTGCATCCTTAGATA,168
TAGATGTTAGTCTCTACAGG,83
CTCTGCTGTGGCTTGTGGAG,138
CAAGCTGGAAGCCGACCTTT,154
GAGCGGGGCCTGGCAGCCCA,135
ACCCTGATGCCAACCACAAT,195
CAGGGGCATTGCCACATTCC,127
AGTTCCCTCAAGTGCAGGGA,186
GAGGAACCCTGTAGGACACG,196
AACTGTGTCCTTAGTGAAGG,184
TAGACCAGAACCAAAGGTTA,119
TCCTCCCTAACCTTTGGTTC,161
CATCTGTTGGTTCTGGTGTG,186
GGCCAAGGGTTAGGGATAAG,152
AAACTAACTTGTACATATTT,106
GTGGCCAAGGGTTAGGGATA,156
CGTTACTGAAATAGAAGGTG,158
AGGGCAGAGCCCAGACTATC,92
TGAGAGTTCTCGGTGACCCA,128
TGGGAGGAACTGGATGGGGC,111
GCCTAGGATACCAGGTTGCC,166
AAGGAAGGAGGATTAAGAGT,142
CTCAAGTGTGAACTACTGTT,139
CCTCAGTTCTTGGAGTGGGC,165
TGAGAGTCTTGGGAGGAGGG,86
TACCCATATGTGTCACTCAA,147
ATAGGCCAAGGATAATGTAA,121
AGGATCAACTGCGTGGCTGA,163
CATTAAAGGGCCTGACACTT,124
GATCTGCCAGAGGACAGGTT,138
ACCCCTCACCCAGCCAGGTC,202
CACGCAGCTTACTTCCAGTC,107
TTGCTACGTCCCAGATCTTT,144
TGTCGGAGCGGATCCTTGTC,107
CCAACTATGGCAGGATTCCA,132
CTTGGAGTAAAATCAAAGTG,119
AATCACTGCAGAGGGGTCGA,156
TATGCCCCAGGAGGGCCCTC,121
CTTGGGTAAGAGCTGACCTG,148
AGGTGTTGGGTAGCCTTGAG,152
TGTCTAACTAGCTGTCTGGC,133
ACATCTAAAGCAAACATGCA,153
ACACAAGAAAGACAATGCTG,152
TTCCACCCTCAAAAACTGCA,118
AGTCTTTCCTATTTAACTGC,161
GATAGAGACATAAGAATTCT,148
CTCATCCCCTCCTCCGGGAA,112
GAGGAGTTAGAAAGAGGAGT,167
AGTAGAAAGGAAGGGAAAAT,119
AGAGTAAGGCCTTCTGGAAG,121
TTGGGGGACAGAAGGCTTGA,130
TAAGTGGCAATGAATAGATG,110
GGTGATTGTCTGTATACTGG,186
CAGTATACAGACAATCACCC,333
GAACGCAGCAGAAATGGGCA,211
GAGGGAGTTTCAGGACAGTC,139
AGGGAAACCCACAAAGTTTC,162
TCTGAGCATGGGGAGTGGAG,119
TGCCTGTTATCCTAGCATTT,136
CTAGCATTTGGGAAGCAGAT,129
ATGGTGCGGTGGGAGGCTGG,248
GATGGTGCGGTGGGAGGCTG,248
TGCTGTCCTTTCTGATGGTG,102
GCTGGCTATGAGTATAAAAT,133
ACCCCATCACATCATTCACA,224
GAAACTCCCTGAAAAGGCAG,197
CTATGCATCACAGGATGACC,117
TTCTGCTGGGCGGGGGGGGT,106
CCAGCACCGGGAATGTGAGA,127
GATGGTCGTGAGCCACCATG,135
GGGCTGGAGAGACGGCTCAG,139
TGAGCCACCATGTGGTTGCT,135
TTGCCTACACTGAGCTGCTA,138
ATATTGTCTGACAGCTATCA,144
AAGCAGCGTTCAGTCCTTTG,176
ATAATATCATAGCTCCTAGG,144
ACTGGGAGGATCAGCCAAAA,170
TGCTTTAGTGCTGGGGTCGG,109
TGCAGGCAAAGTTTCTGTTT,125
GGCATGCGGAGGAGAGACCT,164
CCAGCCCATTACCAGACAAG,131
GGTCTCTCCTCCGCATGCCC,249
TGCAGCACTGCGACAAAGCG,134
AAAAACGGACCAACTCCTGG,164
AGGGTTTCACTATGTAGACC,165
TTACATCTCAGTAGGAATCC,134
GTTGAGTTCAGGCCAGTCTG,128
CTTCTTCAGGGGAACCAGGA,120
GGGGTTCCCAGAATGGGAAT,153
TCCTTCCCAATTCCCATTCT,106
GGCTTCCCCACCACTGGCTC,162
AAGCTGGGCTTCCCCACCAC,168
GTTGCACACATCCAAGGATC,177
CTAAGAAAGTCTAAGAGGAC,71
AACACAGAAGCCAGGGAAAG,88
TAAGAAAGTCTAAGAGGACA,123
TTGCAACTCATGGTCACCCC,83
TTTCCACCTCCACTGTGTAG,140
GAAATGGAGCAAGCCCCGTC,126
GACATAAAAAATGTGGAGGG,145
TGGGAGATCAGTCTGAATCT,125
GCTCCTACACTAACAAAAGG,182
GTTACTTCTAAACAGAAGCC,143
CAAGACCCGTGTGGTGCCAG,111
CTGCCTCTTGTCCTATTACA,146
GTCAGATGACTGGTGTGGCA,186
GCCTTGAGGTGCTAGCAATC,133
AATTCTGGCCTTTAGAATTC,119
GGAACTGACTGGTGGCTGTA,220
AAACGGCTTGTGTCTAACAA,142
AGTTTGTCTGTACCCTTCTT,194
TTTGTTTCCCAAGTGGTGAG,153
TGGGGGAAAAAAAAAGCATG,89
CCACTTGGGAAACAAACATC,98
CTGGCGCCCACAGGTGCTAG,97
GAATGAAGTCTGGGGTTGTT,153
TATGCATTGATGGTGCAGAT,137
TCATTACTGGGGGTGAAGTG,125
ACTTTAATTATACATATGTG,174
TACTGGGGGTGAAGTGGGGG,119
GGAGTTGATCCCACTGATAA,199
GGTGGGAGGGTGAGGCCCAC,162
ACGGATGGTCCAAGAATCTT,178
CATCCCTGATTATAACAGTT,141
TTTCTGAACCCAGCAGTAAA,135
CATTAGTACCTTCATGAATG,113
GCCCCCTTCAGGGGCTCCTG,83
AAGGAAGAGAAGAGAGAAAG,154
TTCCGTCCTAAACAGTGTTG,148
GCGTTCCGCATTTGGCCTAG,129
ACCAAGTTGGCTTGAATTCA,118
TAGGAGTAAAGTAGATCAAG,162
AGGGGTGTGGATGGGTGATG,210
TGTATCCAGGGGATGAGTAA,127
GAGAGCACTGGGCTCTGGAC,181
AGCCTGAGGGTAAGGCTCAA,139
TCTGGGGATAACCATTGAAA,143
CACTCACTAAAGCGGGGGGT,98
GGAACTCTGGTTCGGTCCCG,180
AGAGTTCCGCCTACAGTAGC,128
ACATTTGCACCCATACTCCG,201
AACTTGAATGTCGAGTTTGA,233
GAGTAGGCGTCCTAGGCCCT,115
AAAACCTCCCTTCAAGACCC,137
GCAGTCAGATCAGCAATTCA,124
CTGGCTCTACAAGCTGGTCA,160
CTCCAGAGGAGTCTGCAGGA,133
CATGGTCCCTATTTAACACG,125
GGAGAGCCATCTGGTTCCAT,160
GTCTGAGGGCAGCACCCCTG,142
CTTGCTTCTCCAGCAAGCAC,104
TTGACAATCAGATCCTTCTG,173
TTCATCACTCATTACCTTGC,145
TGGGTGATACAGTCATGCAC,185
TGTGGGCACAGGGCAGCTGT,178
GAAAGCTAACATGATGGATG,131
CCACCTTCGACCAGAGAACT,171
CTTGCTTGCAGAATGCAGTG,140
TACTGCTCACAAGGCCGAAC,163
TCCCTCTTTGAGCGCCCCGA,133
ATCAAGCTGGAAATTGTAGA,211
TTCCAGACACTCTCTTCAGA,157
CTTCTCTTGCCCCGGAACGC,141
GAGAAGTTAGAAATGAACCT,223
AGAAGTTAGAAATGAACCTA,101
AGAGCGTTTGCCTAGCATGC,127
CCTAGCATGCAGGAAGCCCT,113
CCCAGGGCTTCCTGCATGCT,151
AGGAAAATGGCCCTAGTCTA,147
ATGACATACAGCAATACTTC,193
GTGCCCATGGCCCTTAGACT,119
TTCTGCATCCAGAAACACCA,156
AGGGATTCTCAGAGGTCAGG,93
GCAGAAGTCAACTCAAAAAA,197
TTCCAGCCCTGCCTGGGAAG,118
CAGAATTGAAGACACCTTAG,123
AGAATTGAAGACACCTTAGG,235
GGGCAGAAGCTTGCTCCTCG,204
GAGTGCTTTATAGTTCAACA,135
CCATCTTGGCTTTGTGCCCC,160
GCCATTCCTCCAAGGGTCTG,247
TCAACCTTAGCCTAGGGGGA,144
CATCTAAAGCTAAGCCTCTG,141
TTAGCCTCAACATTCCTGGG,151
GCCCGGGATTATGATTGATA,139
AGCGGGGCGGCGGGCGAGAT,139
AAGGGTGCGACATGGGTCAG,132
GTCCTCTTAACAGAGAGACT,178
AATCCCCTGCCCTGCGGCCA,155
AGATTCAAGATTGAGTTCCA,138
TAAGGATGACGGGGGGGGGG,93
CTGCTTCAGTTCCTGCCTCC,126
TAGGGTTTGTGGTTGAGGCT,138
GATTGGGGGTGGGAAGAAGC,116
ATTGGGAGTAAAGTCTGATT,162
TATACCTGCTGGGTGTTTAG,133
CTCTAGCAGATCATCGAAGC,152
AGGCATGGGCCTGTCCACCA,168
AGGGGACAGCTGTCTCATGA,138
GAAACACATGCTTTGCAGAA,175
AGTGAGCCCAGAATTTCAGG,142
AAAGAGAAAGAGAAAGCAAG,135
TCTGGCAGGAGGCCTGGTTG,133
AGAGGCATGAGGAAGGATGG,130
CTTTCCTGGTGCGCGGGGCT,137
GTCCCTCCTATACTTGGGGG,161
CCTGAAGGTGATCCGGGATC,170
CAGGCACTGTGAGAACCAAC,134
TTCAGGATTTGCGGCTATAA,89
AGTGTGTGACATGCTCCCGA,162
CAGTGATTGCTGATGCTGGA,161
AGCATGTCACACACTATTCT,154
AACCGTCGCCCCGAGCCGCC,177
GTAATTTGGGGAATTAGACG,152
ATTTGGGGAATTAGACGTGG,171
CACTTTGTAGTGCGTGAATG,134
TACCGGTCGCAGTCTAAACA,75
CACAAAGTATTAAATGTCAC,150
TATAAAAGTCTAAAGTTTGA,91
GGAGTTGGCATTGGAGCCCA,118
GCCATCCTCAACAGAGACTT,138
CTGTCTTGCTTAGGAACATG,132
TAGTTCTCTGGCTTGCAGAG,107
GGATTCGAGGTTCTGTGACC,127
CCTAGGCTTTCATCTGGGCT,163
GTCTCCTCAGTTGAAATAAA,111
AGTACCCTTCATGTCTGCGT,163
TGTGAGTGCCGGGACTAACT,133
GACATGACTCTGAGAGAACG,171
ATCAGAGGATTCTTCTCATT,102
AGTCCAAAAACAACAACCTG,118
TCCACCCCCCCCCCAAAAAA,89
GTGTGTGTGTGTGTGTGTTG,100
GAGCCTTTGCAGTCACTAGC,129
AGATGTGAGGAAAATAGTGT,127
TGAGAACCTAAATAAACCTC,116
CTAGTCCAGCACTGGCTGGT,134
TGGACAGGGGTTGTGTTCTG,95
AAAGAAATAAATGCAAAATT,136
CTGCACATTAAAGCAGTCAA,161
ACATTAGATATTATGAAGTA,126
ATGAAAACCCAGAGCCTCTG,174
AGGAAGACAGGAAGAGTAGG,181
TCAGATGGAGAAGAAAAGAG,76
TTGACCCAGGCTATTAGTGG,99
AGGAGTTGCTGCATATAAAC,109
GTCAACGCAAAGCTCCTGAT,111
CTGATTGTAGATTCTCAGGC,107
GTCAATCACTTTAGCAGTTG,145
GGACAGGTCGGTCTTGGTTA,143
AGATGCTACCAGTGCAGCCA,125
CGGACCTCGCGGTTGTGCAC,114
GTCGAAATTATACTACAAAG,162
GCAGTGCAGGGCAGAATGAG,162
TGCCTCTGCTCTTGGTCACA,162
TGCCCTGCACTGCTTCTGCA,138
TTCAAATCCCAGCAACCACA,140
CTTTAGGTCTTGAGTCTCAG,117
GTACAAGCAGGGAAGGCCTA,127
TGGTGGCCGTTCTCTCCCTG,118
CGTTGAAGATCCTTGAGGTA,88
AACATATCGTTTCCCCATTA,132
GGGCGTTTATGGTCCTGGGG,148
TTTCTAATCTAACTGCTTTG,132
CAGGTGGGGGCAGAGATGGT,135
CTAAGAGGTCCGGGCCGTCC,102
ACCCAGAAGAGGGTCAACCT,131
GCCTCTGTTCCTCCTGACTA,219
GTGGTTTAAGCAGAGGACAC,101
GTAATTGTGACCCTGTGCAG,213
ACATAGACTTTCACAAAAAC,116
CCCATCTAAGCAAGACGTCA,204
GTGCAGGGCCTTCCCCAGCA,153
TGCTTAGATGGGCAAAGTCC,140
TGTTAACCCTGTTCACTTTG,124
TGGGCTAGGGTCAAAGAGAT,86
TTCGTCACCCTTCCCGCGGC,90
TCACAGAAAGAGACGGAGGC,96
TGCTCAATCACTCTCAACCT,125
ACACAACCTGACCATAATCA,161
TTAAGGCCCTGATTATGGTC,135
TGCTCAGCACAGCAGAGAAG,132
GAAGGAGACTGGGGCTTGAT,116
TGGATTCTTCCTCTTATTGC,75
ACCCAATATCTCCCTACAGC,173
GTGTGCCTATGATGCTGGAA,142
TGTGTGGGTTGAGAGGCTTA,147
CTGGGTTGGTAAAGTGCTTG,90
GGAGCAGGAGCGGCTAGCAA,140
GCTAGCAAGGGCAGCAGATA,175
CTGCGCCACACGGAAGGAGG,93
GTTTGCTGAATGAAGCTCAC,169
GTGCAGAGATGAGAACGCAG,116
CAGACCTGCAATGGTGGAAC,133
GAAGCCATTTGCTTTCATGT,148
TTGCACATGCTTGCGAGGAC,145
ATCCCTGCCTTGAAAGGGTC,216
GATCTAAGAGGGAAAGGAAA,116
CTTTGCAATCTTCTACAAAG,167
CGACTCTGCCTCCCTAGTGC,169
GGAGGAGGAGGAAGTGGAAA,182
TATAGTTAGTTGCAGGGATT,162
TCCTGCTTTAAAGGCGCACT,132
TGAGCCAGTCTCTGTGATTT,127
AAGCTAAGAAAACAAGGAAT,176
AGAGATGCCAAGTAGGGACC,122
GGAGGCAGAGATGCCAAGTA,122
CAGTGGAGGGATACGGGGAA,118
GCTAGAAACAGAAGGGTTAG,147
TTGTCTGTTTAATGGAAACA,86
AAGGTTCGCTGGGACCTCCT,205
GTTGAAGAAGCTTCTTTGCT,181
GATCTGGGAACTTCAGAAGG,138
AGTGTCCGACTCGCGGACCA,176
AGTCTCCAATACAAGTGAAA,124
TTGAGCTTTGGGGGATAAAG,159
CATGTGCCATCATGATGGTT,182
TCCTGGCCTAATCAAGTGCT,139
AGGGGTAGCACGTAGTGTCC,161
AACTATCTTGTCCACAGCAG,147
AAGGTGGGGTAGGACTGTCA,125
AGATGGAACTTCAGAGGGTC,134
TCTCAGAAGGTGTGTGAGAA,129
GAGATGAACAGCTCTAGCAC,95
GCTTAGGCCTTCAGTGTCTC,157
AGCTGTTCATCTCAATGCAA,146
AGTACTGAAAGGGCTATGTT,217
TTAAGAGCGGGCATGAGACC,132
TGTTCCTCGTGATTTAAGAG,127
ATTCCCAGCACCCACCCACA,181
GCAAAATAACCACACGCATT,138
CTCTGTGTGTTGTTGGAGTA,114
GCTCAGCAGGCCAGAGGCCT,134
GGGATAGAACCCAAGGCCTC,100
CCAAAAACCAACAAAAAGTC,145
GCACAGTGGCTAACACTCTG,139
TCACTGAAGCCTGGGATTAA,124
GAGGGACGGCTTGTACATGC,145
GATGACAAAAATGACCAACT,149
TGTTATAAACCCAATTGTCT,113
GTGCAACAGTTGATACTAGA,123
AGTTGCTCTCTGACCTCCAC,118
TGGTGTGAGAATGTTATCCT,142
GGGTCCCTGGGATTGAGCCC,152
GGGCACGCAAGGGAAGCGAA,154
CCTCTCTGCTCCTAGGTAAG,169
TGCGCGCGCTGCGAGCGCGC,59
GCCCTTCTTATGGTCTCCTA,196
CCCAGTTCTCACCATCCATG,163
ACCCTAGGAGACCATAAGAA,155
GCTTGCTTTACATTTCGACT,172
AGAGGTCTCCTTCATACCAC,180
AGCAAGCTTGGTAGGGTGCC,130
GCAGGCAGGTCAGGCAGGGC,116
ATCCTTGATAAGCAGTAGGA,226
TCCTTGATAAGCAGTAGGAA,189
CAAGGCTAGGATGGATCCTG,177
GACTTTCAACCGTGGGTTCC,125
AAGCAAATGGACAGAATGCA,138
CATCCGGGATTCATGGACTT,171
GTGTGCAAAGAAAGGAAGGC,80
GAAGACCCAAGACGCTCTCT,124
GACATTCTTAAGGCTTGGAA,155
GACTCCTGCCCTGAAAAGTA,161
GGGGCACTGTATGGGGAAGA,113
TCCTTGCTTGGGGATGGGAT,135
TCCCATCCCATCCCCAAGCA,121
CCACCTCTAGTGAAGCTGCC,138
CTATCTGATGGAATTTATGC,113
ATTCAGGGAGTTTCCAATTG,151
TTCTGGGTTTGAGGCCAGCC,117
ATGTCTAAAAAACATTTCAG,204
CTACAGCGTTGATAGAACAC,121
AAAACGAGGTGCGTAAGCTG,194
CTCCTGCCTCTGCTTCCTAA,142
GGGCTGTGATTTAAGTTGTG,118
CATAGCTGTTTGGCAGGGCC,136
AGAAACGTCTAGTGTAAAAG,120
GGCCAGGGAGAAACCAGAGC,150
AACGTCTAGTGTAAAAGCGG,146
TTTATTCCATATTGTTCAAC,140
GAAACAAAGCTTAGCAGGAG,176
TGGGAAACAACTTGCTCTAT,90
GGGCACCTCAGGGGAAACTG,155
TGGGGTGGGAAAGGGGAGAG,98
AACTGTGCTTCAGCTGGACC,193
TAATCTTCTTGCCTGGGGGC,128
ATCTTCTTGCCTGGGGGCGG,110
TGAGTATAATACTCTCATCT,79
CTGTGACTAGCTCAGCTCTG,148
GGGTTTCATGGATGGATGGA,187
GTTTGTTTACTTATTGAAAC,104
TGGCTATAATTCCAGCACTC,68
ATGACCTGGGTCTGGAATCA,213
AAAGAGCCGCTAATTATAGT,183
GGAAGCGGGGCAGAGGGAGG,140
AAACAGGAGTTCACATACAG,118
TCCTAGTCTATGATGGGCCT,124
AGGCCACAAAGAAAGGGGCA,102
ACTCTTAGGGCATCCTTACC,172
GTAGCTGGCCATGTGGGTGC,128
CTCTGAACTGCCGCACAGTG,100
GATGAGGAGGCTAAGACTCG,159
CTGCCCTGTCTTTCTTCAAG,200
ATTCCCTCACTAAGCTGGGC,181
ACACCCTGCCCAGCTTAGTG,200
GTCTGAATGTTTGGAAAACA,120
ACTCAGTAACCGGGTGACGT,156
GGAGAATAGTTGCTGGCACA,168
TGAATTTGTGTGACAAACAG,66
TCTGCTTGCTGAGAAGATGA,180
AGAGACCACCATCACTGAGC,140
TGGCTCACAACCATCTGTAA,160
ATAATGAGGGCTGGAGAGAT,156
GAGTGCTGGGATCAGAACTC,139
TGGAGTTCTAAGGGGGGGCG,136
GAGAGGGGAGAGGAGAGGAG,156
ATACGGAGAACATGGGTGCT,108
ATAGCTCAAAGTTAATATGC,193
TAAGGACTGTGAGATTCTAT,110
AATTGTGAAAGCTACTGCAC,190
GTACTCTTGAGGATAGATTT,115
ATAACTAGATTGCATAGTTT,165
AAGTTGCAAGCAAGAGATCC,187
CCAGTGTACTGCAGGAGGTC,154
CTGGGAGCTCCAAGAGAAGT,123
GCTCAAAGGTGTTCTGAGTT,200
GGAGGGGGCAAGTTGAGAAA,133
GAAATGGCTTCAGAGGCTGA,120
TAATCTACAAATGCCACTGA,118
CATTGAGCATGCTGTAGCCC,114
TGTGTGATTTACAGAGGGAA,116
CGTTGCAGCAAAGCAATTGC,135
AGTTTCGAGCCAATGCACAG,129
AGCCTTGGAAACTTGGTAGT,227
TTCGAAACCTAGGCCTCCTG,108
GTCCTCGAAAAACAGACAAA,164
GGCAGCGAGGAGAAAAGCCG,149
CTTTCCCATGTGTTGAACAA,162
CGCCATGCTATATGTACCTT,102
CACATGGTATCCTATACCCT,149
CCTGGGGGCTGATGGGAGCT,140
AGAAGCCATCCCTCAGTTAG,170
TCCAGAGGGACTGAGCAGCA,112
CACAAGATTAAGACAAAGGG,83
ACAGAGTGCAGGGGCTGCCT,124
CAGGCACATGGTTTCTAGTC,130
GAAGGAGTAGGGAGGGACTT,237
CATGACTTCTGAAGAAACTG,166
CTGCTGCCAACTTGGCAGAA,163
TGACGGAGAAACTTCTAGCA,90
GCAGTGATTGATTTAGCTTA,111
GCAGGGGCACTAGGTTTGGC,144
ACAGTCACTAAGTCAGTTGA,168
TTACTAGAAAACTCTCACGA,149
ACTCCTCCCTCCCCTCTTAC,93
TTAGTCCCCAGTAAGAGGGG,123
GGTCCCCCGACTCATCTAAA,140
CATCTAAAAGGGAACCCAAG,111
GCTCACTTGTCCAGGCCCAG,145
GGGCTAGGGTGGAAGCAACT,143
AGTAGGTCAGTCCAGCCTCG,185
TAGGCACATATCACAGTGCC,104
CTTGGCTCACTCTTGCTTTG,147
CTATGTAGCCCAGAATAGCA,128
TCAGCATTACACAGGGAATG,136
TCAGTTTGTGTTTGCCAGCA,143
GAGCTGTGCAGGGAATGCCA,164
GCAGAGCCTTGCCTGGGGCT,112
ATCTCCCATTTGTGATGGGA,224
AAGTGTAGCGCTGGCCTTTC,167
CACTCACATACATTCTGGCC,202
CCCAGGAGCTCTGCAGCTGC,84
TTTGTATCAGGGCAGCTTTC,138
GGGTGGTGGTGGTGTCATAT,117
CCCTGTCTCAGAGGGGGTGG,181
TTGAGATCAAAAGAGCTAGT,156
ATGGGCAGGCATTGGTGGGA,121
GATAACACATTTCCTAGATG,171
CCGGTGGGATGGAGTAAGGA,134
GCAGAAGTTTGCAAGGAGTG,233
GGATTTCGCAGAAGTTTGCA,163
ATTGCTCCATATTACAAATG,165
TTAAGTCGTGGCCATCAGAT,105
TGAAGTCACTGACCCCACAG,110
GATTCAACCCTCCACACAGG,179
GTGCACATGGAAATGACTGG,82
AAACTTTCAGATAACCACTA,122
AGGGTGCTGGCGAGATGGCT,217
GCTAGCAGGGATGAGCTAGT,205
ATGAAAGTTGGGTGGTTGGA,160
ATGGGTGGATGTGTGGGTGG,200
GGTGGGCTGGTGGATGGGAT,104
GAAACAAAGAAGTTACCCTG,181
CAGAAGGAGAGGAATAAGAA,91
GCTCGAGAATCTCCGGTGCC,203
AAAAAAAGGAAGAAAACCGG,99
CACTCCAACCGTTTCCAACT,156
TCTTTCCCTGTGAACAGTTT,145
GCAGAGGTTTGGGTGAGAAT,99
GTGAGAATGGGATTGGATAT,129
TCAAATTCAGAACTTAGTTG,113
CAGCCTCTTGCGAAGGGCGA,146
AACCACCCGATGTCACCACG,238
ACGTAGTAGCTGGGGTCCTC,114
CAGAGACAAGTGTTTCTCAG,136
ACCTAGGACTTCTGGAGACA,138
CAGGCCACGGGGACAATGAT,132
GAAAAGAAATGGCAGGCTTC,145
GCACGGAAAAACACAAAAGT,148
GTTGGACACTGCACGGACAG,191
GATACCACGTTAACATGATT,91
CCAATCCCAAAACTGCAGTA,122
CTGCGCACTCGGGACACCGA,153
CACTAGTGGAAAGTAAGATG,162
GCAAGAGTCTACGTAAGTTG,104
CGAGACCCTGTGTCTGCCGA,79
AAGTTCTTTAGTCACCCGCG,127
AGGGAGATATACACGGGCTC,123
GAAGTCTAGGGCCTCTGTGG,133
GCTAACTCTCCAATTGGGTG,142
AGAGAGTAGCAAAGACAAGT,126
GAAGCCAGGCATCCCATATT,187
GGACCAGCTGGCCTGTCTAT,182
CTCACCTCCCCAGCCTATCT,161
GAGACTAAGCCAAAAAGCAA,121
GAAATCCAACATGGAAAAAA,99
ACTGAGTCTCAGCAGGGTCT,179
TCTGCCCCCAACCCCTGTGC,131
ATACCAGACTCTTTGGAAAC,161
TCCTAACATGGGTCTCCCTC,150
GATATAGGGCACCCCCATTG,134
TGGAGCGGGCAGGAGTTTGT,102
TGTACTCAGAAGGCAGGTAC,121
TTCCCAAAAGACAGCTCTCC,121
AAAAACTGCCAATTTCTTCC,149
TCCGGCTTATTTATTCCCTG,109
TTAAAAATCCCCTAGTTAGC,150
AGTGTGTCGTGGGCTGCCAG,128
TATATTTGTGGTAGGAACGA,115
CTGTCCAGAGTGTCCTTGTC,90
AGGCATGGAGGAGAGAGAGA,172
CCCTGTGGATGACAGAAGGC,193
TAAAAGCGTTGGGAGAAGCA,106
CTGAAAGGAGCTGAAAGGAA,91
TTCACTAACTCAGCTGAGGC,114
CGTCAGATGAGAAGGGGGTT,103
AGTTCTTCTGAGTTTCCAAA,116
GAAACAGCCTCAAGGAGGTT,157
GCACTTAACTATATCACATG,164
GACGGCCAGGGTGCTGTTAG,134
GAACAGGCTCTACCAGGTCT,114
AGGCCCACCAGAAGCACACC,157
AGGCCGTGCTTACACAGCCA,184
AAGGATGTGGGGTTGGGGGG,166
TGGGGGGGGGGAGCTAGGAT,71
AGGATGTGGGGTTGGGGGGG,291
TTCAGTTTGTACACGGTTGT,129
GAGGGAGTCAGATCTCATTA,160
CCTCCTAAAACTGAATTATC,169
GATCTTGATTTGTGCCAAAA,167
GTAGGGACTGAACCCAGGCT,164
TGCCAAAATGGTAGGTACAT,107
AGACACAAAACCCAACTTCC,174
TACAGGCCTTTCAGATGCGG,128
AAGAAGAAGATGACGACAAA,89
TGGGCACACTGTATGTGCAT,102
ATTTGGACAAGCTTCTCAAA,158
CCAGGGTCTCTGTGTGGAGT,167
GGCTGCTGAGGCCTAAAAAT,135
AGGCGAATAAACCCCAGGAC,100
TTGTCTTACTGTCCATTTGT,99
TACTTAAAATCTTAGGCCTG,118
CTGGCACCCACTGGGGAAAG,130
TTAAAATCTTAGGCCTGTGG,122
CTCCTCTCTGCTGGGATCAC,145
TTAGTCTCACGCCCTGAAAA,110
ACGTTCTGACTGCGCGGCGC,151
CATTGCTGGGAATTGAACTC,154
GGAATTGAACTCAGGACCTC,155
CCCCAAAAAAGCAAAGAAAA,119
TCCCGTGAAAAGGCTCCCTA,111
TAAAAACCTTAAGCCGCGCA,67
AAAGAAACAGGTCCAGTCTT,126
TGGTAAGAATGAGAGTTGGC,129
CAAGAAGAAACTCCTATTAC,148
GTGTTATGCAGGGGTCAAGG,109
TTCTGAAAAGCCAGTGGGAA,159
TGCCTCTGGTGGTCTCTATT,99
GCTGCAAAGTTCCCGGGAAC,139
GTATCCAAAACATCACTTTA,165
TTGGATACAAGAATTGAGAC,163
GTCTTCCTTATGAAGGGAGA,174
CCACTCAAGAAAAGATACTA,173
TCAGCGACCCTCCAAACCGA,104
GAGGGAGTTGCCATGATAGG,145
GGAATACGCAATAAACTTCA,170
GGTGGTGGAATATGCTAGAG,107
TCCACAGCAGACCCTCCACT,186
GGGCTTGTTGCCTAGTTCAA,156
TTGTACAGCTATGTAAAAAG,187
GAGCAAGGGATTGGTCTGAA,125
AGGTTAATGGATGGCTTTCT,173
TTAGCCACAGAGCAAGGGAT,236
CTTTCTTAGATTATGGGGAC,139
ACTCAGATAGAAAACAGAGA,116
AGGGGTTGTGCTTGGTGATG,144
TGGTGATGGCCACACTTAGG,129
AGGGAGGATATCTTGAGTTT,94
GCCAGACCCTATCTCTCTAG,98
ATGGTCTTGGCATAAGAAAA,220
ACAGGCGTCATTTCTGAAAA,126
CCTACATCTGGAGCCCTCGT,111
AGCAGGGGACAGGGAGCATA,116
TAGATCGGCTTCACTACTCT,136
CCACGGGTCTGCACTTTACA,117
GTGGCGGGAACTCCTGGAAC,122
CGCACGCCGCTGTAAGGCTT,100
CAGACTCCCAAGCCTTACAG,113
ATTGCAAGGTCTGATCTTCC,195
GAAGGAGACCGCGTAGAATG,191
TCTGTCCCGATGCTCTGCTG,172
GAGAGTTCAGTCCAGGGCTC,206
AAGAGATACCTCATTGGTTA,156
TTTCAGTCTCAAACCGAAGA,148
GAACCACCTGATGTAGGTGC,206
GTGGTCGCAGGTGCCTATGG,174
AGTTATTGAGTAAGTCTATG,194
TTCTCACACTTCCTCACGCA,133
CACTTGTCTGGGAACTGGCG,138
CGAGATGATGGTATTAGAAG,97
GACCATCTTTAGAATCTCAA,106
CAAGTGGTGAATAAAGCTTT,120
GGAAGGCCAAGACGAGTACA,122
TTTGTCTTTACTGCCGAGTA,139
GACCCTCCAAGGAGGCCGCA,178
TGGAAGGGCCAGGTGGAGCT,109
TGGTCTCTCGGGACACTTAT,99
GACACTTATGGGACCTTTCC,164
AGAGTGTTTACACTAGGGAT,108
TCTGCCGCCTTATTAGGAAT,142
AAAGATTAGGAGCGGCATTT,156
TGTCAACACTGCCCCCTCGG,124
AGAAGTTGCTGGTGGCCCCA,111
AACCTCTATATGCTATGGAA,204
AGAGTTTGCCCAGAAGTTGC,153
TCCGGATCCTAGGAAGTCAC,133
ACTCAGGGCCAGCCCCTAAC,168
CACACCAGGCCAATTACTCG,142
TCAAGGGTATAAGTTTCAGA,166
CCAGGAGATGTGGGTTTGCC,166
TCCTGGTATTAAAATTTACC,135
GTGAGCCTTCATCTGGTTGT,144
TTTAAATACAAAACAGAGAC,160
GGATTTGAACTCCAAACCTT,115
CTTAATGACAGGCGGCTGGG,116
TTTCTTTGCGTTCCCGGAAC,159
ATGAATGCGCAAAGTCCCTG,124
TTCACTGATAATGTGAGAGG,117
CACGAAAGAACAAAAAAGAT,116
GCAAAGGGATGCATTGCCAT,151
GTCTTTATTAGGACATCCAC,140
AAAATGCAGGTGCAGGATAT,104
CTGAGCTGCAACATATCCAT,134
TTAGGAGGCATCTCTACTGT,135
GAGCAGCAGCAGGTGTTCCG,197
CGGTAGCTGAAGGCTGAGGC,106
GTGACAGGAATTTACCGTTT,104
TGACGCGTGGGGTGCGGTGA,85
GTGAACCGCAGGTCTGAGAA,140
TTTCTCCCGCTATTCTCTGA,136
GCAACTCACCATAAGTTACC,150
CAGGGCACAAGCAGCGGTCT,125
AGGGTCAGAGCACGTTCTGA,146
ACAGGGGGTGCCCCCATATC,168
GCTGAATAATCCGGATATGG,178
ATGGTTGTGAGATCCTAGAT,177
GAACAATGACAAAACTCAAC,118
GGGTCCCCCGCAAACGCAGC,133
CCCAGGACCTTTACTTTGTT,153
AGGTCCTGGGACACAGAAAC,124
ACACTTCTGAGAAAAGAAAG,187
GCAAGAGGACCACGTATTCA,166
GTAGTAGCCCAGGCTGTCTT,136
GCAAAGCTCACGGGTGATGA,146
CACAAAGGTTGGAGACCAGC,152
CTAAGAGTGTCTAGGGACTG,148
CTTGGCTCATGGCATTCTCT,187
AGGCTATGATGCCAAAGCCT,131
AGATGTGGGCCAGGCTGGAC,130
TGCCAAAGCCTTGGCCAGGA,180
CTCTTCCCAGTGACAGGAAT,0
ACTGGGAAGAGAAGACTATG,210
CAATAACAACAACTATGTGG,133
CTATGTGGAGGCTGGAGAAT,126
TAGAACTTGATATGTAGACC,103
AGAATAAGGAAGACAGACCA,110
TCAAAGTGTTTCCGGCCCTT,132
TTCTAGACCCAGGTAAGTCA,132
TAAAGTGCAGGATCCCCGGC,100
GCACTTTATCCAACACGAGT,311
ACTCGTGTTGGATAAAGTGC,311
GCCAAATTCCCACTTCTTTA,131
TAACTGTGAAGGTTAGACAC,83
AATCTTTCTAAGAAGTGAGG,163
CGAAATCTTTCTAAGAAGTG,83
CAAAGAGGAACCAGAAATAA,149
GCTTACGTCATGTGTCTCTC,211
AGGGCTAGACTGCTCACGGT,140
AGATACCACTAACTTCTGTG,144
GGAGGGGCCACTGATGAAGC,161
AACTTTAACCACCTTCATAA,101
CACCTTCATAATGGTGTTAA,111
TTCGCCTCCCCTTTGTCCTG,156
TTATTGGTAATTGACTACTG,121
GATCCTTCTAATCATTTCAT,138
GGAGGTTTAAGACAGGATCT,125
GAAGGGACTCTGTGAGTTCA,220
CCTCATTCTTCTTAGTGCTT,181
CTGGGAACGTTCCCCGCTCC,79
TCTGCTACTTCTGCTGAAGG,145
CGAAGCACTGGGAGGCAGCG,144
TCAGAGGACACTTTCTGGCT,117
ACAAGTATATCAACCAGAGC,127
AGCTCTGGTTGATATACTTG,158
TGCTTTCTGTGCTATTCATC,178
GGTGTGTCTGTGTGGTTGGT,154
TCACCACAGTGGGTGGAGGA,154
ATATATATGGCTCACCACAG,132
CATATATATCTTTGAGAGGC,123
CTTCCTGTTATGTGTCTAGC,136
GGCCTAGGAATGGATCTACT,133
GGGTGGTGACTGGGAAGAGA,110
TTGCACTCTTCATTTAAGTG,88
AGGGCTTGGAGGTAGAATTC,136
TTTCACAAAAGACAGAAGAA,133
CTGGAAACAGAAGCACAGAA,136
GTCTGAGGGCTGGAGGACCT,193
TGTTACAGAAAACGAAGACT,140
GGAACTAAAGGGCAGAGGAT,103
TGGATGACTTCATGACAGGC,121
GGTATGGGGGAGGGGGCATT,157
TTAGTATCTAAGTTGCGATT,112
TAAGCCCGAGGGGCATCATT,138
GGTGAGGTTCGGACGGAAGC,116
TAAGAGAAAGATTTGGTACA,112
TAGGCTGGATAAAAAGAAGT,139
AGCCTAATTCATCCTTACCT,149
CATGTTCATCAACTAAACTC,174
CAGAGTTTAGTTGATGAACA,178
ATGAACATATCGACTGTGCT,134
AACACATCTCAGGGGCTTTG,140
TGTGCCCCGCACAGCTCTCT,191
GGAGGTTTCACAAATGTGAG,170
TAGACCTCTGTACTCATCTC,135
AGATTATGAGGTGATTGTTG,151
GCTCTCTGCTTTGTGTGGTT,177
GCTGATTCCAGGGCTGTGGC,106
CCCCCATAGGCTCGAGTTCC,137
GAATGCTGATGCTTATGTCC,169
CTCGCAGCATCATTGTTGAG,66
ACAGCCTAGGTGCTGGCCCT,192
CTCTTACAGGCAGAGGACAG,124
AAGGGACTGGAGTCGGGGGA,150
GCAGAGGAAAGGGTGGGCGG,170
AGGAAGGAAGGAAGGAAGGA,128
ACAAATGAGAAGGGGAGAAA,142
ACGGAGACAGTAGAGAAAGA,160
AAGTGAGAGAAAGCCCAGCC,164
TGAAGCAGGGCATAAATCTG,113
ATGATGGGGAGATGATTCAG,208
TCAGGACCCTCAATCTCCTC,124
CTGAAGAGAAGGGGGGCTTG,153
ACCGGCAGAGGAGATTGTGG,198
TGGATGTCGCTCAGGATTAA,139
CTAACTGTGGTGCTGGTTTG,167
GGATTAAGGGTAGCTAACTG,153
GCAGGTGTGCGGTCCAGCCT,233
AATGGTTTACAAACATTTCT,140
GATCTGGGACAAGGCATACG,134
AGGCCACTTATTTACAGCTG,77
AGAAGTGTTTAAAGGTTGAC,131
TGCTTGTTAAAACACAGTGC,96
ATCTTGTCTTGCTGTATTAA,168
CTGGTGCCCATACTGATCCC,120
GGGACACACTACAACTGGCT,167
AGAGATCTTGTTCAGTGTTG,177
GCCAACTCCCGTCACTCCTT,163
ACTGGAGAAGTGCATCGAAG,183
CTTAAGACTGCCCATTCACC,131
AGGGTCAGGGAGAAAGCATG,121
CATCCATGGGATGTGTTCAG,140
GTAGATATAAGGAAGAGTTG,132
CATAGCTTGACTTGAGTGTG,170
AGATGATGCTCACTGCTCAT,143
CTCCATCCCATAGTCCTCTA,153
CGGTTAGAAGACGGGACACA,84
ACGGCCAAGATGGACGGCCC,141
AAAGAGGCTCATTTCAGGAG,165
TCCTAGAAGCTGTTCCTCAG,135
GAGTCTAGATGTTTAGGGTC,136
GCAGAAGAGGCAAAGCGAGC,125
GAGCAGATGTGTGAATGGAT,165
CCTCACATTTAACCGTATTT,134
AGAAAAGAAAAGAAAAGGAA,87
TTGGGGTGGTTTGTATCTGA,119
CTTAGGGAGCCATTTGCGGA,123
AAATGAAAACAGGTTTCTTT,143
TGGGCCACCATCACCAGACT,106
TGTATCTGGGAAGCAATTAA,155
AATTAATGGGATTTCGATCA,180
AGGCTTTCTCTGGGTAGCCC,107
AGCACTGGGGTGGTAGAGGC,166
TTAAAAGCCCCCAGAGGCTT,177
ACTCACTCTAGATACCAGGC,217
TTAGGGAGCCATTTGCGGAA,112
ACAAGTGTACATGTCGGTAC,204
TGCATATATACATACATTAC,74
ATGCAAACAAGTGTACATGT,165
TCCACCATAACTCAAGCACT,125
CCACAAAGTGGAGGGGAGTG,178
CTTACCAGCTGTCCCTAAGA,170
CCATACACACTGCAAGGGAG,159
CACAGTGTAAGAGGGCACAG,156
GCTATAATCCATCAAAACTC,90
AAGCCCAGACCTGATGCATT,204
AGAACCTAGACTCTCAGTGC,136
GAACCTAGACTCTCAGTGCA,166
ATTTGGGAGACAGAAGCAAG,106
TGTGTAGCCCTGGCAATCCT,136
ATAGCTAGAATTTCCAGGTC,105
GTATCTCATGCATATTCTCT,93
TTCATCACACCCCAAGTGAG,110
GGCGTGGAAGCCCCTCACTT,138
CACCGAGATCGCCCCGATCC,122
GACGGCCTGTACACCGTGTT,184
TGTAGCCAAAGAACGACCCC,119
TTATAAGAGTGTGCACTCAT,198
GGTGTGGAGTATTAGGCCAA,146
GCCATTATAGTTGGCGCTTT,168
AGCACTCAGGAGGCAGAAGC,135
GGAAAGGATGGGGCATTTGG,123
AGGGGTGAGTTGGGAGGAAG,82
TGGTTGAATCAGGGTTGTTA,97
AAAGCGAAGGGACGGTCCGT,200
AACCCGCAAAGGCGCTAGAC,133
CCTAAAATGGAGGATTTCGT,186
ACCTGGATCCCTTCTGGAAA,145
GCCCTTTCCAGAAGGGATCC,127
AGGAAGAAATCTCATTTCTA,130
GTTGTCATTCAGTGCTTTAA,165
TTACACAGGCACTGCACTTG,91
AAGTGCAGTGCCTGTGTAAT,167
ATGCGATTAAAAGTCCCTTT,165
CACCACCATTCCTTAGCTTT,157
GGCCTTGGGTGTGCCCCGAA,196
CCAGCGCTGTACCATCAGTA,147
GTGCGCTTCTTGTCATTAAA,176
GTCTGCCCTTGCCCTAAGGA,95
TGTCTGCCCTTGCCCTAAGG,150
GATAAAATGGAAAAGCAACC,161
TTACTTTGGAATCGCCTGCT,145
TTTGGAATCGCCTGCTGGGA,127
CACATGAGGAATTGTATTAA,118
ATTTCGAGGGGAGTAGGGGG,132
AAAAAGATTCCTATAGAGTA,117
ACTTTGTATGATACAGATGG,147
GAAGAGGAGGGGTAGGAAGG,159
ATGCGGGCAGAATCGACGAA,112
GGGGGGGGGGTAAATGAGCT,125
CGAGAAACTTCCTCAAGTGA,76
TGGGATGACAGGCGTCAACT,105
AAACTTCCTCAAGTGACGGG,156
GAGGGCGTACAGGACTACTG,119
TGATGGATATGGGGGTTGGG,96
GGAGGGTGGCTGTTAGCCAT,143
CCACTCTGGTTTCAAGTTCT,149
ACGAGTGGTGTCTTCCACTC,175
CAGCAGTTCTCTGGCTTGCC,118
CTTTAATCCCAGCACTCTGG,106
TACATAAGAAACGTAATTAC,104
ACTCCCTCTGTAGACCAGGC,186
AAGTAATTTCATATGAGGAT,119
AGTTAATGAGGGTGCCCAAT,155
ATTTCATATGAGGATAGGAT,159
CAAGTGACGCGAGCCTGCCC,106
GACAGACACCAGGATCCCAG,184
AGCAAGCCACTGAGCCTGTC,112
TTGCTTAGCACTGAGTGTCC,144
AGGCTGAAAGAAAAATTACA,168
GATGCTTGAAAAATACATCC,196
GACACACCAGAAGGCATTAC,185
GTCTTCAGGCACATCAGAAG,124
GTCCCAAGGGTTAGGAGCGC,140
AGGGACACCGCCGTGATATT,109
AGTGGAAGGCCAGCAGGGCT,142
CACATTGTAGAGCCAGAAAA,152
GACTGTACTGTGAGGGAGGT,318
ACTGTACTGTGAGGGAGGTG,320
AGGAAGGCACATCTCTTGTG,156
GGAGTATCATGAAACAGACT,127
AGTCTTGGCTGACCTGGAAC,207
GTCAGTCGCTAAAACCGAGA,118
AATTTAGTTTATCAAGTGTG,170
AGGACTGGCTTGGGAGGTCC,191
CTAGTGTTGGGGAGTCGGGA,93
CGTGTGGAAACTGATGCAGG,146
GTGTCTCTTCATTTCAGTAG,152
TCTTTCTGCTGACAGTAAAG,168
GGCCAGGTGCCATCGGGGGA,188
GCGAGGGTGAGTGAAAGTTG,159
GACTAGTTGTGGATTACATA,128
TGGGGACAGCCTTGATACTG,137
CTAAATGTAAAAGCTAGCCG,84
TTCTCGGAGCGTCCTATCTA,109
GTACAGCGGGAGTCCCTCTC,147
GAGAGGATGAAGATGATGAT,172
GAGATGGAGATGACTCTCAG,151
AAGGAGCTGGTGCCGCGGGG,167
CCAGATGCAACTCTTGAATA,138
CAAAACGGATTCCACAGACG,132
TGCTTTGTTCCATTCCGGGT,85
TTTCACCCGACAAAGCGCGG,146
CGTGGGTCCCCGCACGATGG,89
GCACGGCCTTCCCATTTCCT,110
TCCCTGGCCCTCCCCGATCC,142
TGGGTATCAAGTATCTGGCA,109
TCTTAACCTGACGATGAACA,155
CATCTGTCAAGGTGTCTCTT,147
AGCAGGAGCAGATAGCACGC,206
CTAAGCCGGGATTTCTGTGA,101
GGACCCGCAGCACAGCACAG,131
TTAGGGCCTAACATTTGGCA,102
AGAGCATAATTCATGGCCAT,130
GACTAGAGTACAGCCGGGCG,192
TCAGAGGCAGGTGGATTTCG,121
CCTTCAGAAGGGGCCCATCA,216
TCTCCTGTTCCAGACCATGT,150
TAGAGATGCTTCTCATAAGA,124
ATGTGAGGTGGAGACAGCAG,186
CACCGTTGTGAGTATTCACA,143
CTGAGGGTGTAGGGAATGTG,122
CCGGTCCCTCCCTTTAACCT,165
CGAGTAATCCGTTGGTAGTC,104
TGTTGCATTCTGGATGCGGA,117
AGAGTGAGAGGTTGAAACAT,140
TCTTCCCGGAACTTCGGAAA,169
TTTGAGATTTCTCGGCTGCT,93
TGGCCTTTGCCGCATCGTGC,150
ATAACGCAGGAAAGCAGGAC,187
TGGAAAAGTCCAGGGATCCG,119
CTATTCACTGTGCCTATTAA,134
AAACCAGCCTGGCACGCGCA,117
TTCAGACGTATCAGGACATG,141
GTACTTTAAGGGGAACTGGC,122
ACTAGATTAAAAGTTTAAAG,138
GAGCCAGCGTGTGCATCTGT,114
CAACTCTCCTTACCAGTCTG,101
GGGGACTACAAAAGAGTGAA,107
GGCACATATCATCAGCTACT,170
GACCTCGAACTTGGACCTGC,168
ATAGAAATGGTGCCCTGGGA,153
GTCTTAAGAATCTTTGGACC,174
CATGCTCAAGTTTGGCGGTA,168
TTTGGAACGGTTGCAAAGTG,125
GGCAGTCGGATCTCTGAGTT,125
CTTAGCATGTCTGAAATCCT,144
CTCAGAAATCCTCCTGCCTC,164
AAGGACACAAGGACCAGCCC,152
GGATGCGGCTCAAGGGTAAG,162
CAAGCAAGGGATGCGGCTCA,171
ATGCTGAGACCAGCTCTACC,157
GACAGGAACGGACAACGCAG,125
TTGGCACCTCCTAGAGCACT,168
GGACATTAACACTTAACCAA,170
AGGACATTAACACTTAACCA,107
TACGCACATAGCCTTAAGCT,128
CAGCTGCAGGGTGGATTTGC,146
GGCAGGGGGTGTCTGGAGAG,177
GCTATCTTGCTGTATCCTAT,98
TTGGAACTGATGGCGAGACG,119
CGGTGGGAGTGGGAGGTCTT,130
ATGGGTGGCTCAAGAAAATG,187
GTCTGTCTAAGGTTCAGCCT,142
CCTCACACCTAGTCTGAGGT,141
TACAACCAGCAGAGGAGCCC,118
GGTGGCAGGAAATGTTTGGC,143
TGCGTAGGCAAACTGCAAAC,100
ACAGCTTGATAGGATTTGCC,205
CTGTGTCGGAGTCTGAGGTC,147
TACTAGACACAGCAACCCTC,167
ATACTTTCCAGTCTCCAGCG,168
GGGAGTGGGGTAATAGAAGG,160
AGAGGCCTCCAGTCTGAGAG,149
TACTTTGACTAGGCCCACGT,78
AGGAGGGATGTTTCTTACAC,139
CTTACACAGGCCATGTCGTC,160
GATTCCAAGTTGGGTGGGAT,155
GCCAATTTCCCATGCTTCCT,126
CCAAGTCCCCCTAGGAAGCA,129
ACGACAGAGTTGTCGTAAGC,124
GGCTCAGGTGTGCTGAGCGA,168
CGAGCCTTCCCAGTACTACC,126
TAAGAACCAGAGACTTGCAG,100
GAAAGACCCCGGCTTCGGCG,148
CAGGGCTCTCGGAACAGGGG,131
ACGGGCGAGCTTTGCTTAGC,127
GGGCTGGTGAGATGGCTCAG,181
GACTGACTTCCAGGCAACTG,182
CAGTCCATTATTATCAAGGT,99
AGGCCTGTAATTTCAGCTCT,170
GGACAGTTCCTGGGGAGCCA,129
GTCCAGGTCCAGCTGTAGTC,110
CTGCTTAGCGCAGCGAAATG,86
TCGGGGCGGCTCACGGGAAA,109
GAACTAAGCACCAATGTCCT,143
CATGTACAAATGGGCAGATG,138
TGTACCTGTTCATGTACAAA,107
TCCCGAACGCTAGACCAGCA,122
CATCCTTCTTGGCCAAAGCC,171
TTACAAACTAGGACAAACAC,114
GCAGCGCTCCCGCAATGAAT,102
CGGACCTGCTGCGGGCCGCA,100
CTGCATACAATCAACCAACC,109
TCTTCTCATAGAGGTAACCA,115
TCTTGGGTCCAGAGCAGGGC,121
TCTGCTTGTTAACCTCTGCT,135
AATTCCTCCCAGGTGGCTGC,199
AAGATGCAGAAATGGAGAAA,91
CAGGGAGTCCAGAGGAATGA,128
AATGCTTTGGATTGAACTCA,185
ACCACACTGTTCTCCCTGAC,193
GAACAAACAGTGGTAAGATG,164
TACACTAAGGGGTTTGTGAA,117
GTCAGGCTCCTTTGGGGCTC,168
AGTCGATTTAGCACCTAGTA,110
AGAATGAGGAATGGCCATTT,164
GAAAACAAGAACAGAAGTCG,128
TTTACAGTTACTCCCCAGGA,128
AGATAAAATGAGAGGGAGAC,105
AATTTCGTCCTCCTTTGCTC,97
TTCGTCCTCCTTTGCTCTGG,115
AGCAGGCTCTGGATGCTGAA,177
TGACATCAGGCAGAGCCTCC,137
AGCGCTGGGCGTCTCCACGC,160
TGAGACTAAGAACTGCGCCT,124
AAGTGTCTTACCACTGAGTT,138
TTCAGGAGGAACTGTATTAA,156
GCGGCTGGTACTCAGTGTGG,119
ACATAGTGAAGAGGGGGAGG,131
TGAGGATTTCACTTCGGGAT,84
TAGCCCCTGCAAACCCTGGA,132
AGACAGGCGAATTTCTGAGT,105
TATAACATACAGGGTCAGCT,99
TTACTAGAAAAGCTGAGTGT,120
GCCTAGCATGCATGAGGCCC,148
CTCCAAAAGCACTAAAGGAA,102
GACCCACACACACACAACAT,147
CTAGAAGAGGAGCATTTGGC,90
AAAAAGGAAAGCGACGTTGT,151
TCTGGCGACTCCAGGTCAGT,105
ATATATGTGTATGTGAATGG,98
ATAAAAGGCTGAGCCTGGTG,155
TCACAACTCCATGCCCATAA,137
GGATGAGGAAATGAATTTGT,156
TTCAGCCAGCTCTTGAAATA,122
TGTGCTCTGTGCCTTGCCTA,140
TTGCCACCACTCTGGCAGCC,90
AGCGACCATGCCCCCTCACT,110
GAAGGCTGAGCTGAGTGTGG,159
TCTCAGGTCTTGTTACCCTT,93
CTTCTGTTTAAACTCTCAGC,135
TTCCTGCTGAACTTGCCAGC,145
ACTTGCCAGCAGGAAGAGGC,212
CACTCGTGGCTAAGGTTCTA,107
CTTCATCCATGGCAAAGGTG,138
GAAAGAAATTCCTGGATACA,173
GCTACGCCCAGTCCGCCACC,102
CCCATAGCTCCACTATAGTA,142
GTGTGGAGGGAGAGCTATTT,130
ATAGGAAGACTCAAGAAAGG,206
CTAATGTGTGCAGTAACCTC,117
GAGCCTAGAGGACAAGGTAT,168
TGAGCCACCACGTGGGCGCT,110
TGTCTGCAGCTCCAGTTCTG,126
TGACCCTTAAAAAGAAAAGT,123
GGTTGCCTAAGAGGAGACAC,243
AGAACAGCCTAAAGGCTCCT,97
ATGAGAAAATCCTGCCTGAC,221
AGGGTAGATGCAGGAATGAA,129
TGGAGAGGGCTAGTTACTTA,149
AGACATCTAGGAACCCAATC,140
GATAGAGCAGCCAGGAGGAC,121
TGTCAAGAGGTAGGAGACAT,138
ACACTTGTGTGCGGCTGAAA,171
CAGACCCAGCAGGAATATTT,104
ATGAGTAGAAACAGAGCCAA,161
TCAAGGCCCTCGCAGAGAAA,132
GAAAAGAAAGAAAAGAAAAA,106
TAGAAAAAGAGGGAGGAGCC,109
CAGGTCGGCGCCCAATCCAC,109
TGGTTTCGGGACTCGGGTCT,120
TTTCAGAGAGATGGCCCCGC,100
TTGAGAGGAGATGAAGCCAC,113
AAAAAAAAAAACTAGAAGCG,63
GCAAGGATGGAAGGCTATCG,176
GTCCTGAAACCCAGTACCAA,95
GGGTAAAACTCTCCCACCGG,132
TATTCTTACTGGGGACAAAA,124
AAGCATCTGGTGGGTTTGCT,206
CATTTCTAGGTGACTGGATC,190
GAGATTTGGTTCCCAGGTTG,178
GGCTGCAGCCCCATTCAATC,107
AAGATGTCAGGGGCAAGCTG,102
CCCGTGCTTAGTGTCCTCTT,158
TGGAGTTAATCGGTAGATTG,187
AATCATGGAAGACATAGAAA,145
GTTGGGAAGGGTTGTATAGA,130
GTGAGGAAGACAAATATACT,97
TATACTAGGCTGGGTTGGGA,81
TTTATTCTTTAGACATCTGT,106
TCGTGAGGAAGGAACAGAGA,121
CTTCTTCCCTCCCTCTCCTC,161
AATCCTCTTCTGTAGAGACC,152
ATACGAAAACGCGAACGAAG,127
TCCAGAGCTCAGAGGCAAAG,151
CTCTCCCGCCATCGTCCTCT,168
ACATCTTTCTCGAAGGTCTT,148
GGAAAAGATTCATCGAAAAG,172
CAAACAAGTGACTTGGGAGG,112
TAGATAGCAAACAACCTTCA,74
AGTATAACCAGAAAACGCAC,122
AGCATCTTCAGGGGCAGATC,123
CTAAATCTGAGAAATCCAAC,123
AGGCAGGTGGGGCTCCTCCA,136
AACAAGATATATTCTCGGTG,195
AGAAAAACAAGATATATTCT,144
ATGAGTCAGGAAGTATGTGA,225
ACAAGTCACCAATACCAGAC,141
TTTCTAAAGGTTTATGGAGG,127
TTTCTGCGCAGCTCTGGCCT,143
TCCTAATTGCTGAAGAGAAA,144
TTGAAGGCAACACGTGAGGC,124
TCAGAAAGCATAAAGGAATT,134
TGAGCACATGAATTCTGTAA,80
TCCTGGCCTCTTGAAGCACT,150
CTGCAGCTGGGTAGGTGGGT,107
TGTTGGACGTCTCGCCCGCG,134
ACAAGACAGAGCACAGCTTT,185
TTAATCTCTAGGCCTCCCCC,162
GCACAATACGATCCCTAAAT,134
TTAATAAGGGTATAAAAATG,125
TGAGTAGAGTGCAAGTACTC,71
ATTAAGTTTCTTCTATAGCC,142
GCTAAACCCGATTCAGGTCC,111
AGAAGAAACTTAATTCAGAA,97
AAGTCACCAGAAATAGTAGC,167
ACTATTTCTGGTGACTTCAG,180
GACTCAATGGACAGGAAAGC,126
GACAGGAAGAACCAGTTGAA,171
CTCAGAAAGCTTGATTAACT,167
GGCCTGAGCTCTCAGCATTC,123
TTCCAGAATGCTGAGAGCTC,176
TTTACATGATGGTGGTCAGA,124
CCCTCATAAGCAGTGCCCAC,177
CATTTGGTTGCAATACTTTC,110
GTGCCCATTTCTAAATCTTG,162
GGCGTCCCGGCTCGCGCCGG,140
AAGTCAGGGCAGCAGTTCTG,192
TCCACCTTTGGTGACCTGGT,141
ATCGGTGTTTGTATAAATTT,154
TCCAGTGAAAACGCAGTCGA,126
TGCGACAGAACTGGCCAAAG,157
CCCTTCCATCAGCTCCCCCG,159
ATACAGTGGTAAGCACTAGG,168
TGGTAAGCACTAGGAGGAAG,103
GATGCAAAATGTGTGCCGAG,164
ACTGGGGCATCCTGACCCGG,149
GGAAATGAGACGGAGGTGCG,248
AAACTTAAGTTGTCCAGAGT,115
CCCAGTAGTAAAAAAAAAGG,144
AGGGGTCAGGGGAGACCTCT,120
GGGGGACCTTGACACCACAG,128
AAGACACGAGTCAAGGCGAC,151
CTTCGGCCTTGGAACGCGGG,166
GCAGGCTGGCCTGGAACTTG,159
TTTAAACACGTTCATGGGCC,145
AGGGTCTCATTCAATAGCGC,93
AGAGACACACAGCCTGTGGT,147
GGAAAAGGGGAGCTGAAGGG,163
TTTGGAGAATCTGTTTCCAT,181
CGTGACGTCAACTCGGCCGA,120
GAAGGAGAATGCTCCTTAAG,140
GGATTTGAACTCAGGACCTT,151
TGGCTGGCGAGATAGCTAAG,132
GTCTTCAGACACCCCAGAAT,145
GGGAGCCACCATTTGGTTGC,172
TACCCTAGTAACAGCCCACC,149
CTTAAGTAATTGCCCAGTGA,141
AAAATAACAATAAAAAGGTA,89
GATCAAGCCTGCCAATACTC,169
GGCTCAGTGGTAAAGAGCAC,115
TGAGATCTGATGCCCTCTTC,121
AGCACTGGCTGCATTTCTGA,165
CTACCCTAGTAACACCCCAG,124
CCCCTCGGACAGAGATCATT,116
GATGGTTGTGAGTCACCATG,177
GTGAGTCACCATGTGGTTGC,141
TCATCCGATCTCAATACAGA,116
GATCAAGCCTGCCAGCACTC,198
TCAAGTTCCATAACAGAAGA,90
TCTATATGTTCACCCTGGAA,180
AAACTTGTACTGGGTGCACG,148
AGAATAGCCAGCTTCAGTTG,126
TACAGTCTGTCAGACATAAA,72
TTGCTATGCTGTGCTAAAAG,133
CTCAATGTCTACTCACTAAA,126
CCTAGAATCTCCACATCTAC,150
GACACAAGAAAGGCACAGGT,124
CCTCAAACACTACATTGCTC,198
ATATTCATTAAATAAAAGGG,110
GTCCATGCCAGAGTGCTGGC,135
GGCTATGCTGTGCTGAAAGG,152
TACCCTAGAAATAGCCCAGC,157
TGACCTGCTGGGCTATTTCT,98
CTGTGTTCCAACCCTCCTGA,134
GTTGTCCACCTTCAGAAGCT,191
TCAGTTCCAGGGACTCACTC,101
AAAAAAAAAAAGCGCGCGGG,75
GGGGTCGTTGCCCCTCGGGG,177
ATCCCTGAAACAGACTTGGG,168
ACATGTACATAATTAGACTT,185
AAAGTCAAAATGCCTGCTTT,182
TTTAGGCAGATAAGCAACAC,184
TAGAGCCTGGGTGGCACAAA,110
GGGTGGGACCATCTCTGGGC,118
AATTAGTGATCAAGGAGGAA,138
TGCACTGTTTAGGGCATACT,149
TCTCCCGCTGTAGAGTTACC,119
GTTCCGGGTGGGGCTAGGCA,121
GAAAAGCACAGGAAGTGAGA,155
GAAATCACATTCTTTCTCTA,117
GAGATATCTGTGAACCCCTG,124
AGGAGTAGCCATGAAACCTA,110
TCTTTGCTTAGGTGGTACAT,133
GGGAAAAACACCAGGGCCCT,142
TTAAAGTTTGTGGTTTAAGT,87
GAAGCAGAGAAGAGGCATGT,185
TTGGACCCACGAAAAAACTG,127
ATGTTCTGGAAGAGTCCTTC,109
AAGAACTGTAGAGAAAGAAC,170
GGTATACATAAAAACATCTG,178
CCTCTGCATTTCATTTCAGG,135
GTGTCTTGCCCCCAGGGTGG,138
CCCGATTCCTGCTGAGATCT,130
ACTTACTAGTTAAAAAGCCT,124
GGCAGTTTCAAAAATTGTGG,134
ATAGGAACCCCATGAAAAGT,117
CGGTGTCTACACTAGAGGAC,97
CCAAACGGTGTCTACACTAG,126
ACCTCCCTATCGCCTTCCCC,162
TCTTCATGCATACCAAAAGA,128
AAACCTATGGGCTGGATGTG,342
AAAACCTATGGGCTGGATGT,133
TACAGTCATAATCATAGGGT,129
GTGAATGGGGACACTACAGA,132
TGGGGACACTACAGATGGAG,93
CGCCAAGCACTGTATAAAAG,89
TTCTCAAATTCTGTAAAGGC,93
ACTTTGACAGAACTGTTTCC,137
AGGAGAGAGAGAGAGGGAGA,101
CGGTGTGATGTTTGGACGTC,98
GTTCTAGAATTCTCACTACA,123
CATGACTTCTGTGTAAACAC,194
TGGCAAGAGAGCTTGGGGAT,97
TATCTTTGAATTCTCAGCAC,112
AGACTCCTTTCCCTCGCGTG,175
AAGGGAAAACAGTAAGTTCC,128
GGTTGCTGGGAAATGAACTC,162
TTCTGACTTCTGTGGGCACC,154
ATACACATATGCACATATGC,142
GATCTTCTTCTGACTTCTGT,183
TTCCCAGCCCCAGGAATGGC,100
AGTCAGGGCCATGTCTTTCC,124
GAGAGAACCGGAAATTTAAA,96
GCCCCTCACTTATATAAGTT,131
CTTCAACAAGACTCCTGGCT,192
GCCAGGAGTCTTGTTGAAGC,356
AGAAGAAGAAACCCGCAAGC,139
AACCCGCAAGCGGGAGGATG,153
ATTCCCGTTCGCGAAGGACG,200
ACTCACTTTGTAGACCAGGC,147
AGGGTTTCTCTTTATAGCCC,121
ACTTGGGAGGCAGAGGCAGG,182
AGTGAGATCAAGGCCAGCCT,145
TCACAGAGCTCTGTCTAGCT,190
GGAGACTCTCAGAGTTCACC,140
ATTGCCATGAATTATTGGTC,189
GTCTCTGAAGGTCTTTGAAA,189
AGACCAATAATTCATGGCAA,95
TCTGGGGGACAGAGGTTTGG,131
TAAGGGACTCCAGAAAGGAA,133
CCTCGCCACAGCGGGAGTTG,199
CGCTGTGGCGAGGGTGCACT,161
GTGGGGACATAACAACTCCA,97
GGCCTTGGGGCCAAGAGAGA,105
TTTGGCATGTTTGAAACCCA,128
CCTTGACTTTGTCCCTCTTG,149
GCGAGGATAGGGAGACTGGT,145
GTCGTATTCACAGGACGTGA,188
AGTAAGCAAATGGGTGCTCC,128
GTCTGTGTTCATATAAGTGG,110
GGCTGCTATAGACTCAGGTC,163
TGGCTGCTATAGACTCAGGT,99
GGGCTTTGCGTAGGGCATGA,140
AAGTTAGTGCGCATAGATGT,133
TCCCTGTGAGAAATGAGTAG,165
GCTCTGACAGTCAGTCTCTT,177
ACACCCAAACCCGAGGGCAG,239
CGAGTCCCAAATCCTAGCCC,80
TAACACCTGCATGCCAGAAG,90
GGTTGCTGGGAATTGAACCC,161
CCCCAAAGGGGAAAAAGTGG,167
AAAGACAAGAGGGGAGGGTG,93
AGGCAGGTACATCACACTCT,124
AGAGAAAGTCAACCCACCCC,154
TCGTCCTGCGATGCAACAGT,119
GGATCTCCACGGAGAAAAAA,192
CACGAGGGACCGGGAGGCTG,106
TGCAATGATGCTGTGGGGGC,80
CTTTACAAACACTTCGTACA,117
AATACTATCCTGGAACAAGA,142
AATAAACAGTGAGAAGCTTG,149
CAATTAAGATCACAATATCA,69
GACTCCTAAGTCAGCGTTTA,141
TGGGAAAGTAGCTGGCAAGA,85
AAAGTAACTGAATTCACTCA,153
CTGTCCGTAACTCCAGTTCT,150
TGTATCATCATATGTATGCC,109
AACAGGTAGAAGAAGGACAT,116
ACTGCTGTAAGAGTGGCAGA,216
GTGCCATTTCTTAAGGTTGT,124
AGTTAACTGCCGAGCCGGTG,165
ATAAACTCAGGGTACAGAGG,181
TGAGATTTGTTATTGTGGGT,121
TTCCTGAGAGTTCAAAGGTT,119
TGTTGAGCCCAGCTTGGAAA,83
GGCAAGGCAGGCAGCAGCCA,195
TCGAATTGTTGAGCCCAGCT,98
TGGCATCCGTTATCCTTCTG,118
CGCGTCCTGCGGCCTTAGTC,118
TTAGTCCGGTCTGGCACCAC,143
ATGTGTAGATGATGTGGGGG,200
GTGTGTCTATTGTATGATGG,139
CGTGTGTGTGTGTGTGTTGT,82
AAAACGAGATCATTTCTAGG,145
AGTAGCTGACTTTAATGAAT,153
TAGCAAAAGCCTACAGAAAG,91
TTAGATTTCACAATAGAAAA,119
GCATGCTTTCCTAACGTGCA,157
GAATGTGGCATGGGGGGGTG,143
ACACCCTCTCCCCCTCAGCC,151
AAGCAGCGATTCCCAGGCTG,110
TTGCAGATGAAGGGGATGAA,120
GCTTCAGGCATCATAGGGAG,216
AATGAGGCTTTGAGAACACC,159
ATGTGTAACATAAACTCCCT,146
TCCCACTAACGATGAGAAAA,110
TGGTGCACATTTGGCACAGG,94
CATCGGGGGCCGGGCGGTTC,168
ACCACTGTACTGAAGGGTCT,135
GGGGGTCACCACTGTACTGA,169
TAGAGGTTCACAAGCTCATG,108
TGGAGCCAGTAGATTGGATT,123
CGTGGCTTGTCGCTTCACTG,112
TTGGGAAACATTGTGTTCTG,121
CAAGGGAGGGAAGCACAGTA,117
ATAAAGTGTGGCCAGAACTA,148
TCCTGACAGCAGCGTGAGCC,104
CCTTAACAGTCGAAAGCATC,140
TGGGATCAGATGCCCTCTTC,140
GGGTGCTGGGAAGTGAACCT,157
CCGTGTCAGGTGCTTGCACT,219
TACATTCTCTGGGGTATAAT,154
GGGTATAATCGGGCCTCTCG,127
GGAATATTACAGGGGGAGAG,151
TTGTCTAGCAAGATGGTGCA,128
GCTTTGGCTCACAGATAGCT,189
GGGGACCAGTGTCAAGGCTC,162
TGGAGTGACATTTGCTCCTA,110
AGGCAAAGGGCAAGGGAGCC,117
AGAGTGGAGGCAAAGGGCAA,112
CCTGCTACTAGGCCTTGACT,216
ACTAGAGGGTGAGTGTTGCT,155
GGCTGCTCTGCGGTCTCTTC,129
AAGGGGCGTGCTGGGGATCT,135
TTCTAACAGTATGGAGGCAA,65
CAAGAGATCTCAAGAAGCGA,125
GGAGGAAATTGGTTTCCTTT,134
TGTCGGGTGGCGCCCGCGTT,115
AGGTAGACCAGCTTCGGGGT,149
CGCGGGCGCCACCCGACACC,117
ATTAGCACTTCAGAAGTTTC,176
GGAGCAGAATGGCTGGAGCG,135
AAGAAAAGAAAGGGAGGGGA,129
GGCATGGAGTTCGGAGTTAA,166
ATTCTGTGTCAGCTGATCAT,115
TAAATTAATAGATGGATGGA,80
GACAAGGTAGTAGTACTGGG,154
AAACATGACTATGAATATCC,132
AGGAGATTGCCTGGGAGTAA,188
CATAGACAATACATGCACAT,162
ATCTTCTACAGAATAGTCAA,117
CCTGAGAGTTAACAATACCA,195
TCTCCAAGGGGAGGTGATGA,122
CAGACAGGTGACCAAGCAAG,105
CCACTCCCAAGTTAAAAGTC,136
TTTAACCCTTCAAGGGGCGA,130
CCGAGTTCAGAAACAAAAGT,147
TAAACTCCAGCAATCAAATA,106
ATTGCTGGAGTTTAAGCTGG,219
AACCAGAATTGAAGTGCTGT,80
TAGCAGGTCAGTGCCGACAG,97
CTCCTTCAGGTGTCAGGGTA,165
CTTACCCTGACACCTGAAGG,156
TCACCTGGTGGGACACCGAT,134
GTTCGAGTGAACTTTGAGGA,204
CACTCTAGCAAGTCACCTGG,137
ACTTGTTTCTCAGAGGCCTA,180
AAAACACAGATTCACACTGT,148
TCTCAGAGGCCTAAGGCTGA,158
GGCTCATCTCCACTGACAAA,137
TTTCAGTTCATAAAACTGTT,192
AGAGGAGCTGAACAGCGGTG,172
TGCTCCAGGAAATGTCTACC,88
TAGCCCAGGTAGACATTTCC,100
CTCAAATGTTTAGAGACCCT,112
GGGAGTTAAAATGGCCTTTA,142
TAAAATGGCCTTTAGGGATG,62
CAGGCAGACAGATGAACCCA,167
AACATGTTTACGGAGGGGTG,157
ACCTTGAACATGTTTACGGA,210
GACCTTGAACATGTTTACGG,445
TGGGGTCCGAGATCAGAGCC,92
CCTGATTGAGTGCGGTGATA,188
CAACTGAAAGGGATTCCTAA,130
AGTGAACCCTGACTAATACA,98
AGGGACCCAGTACCCTCTTC,158
ACTGGGTCCCTGTATTAGTC,204
TACAGATGGATGCTTAGGGA,98
GGGTGGTCAGGACCACACCC,120
GTTGTGGCCCTTTATGAGTG,175
GTAAGAGAACATCTTTAGCC,129
TGCCAGGGATGGCATTTGAT,128
CCGTGGAGTATTTCTTCTTC,125
GAAAATTGAGACAAGAGGAT,130
TCGTGAATTCCAGGCCAATC,150
GCGATCTCTATGGAGGACTG,105
GTTTCCACGTTCTGAGGGGG,152
AGAGATCACCCGACTCTGCC,121
GAGGGGGTGGAGAGGACAAG,102
CTCGGTGTACATGTCTTTGA,159
ACCCGGCCCAAAAAAAGAAT,147
GATCTCCTAGAACTTTAAAT,157
ATCGTAAGGAAATCCGCACC,193
TCTTTCAAGGCTTCAATTTG,159
CTGGCACTGCTCTAAAGCCT,107
CCCTAGTGTGGAGCGGGATG,125
CGCCGGGAAGCGTGTGCGTC,132
CTGCACGCTGTGTTCCACCA,116
AAGGTGGTCACAAGTACATG,120
CTTTAACTTAAAGAACTGAA,154
ACACTGCTCGGCAGTAGGGG,251
AAGCCACCTTCAGAGTGTGA,144
CAGCTGTTGGGTTTCACGGC,115
AGCCAGAGCACACAGTTCGA,146
CTGCCATTCCCCGCCCACTG,143
ATGCGTTATCAAGTGTTTCC,132
AGTTACAGCTTGATATCTGA,167
AAAAAGGGAAGGAGGGGGGA,162
CTGGGTGCTATTAAGGAAAA,134
GGGAGCAGTCAGGAAAGTGA,96
TGTGTATCCCTGGCTGTAGC,121
ATTCAGTTTCAGCCGAGGAG,158
TCAGAAAAACAAGAGGCGAA,124
TTCTTGGCATTTCCACTACT,99
ATTCTTTGTGTAACTTGTCG,189
GGGGTTACTCTCTGGGATCC,165
TCTCCCCCATATGGGACTTA,183
GACTAGCCACAGCAGCTTGC,152
GAGTTCCTTAAGTCCCATAT,137
CTACAGGAAAGGAAAGGGAA,79
TTCTGATAAAAGGAACAGAA,91
TATTGTCTAACCTTTGCACC,178
CAGGCCGTAGCACTCTTGAG,113
GCTTTGCTTTGTTTCTTCCT,198
AACAAAGGGGCAGCTGAGTT,167
GGAGGCTGCCATACCTTTGA,154
TGCTTCTGCCTTTCTATTAT,150
CCAGACAGTGTGCTTGGCTC,170
TCTGGTCCTGTCTAAGCACT,131
AAAGTTGGGGGTTGGGGGGG,118
TTCAGACACTCAACAGGAAA,133
CCACCACAGCCCTGGCCAGA,163
AAAAAAGCGACGTTGTCGCC,134
GCCCGGGCGGCTCACTGCAC,175
GTTGCAGGGATGGCCCCAAG,140
TCTCGTGTGCCCGGGCACTC,129
TACACTTCACTCTACACAGC,116
CAAAGAACAGCAGAGATCTG,141
TGCAGGTCTGTCTGCGGCTC,159
TTCAAAGAACAGCAGAGATC,130
AGGGGAGGGAATGTGGAGAT,145
CTGAGCTTCAGGTTCCTCCG,155
GTGAGCAACTGTAGGAGTGT,178
ACAGGGCGGAGTCAGGGCTG,112
CGTCATCCGAAGCAACCCTG,91
ATCCGCTCGTGTCCTGTCTT,188
TGCAGGTGGCATGCCCTGCC,75
AACTCCAGAGTTTGTTTCCT,179
TGTTTCCAAAGAACTCTAGT,163
TCTCGCTGGTCTCCGATTCC,148
TGTGTTGGCCTCTGACTTGG,138
CTGTGTAGCCCTGGCTGTCC,117
ACTCGGGAGGCAGAGGCAGG,127
GAGCCCTGAGACTCTAGGGA,107
TCTGAACTACGTGTAGTGAG,144
CTTCTGAACTACGTGTAGTG,213
ACTAGCTAGCTTAGCCATCC,214
TCTGTACCTGTAGAATAGCA,81
TGGGTGGCAGTAGAAGCTGC,131
CCCATCCAGGTGAGTGAGGC,149
GGCATCCATGAACTCACCGG,137
ACGGACAGGTCCACAAACTC,122
TCTTCAACAGCAGGCGGAGG,142
AGAGCAAGAGCGCGCGTGCT,148
ACTTGCGATCGGAGCACTCT,166
AGAACTCCAGGAGCTGAGGC,144
CAGGCACATTACAGCCAAAC,122
GCAGGAGGATCAAGAGCTTG,170
TGAGGGAGAGCTGGGCTGAG,145
TCTGTGGTTCATGGAGAGCT,135
AAAATAAAAATTAGGAAAGA,99
AAAATCAAGGCACAGGGAGC,165
TGATTTGGTGTATGTGTGTG,135
GGCAACACTGCCAACCCACC,131
TACACTCTGAGAGATTCCAA,118
TCCGTATGTGTCGCTGTACT,143
TTTGATGAACTGAAGAGGGC,103
TCACAGGCCTGCTAAGGTAG,151
GGCCCACATGAGCTATTGTG,179
TCGATTAAAATGCTTCTGTG,63
GGAAGAAGCAAATCTCAGGA,242
GAATATAAAACCCCAAAAGG,80
AGACTTTAAATTAGAGCCCA,154
GAGTCCCAGCATGGAGGCAT,180
ACCAGTTCACTGTTTACTTC,172
AGATCCTAGGGACAGCCCTT,166
GCAAAGAATTATTGCCAGAG,113
CTCCACCACTCCCACCTCTC,152
GGCCGGTAGAGTTGAGGTCA,152
TAAGAAGATGTCCAGCGATC,141
CCTGGTTTGCCGGAGACTGA,179
AGTGTGTGTGTGTGGGGGGG,133
ACTCCCGAGGGGAGGAGCTT,146
CACCCATTTGACCACTTGAC,155
GGAGGGACAGCAGCGGTAAA,139
TCTTCAGGTTGTGGTTATTG,164
TTGTTTGGATGCAATATTTG,117
CTGCCAGCCACTGCCACCCA,211
TGCCAGCCACTGCCACCCAA,109
GCAGCTGGGTGTTTGGCAGT,89
TCAAAAAGCAACTTTCTCCT,141
AAATTCGAGTTTGTGAAAAA,168
GGGTTCAACAATATACACAA,144
TCACACTCTTGCGGCTCCTA,146
AAGGTACTATGAGGGAAACT,128
AAGTGGACAGAGAAGTGGGC,134
CTGTCTCTCGCCCATGGGTC,152
GTGAACTGTGGCTTGTGGCT,110
TAATACAAAAAAAATTCCAA,85
TCTAACCAAATCAGTGCACC,149
AAGACCAAAGAAGCATTTGC,172
TCTTAAGGACTAGTTGCAGT,124
AGGCCCTCGTGGTACCCTAA,130
ATTAGATCTGCCTGCTTCAT,114
GGTCCGAGCAGCCCCACCTG,141
CAGGCTCCACCAGAGGACGC,103
GTTCCCAAGTGAGTTAGAAA,130
AAGAGGGAGTGTTGGAGGTC,169
TTGATGGTGATCATGGGGCT,146
TGCCGGGGAGACCATCACAG,104
CCTGATGTGTTCACACTCAT,119
TGAGGGGATGTGCAGGAACG,111
GGTCGGGAGTTCAAGATCCT,193
ACGACAGCAGATCCGAGGCA,154
GCCGCCAGGATCGTGGTCTC,183
AGGGTTTGAAAATGTCAGCC,154
GAAGTGCCACTCGGTCTCCA,134
TGGAAAGGGGCTGAGGCTGC,133
GTGGATATAGGAGCAAATGC,112
AAAAGGTAGTGTGGGGTTTA,175
AACGTCCTGCGTTTGCCCCG,208
GGCTGGCGAGGACCGGAAGG,144
GGCCGCGGTTGCCATGACGC,131
ACTGTCTGTAAGATGCCCCG,181
ACTTAAGCAACTCTGAACAA,146
CTTAAGCAACTCTGAACAAG,287
GGAGGGCTGCAGAGTTCACC,159
TGGTGCTGGGGATCAAGCCC,115
GAACAGAGTAAACAAACTAG,110
CATGCCTTAACTCCGGTCTC,168
GGTGTCTACTGCCTTGAGTG,210
GGGGTTGGGGAAAATGCACA,135
AGGAACACCCTCATAGAAGC,147
ATGGGCAGATTTACTGAATG,142
GGTGCTGCCTGCACAGTACC,225
TGGGTAGCCGAGGTTGGTGC,125
CAGACACTAAAGGTGGGGCC,151
CCTCTGTAAGCAGACACTAA,194
AAATGCCACGGGCCAGAGGG,156
GAACGAAGGCAGGGGGGTTG,184
AGCATTGTTGTGTCCAAAGA,154
GAACGTGGCCCGAGAGGTCA,163
CCAGGAGGCCAGCTGGAACG,115
AGCACCCTTTCCCATCTGTC,163
TAGCCCTCTTTGGAGAGACT,137
AGAAAACAACTTCTGACTAA,137
CATCCTTTACAAAACAAATA,140
ACCTTGAAATAGGAGCTGTA,166
GCTTTACCTAACCCGGCCAG,122
GGGTTGGTATGTAGTTTACT,119
TTTGCAGCAGTTGCCAACCT,131
TCCACCCAGAAGGTAGAGGG,144
AGAGACAGTGGTGACCTCTC,139
GCCCCTGCCTCCCAAGTGCC,174
TTGTCACTCTCAGGGCAGCT,185
TGGCTCTACACAGTGAAACA,118
GGACTGACTGCGGGACAGCC,122
AAGGCAGGGTGGGCTACACA,157
GTTAGAACAAATCTTCGTAC,107
TGCGAGTGTGCCTTGTCTTT,166
AGACGAGATCTCTGCACCCT,110
CAGAGATCTCGTCTAACCCA,168
GGTGATCACTAGGTCTCTAG,149
GCCATGTTCTGGTGATCACT,158
GGACCTGAGGCCTGAGCATC,169
AAGACCCTCTCCATTCCAAA,116
AATTAGACTGCGTAGACTAA,134
GGGCGACCTCGAGTAGAGAT,238
GTGGTTAATGATAGGAAAAG,120
GGGACAGAAGAGAGGCGGGC,147
ACAGCCATTTCTGGATACAA,171
CTTGAGCTGGCCTCTGGACG,125
GGTGGTCACAGTGTTCAGGG,188
GAGCATCCAAAGGGAATGCA,131
AGCTCCCGGTGCATGGTACT,152
GGGGATCATGAAAACTAAAC,128
AGGAATAATGCAAGTGAGAA,76
AATAGCAATGGAGGAATGGA,137
ACAAATCCCCAAATCCAAGA,83
ATGGAAGGAAAGTGTCCCAA,189
TTCTTTGATTACTGATACTG,134
ATCTGAAAGATGACCAACCA,164
ACATATTTGGGAAGAGTGGA,138
CACAAATTCAAGGTGAGCCT,127
GAAAACAAGAAACAAGTAAG,216
TCTCCCCACAGTCACACAGC,170
GGTGGTGAAGGGTGAGAGGC,214
AAAGGGGCGTGGCCTGAGAT,118
AGGCGGGGCCTAGATGGGGG,134
CCTGCTACTAAAGTTATAGG,171
TCAATAAATGACTCTGTCCA,84
ACCTTGCCTCAGAAACAAAC,141
GAGTTCCAGGCTGGCCAAGA,140
AGTTTCTAAGGTTAAAGCTA,164
TGCCTCTGCTTCCTGAGCTC,145
ACAAGGCACAGGACAGTCAG,135
GGCAGAAACAAACAAGGCAC,173
ATCACTGAAGAGGTTAGGTA,179
AGGGTCTCAGGGCATCTCCT,196
CTCCTAGGGGCAGAACCTTC,127
CTAGCCATAGTACGCCCCTC,143
ATGTGTCTGCAGATCTATCC,149
GTCCCACCCCTCAGGGTCTC,158
CGTTCCCAGTTTGCGAAGTT,154
CACAAACTAAATGAAACGCC,123
TTGAAGCAGCCTGTGACTCG,139
GAATAAGATGTGTACAGAAT,142
TGAATGGTCTGATTGAAGAG,101
CACCACTTTAGGGCTGCAGG,116
AGAGGCTGGAACTCTTCCCG,131
TTTCACTTGCTTCTAAGTGC,200
TTCTGACTCTCTGCCGTAAT,137
TTACAAGGCTGAGTCCTATC,132
GGCCGCAGGGCAGAGGGACA,109
ACCACATGTGTGCAGGTGTG,189
CGATCATATAGTGACTGGCC,100
CCAGCGGGAGGCACCCGGGC,112
CTATGAGTGTTTGGCCTGCT,323
CCAAAGAGAGTGAGTACTCT,154
CAGCAGGCCAAACACTCATA,322
TTTATCCCGGCTGGCTTAAA,163
TGGTAGAAAGGGCTAATAAA,112
ACACAGGAGCGCACACTCAC,159
GTGTTGTTGGCGCTCTGAGC,87
GTGTGGTGGTGGTGGTGGTG,145
AAAAGAGAACACATAAGAAA,141
TTTACAGCTGTGGGAAAGAA,155
AAAAATGAGCAAAAGTGGAA,133
GTGCGTGCAGATACTCTCAA,145
CAATAGTCATCAGTTGTGGC,127
AACTGATGACTATTGTGCAG,135
GAGCCTCCTGGTCCAGGGCC,179
GTCTGCAAGAGTCACTAGAG,137
CCTCAAACTCAGTCGTTCCC,220
TTTCCTGGTAAGCCAGCAAA,152
TCCCCTCTTTCTGCATCTGT,179
TGCCTACAGATGCAGAAAGA,175
TTCTACAAGCACTTGTAAAA,100
AGGGCCTACAGGGCTCTGGT,194
GTGGGTCTGGATGACGATGA,172
CAGCCCCTTGCATTTGCTTC,140
TCTGCTTGATCATGAAAACC,100
GTGTGTGTGTTTGTGTGTGG,131
AAAGTGTCTGAGACTTGTAC,156
GGAGTCACTGAGGGACTCCA,161
TGGTGGGCAGAGCCTGGTTT,131
AGATCAGAAGAGTTCTCATA,128
TACAAATGGGAATTAACTCG,112
GTGCAGGTCTGCAGCAAGAA,213
AGTGATAAGCTGCCTAACTT,116
GCCTGTAACTCCACCTCTAA,133
TCTTTGGAAGAAACTAAAAC,144
CCAGCCTTCTCCTGCAACCT,124
CCTGTACCTGATGGTGTGTG,185
ACCATCAGGTACAGGGGATG,174
