GCAGGAAGGAGAAAGACGCG,6
ATCTGTCAACAGATAGACAC,5
GCCGAGTTTGATTAGGAACC,8
AACAACACACAAATAAGCCC,7
ATTCTTGTTCCTAAGAGCTA,3
GGGAAAAGTGAAGGGGGGCG,12
TGGGGAAAAGTGAAGGGGGG,13
TTTCCCCACGATATGCATCC,8
TCCAGGAAACCAAGCCTCCC,0
ACCGAACAGCTGACACTGGG,12
CCTCGTGAAATTATTGGGGA,7
CACTCAACTGTTCACAGTCC,6
AATCCAAGCTAGGAAAAGAG,6
CCTTCAGGACTACTAGATCG,7
AGACGTCGCTGCCTGCTGTC,4
CTAGGAAGAACGCCAAGTCC,6
TTCTTTATCGAGCTAGAGAT,3
CAACTTTCACAAAGTTTGCC,3
GGAGCTCAGAACTCCGCGCC,8
TCCACCTCAAGGATAGGGGA,3
GCAGCAAAGGAGAGGAAAGC,10
GGCGTCCCTGGCAGCAGCAA,9
TGGCCTCTCTGTGCCACCTC,4
ATAATAGCTGCCATTTCTTC,12
TGGGCCCTGTCAGAAACATC,6
TAATCGTCCTTGTGTGAATT,8
ACTGCATCTGCCCCAACAAT,8
GATGTGGTCAGAGGTGCGGC,9
CATCTTCTGATTGGTGTCAT,5
ATTGGATACATCAGAAAATG,7
AGGGTACCCCGCAGGTGCGG,1
AAGTGGCAGGTGCTGTCGTG,9
GGGTAAGCAGTGATACTGGT,5
AAGGAAGCCTGGATTATCAC,11
TACGGAGAATCTGTTGTCTC,3
CGATCAAAAACGTTCCATAC,4
AGAAGCATATACAGACTGAT,12
ATGATGCAGGATGTGTAACC,9
TGCATCATTTCACTAATCCC,8
CACGTAAAAGGAAAGTTACC,2
TAATCAGTGGTGACCTTTCT,3
TGGAACTCACTTTGTAGACC,4
ACCCTGTACCTCAGTGGTGG,2
AAAGCCTCTGGCCCCTGCCC,7
CTTTCCTAACTGGGATCTGT,6
TGTGGGTGAGGTGAGCCCCG,7
GTTGAGATGACTCCAAAGAT,8
GATGACTCCAAAGATAGGGA,3
TCTGAGTGCATCCTTAGATA,8
TAGATGTTAGTCTCTACAGG,6
CTCTGCTGTGGCTTGTGGAG,5
CAAGCTGGAAGCCGACCTTT,5
GAGCGGGGCCTGGCAGCCCA,7
ACCCTGATGCCAACCACAAT,12
CAGGGGCATTGCCACATTCC,8
AGTTCCCTCAAGTGCAGGGA,4
GAGGAACCCTGTAGGACACG,12
AACTGTGTCCTTAGTGAAGG,7
TAGACCAGAACCAAAGGTTA,7
TCCTCCCTAACCTTTGGTTC,19
CATCTGTTGGTTCTGGTGTG,5
GGCCAAGGGTTAGGGATAAG,8
AAACTAACTTGTACATATTT,3
GTGGCCAAGGGTTAGGGATA,7
CGTTACTGAAATAGAAGGTG,8
AGGGCAGAGCCCAGACTATC,5
TGAGAGTTCTCGGTGACCCA,9
TGGGAGGAACTGGATGGGGC,4
GCCTAGGATACCAGGTTGCC,12
AAGGAAGGAGGATTAAGAGT,6
CTCAAGTGTGAACTACTGTT,2
CCTCAGTTCTTGGAGTGGGC,9
TGAGAGTCTTGGGAGGAGGG,2
TACCCATATGTGTCACTCAA,5
ATAGGCCAAGGATAATGTAA,7
AGGATCAACTGCGTGGCTGA,4
CATTAAAGGGCCTGACACTT,6
GATCTGCCAGAGGACAGGTT,5
ACCCCTCACCCAGCCAGGTC,12
CACGCAGCTTACTTCCAGTC,5
TTGCTACGTCCCAGATCTTT,0
TGTCGGAGCGGATCCTTGTC,6
CCAACTATGGCAGGATTCCA,4
CTTGGAGTAAAATCAAAGTG,5
AATCACTGCAGAGGGGTCGA,7
TATGCCCCAGGAGGGCCCTC,6
CTTGGGTAAGAGCTGACCTG,12
AGGTGTTGGGTAGCCTTGAG,6
TGTCTAACTAGCTGTCTGGC,5
ACATCTAAAGCAAACATGCA,3
ACACAAGAAAGACAATGCTG,8
TTCCACCCTCAAAAACTGCA,6
AGTCTTTCCTATTTAACTGC,6
GATAGAGACATAAGAATTCT,4
CTCATCCCCTCCTCCGGGAA,3
GAGGAGTTAGAAAGAGGAGT,11
AGTAGAAAGGAAGGGAAAAT,6
AGAGTAAGGCCTTCTGGAAG,13
TTGGGGGACAGAAGGCTTGA,3
TAAGTGGCAATGAATAGATG,4
GGTGATTGTCTGTATACTGG,15
CAGTATACAGACAATCACCC,22
GAACGCAGCAGAAATGGGCA,4
GAGGGAGTTTCAGGACAGTC,3
AGGGAAACCCACAAAGTTTC,12
TCTGAGCATGGGGAGTGGAG,2
TGCCTGTTATCCTAGCATTT,5
CTAGCATTTGGGAAGCAGAT,3
ATGGTGCGGTGGGAGGCTGG,9
GATGGTGCGGTGGGAGGCTG,10
TGCTGTCCTTTCTGATGGTG,6
GCTGGCTATGAGTATAAAAT,7
ACCCCATCACATCATTCACA,3
GAAACTCCCTGAAAAGGCAG,8
CTATGCATCACAGGATGACC,8
TTCTGCTGGGCGGGGGGGGT,5
CCAGCACCGGGAATGTGAGA,1
GATGGTCGTGAGCCACCATG,5
GGGCTGGAGAGACGGCTCAG,3
TGAGCCACCATGTGGTTGCT,4
TTGCCTACACTGAGCTGCTA,8
ATATTGTCTGACAGCTATCA,6
AAGCAGCGTTCAGTCCTTTG,7
ATAATATCATAGCTCCTAGG,5
ACTGGGAGGATCAGCCAAAA,8
TGCTTTAGTGCTGGGGTCGG,5
TGCAGGCAAAGTTTCTGTTT,4
GGCATGCGGAGGAGAGACCT,5
CCAGCCCATTACCAGACAAG,5
GGTCTCTCCTCCGCATGCCC,10
TGCAGCACTGCGACAAAGCG,5
AAAAACGGACCAACTCCTGG,8
AGGGTTTCACTATGTAGACC,3
TTACATCTCAGTAGGAATCC,9
GTTGAGTTCAGGCCAGTCTG,11
CTTCTTCAGGGGAACCAGGA,4
GGGGTTCCCAGAATGGGAAT,2
TCCTTCCCAATTCCCATTCT,6
GGCTTCCCCACCACTGGCTC,8
AAGCTGGGCTTCCCCACCAC,10
GTTGCACACATCCAAGGATC,7
CTAAGAAAGTCTAAGAGGAC,1
AACACAGAAGCCAGGGAAAG,5
TAAGAAAGTCTAAGAGGACA,2
TTGCAACTCATGGTCACCCC,5
TTTCCACCTCCACTGTGTAG,6
GAAATGGAGCAAGCCCCGTC,3
GACATAAAAAATGTGGAGGG,8
TGGGAGATCAGTCTGAATCT,5
GCTCCTACACTAACAAAAGG,7
GTTACTTCTAAACAGAAGCC,5
CAAGACCCGTGTGGTGCCAG,2
CTGCCTCTTGTCCTATTACA,9
GTCAGATGACTGGTGTGGCA,9
GCCTTGAGGTGCTAGCAATC,4
AATTCTGGCCTTTAGAATTC,9
GGAACTGACTGGTGGCTGTA,14
AAACGGCTTGTGTCTAACAA,3
AGTTTGTCTGTACCCTTCTT,11
TTTGTTTCCCAAGTGGTGAG,7
TGGGGGAAAAAAAAAGCATG,3
CCACTTGGGAAACAAACATC,4
CTGGCGCCCACAGGTGCTAG,3
GAATGAAGTCTGGGGTTGTT,8
TATGCATTGATGGTGCAGAT,1
TCATTACTGGGGGTGAAGTG,6
ACTTTAATTATACATATGTG,7
TACTGGGGGTGAAGTGGGGG,3
GGAGTTGATCCCACTGATAA,6
GGTGGGAGGGTGAGGCCCAC,5
ACGGATGGTCCAAGAATCTT,7
CATCCCTGATTATAACAGTT,6
TTTCTGAACCCAGCAGTAAA,4
CATTAGTACCTTCATGAATG,2
GCCCCCTTCAGGGGCTCCTG,4
AAGGAAGAGAAGAGAGAAAG,3
TTCCGTCCTAAACAGTGTTG,8
GCGTTCCGCATTTGGCCTAG,6
ACCAAGTTGGCTTGAATTCA,5
TAGGAGTAAAGTAGATCAAG,10
AGGGGTGTGGATGGGTGATG,4
TGTATCCAGGGGATGAGTAA,5
GAGAGCACTGGGCTCTGGAC,7
AGCCTGAGGGTAAGGCTCAA,5
TCTGGGGATAACCATTGAAA,3
CACTCACTAAAGCGGGGGGT,8
GGAACTCTGGTTCGGTCCCG,11
AGAGTTCCGCCTACAGTAGC,9
ACATTTGCACCCATACTCCG,10
AACTTGAATGTCGAGTTTGA,1
GAGTAGGCGTCCTAGGCCCT,5
AAAACCTCCCTTCAAGACCC,0
GCAGTCAGATCAGCAATTCA,8
CTGGCTCTACAAGCTGGTCA,1
CTCCAGAGGAGTCTGCAGGA,8
CATGGTCCCTATTTAACACG,7
GGAGAGCCATCTGGTTCCAT,5
GTCTGAGGGCAGCACCCCTG,4
CTTGCTTCTCCAGCAAGCAC,7
TTGACAATCAGATCCTTCTG,6
TTCATCACTCATTACCTTGC,5
TGGGTGATACAGTCATGCAC,2
TGTGGGCACAGGGCAGCTGT,3
GAAAGCTAACATGATGGATG,7
CCACCTTCGACCAGAGAACT,7
CTTGCTTGCAGAATGCAGTG,2
TACTGCTCACAAGGCCGAAC,4
TCCCTCTTTGAGCGCCCCGA,3
ATCAAGCTGGAAATTGTAGA,10
TTCCAGACACTCTCTTCAGA,7
CTTCTCTTGCCCCGGAACGC,8
GAGAAGTTAGAAATGAACCT,14
AGAAGTTAGAAATGAACCTA,8
AGAGCGTTTGCCTAGCATGC,2
CCTAGCATGCAGGAAGCCCT,6
CCCAGGGCTTCCTGCATGCT,9
AGGAAAATGGCCCTAGTCTA,10
ATGACATACAGCAATACTTC,6
GTGCCCATGGCCCTTAGACT,3
TTCTGCATCCAGAAACACCA,3
AGGGATTCTCAGAGGTCAGG,3
GCAGAAGTCAACTCAAAAAA,7
TTCCAGCCCTGCCTGGGAAG,4
CAGAATTGAAGACACCTTAG,2
AGAATTGAAGACACCTTAGG,4
GGGCAGAAGCTTGCTCCTCG,4
GAGTGCTTTATAGTTCAACA,7
CCATCTTGGCTTTGTGCCCC,2
GCCATTCCTCCAAGGGTCTG,8
TCAACCTTAGCCTAGGGGGA,5
CATCTAAAGCTAAGCCTCTG,9
TTAGCCTCAACATTCCTGGG,7
GCCCGGGATTATGATTGATA,3
AGCGGGGCGGCGGGCGAGAT,7
AAGGGTGCGACATGGGTCAG,2
GTCCTCTTAACAGAGAGACT,8
AATCCCCTGCCCTGCGGCCA,2
AGATTCAAGATTGAGTTCCA,8
TAAGGATGACGGGGGGGGGG,5
CTGCTTCAGTTCCTGCCTCC,6
TAGGGTTTGTGGTTGAGGCT,4
GATTGGGGGTGGGAAGAAGC,7
ATTGGGAGTAAAGTCTGATT,5
TATACCTGCTGGGTGTTTAG,11
CTCTAGCAGATCATCGAAGC,7
AGGCATGGGCCTGTCCACCA,10
AGGGGACAGCTGTCTCATGA,2
GAAACACATGCTTTGCAGAA,11
AGTGAGCCCAGAATTTCAGG,3
AAAGAGAAAGAGAAAGCAAG,4
TCTGGCAGGAGGCCTGGTTG,7
AGAGGCATGAGGAAGGATGG,6
CTTTCCTGGTGCGCGGGGCT,6
GTCCCTCCTATACTTGGGGG,6
CCTGAAGGTGATCCGGGATC,3
CAGGCACTGTGAGAACCAAC,2
TTCAGGATTTGCGGCTATAA,5
AGTGTGTGACATGCTCCCGA,5
CAGTGATTGCTGATGCTGGA,5
AGCATGTCACACACTATTCT,7
AACCGTCGCCCCGAGCCGCC,6
GTAATTTGGGGAATTAGACG,3
ATTTGGGGAATTAGACGTGG,10
CACTTTGTAGTGCGTGAATG,4
TACCGGTCGCAGTCTAAACA,2
CACAAAGTATTAAATGTCAC,5
TATAAAAGTCTAAAGTTTGA,1
GGAGTTGGCATTGGAGCCCA,2
GCCATCCTCAACAGAGACTT,9
CTGTCTTGCTTAGGAACATG,7
TAGTTCTCTGGCTTGCAGAG,5
GGATTCGAGGTTCTGTGACC,4
CCTAGGCTTTCATCTGGGCT,5
GTCTCCTCAGTTGAAATAAA,6
AGTACCCTTCATGTCTGCGT,7
TGTGAGTGCCGGGACTAACT,5
GACATGACTCTGAGAGAACG,2
ATCAGAGGATTCTTCTCATT,8
AGTCCAAAAACAACAACCTG,7
TCCACCCCCCCCCCAAAAAA,4
GTGTGTGTGTGTGTGTGTTG,5
GAGCCTTTGCAGTCACTAGC,5
AGATGTGAGGAAAATAGTGT,5
TGAGAACCTAAATAAACCTC,3
CTAGTCCAGCACTGGCTGGT,10
TGGACAGGGGTTGTGTTCTG,6
AAAGAAATAAATGCAAAATT,3
CTGCACATTAAAGCAGTCAA,4
ACATTAGATATTATGAAGTA,4
ATGAAAACCCAGAGCCTCTG,4
AGGAAGACAGGAAGAGTAGG,4
TCAGATGGAGAAGAAAAGAG,5
TTGACCCAGGCTATTAGTGG,4
AGGAGTTGCTGCATATAAAC,5
GTCAACGCAAAGCTCCTGAT,7
CTGATTGTAGATTCTCAGGC,3
GTCAATCACTTTAGCAGTTG,11
GGACAGGTCGGTCTTGGTTA,5
AGATGCTACCAGTGCAGCCA,6
CGGACCTCGCGGTTGTGCAC,4
GTCGAAATTATACTACAAAG,2
GCAGTGCAGGGCAGAATGAG,10
TGCCTCTGCTCTTGGTCACA,1
TGCCCTGCACTGCTTCTGCA,11
TTCAAATCCCAGCAACCACA,2
CTTTAGGTCTTGAGTCTCAG,5
GTACAAGCAGGGAAGGCCTA,6
TGGTGGCCGTTCTCTCCCTG,3
CGTTGAAGATCCTTGAGGTA,5
AACATATCGTTTCCCCATTA,9
GGGCGTTTATGGTCCTGGGG,10
TTTCTAATCTAACTGCTTTG,4
CAGGTGGGGGCAGAGATGGT,6
CTAAGAGGTCCGGGCCGTCC,2
ACCCAGAAGAGGGTCAACCT,3
GCCTCTGTTCCTCCTGACTA,12
GTGGTTTAAGCAGAGGACAC,4
GTAATTGTGACCCTGTGCAG,6
ACATAGACTTTCACAAAAAC,4
CCCATCTAAGCAAGACGTCA,6
GTGCAGGGCCTTCCCCAGCA,10
TGCTTAGATGGGCAAAGTCC,11
TGTTAACCCTGTTCACTTTG,1
TGGGCTAGGGTCAAAGAGAT,6
TTCGTCACCCTTCCCGCGGC,8
TCACAGAAAGAGACGGAGGC,1
TGCTCAATCACTCTCAACCT,5
ACACAACCTGACCATAATCA,4
TTAAGGCCCTGATTATGGTC,6
TGCTCAGCACAGCAGAGAAG,6
GAAGGAGACTGGGGCTTGAT,13
TGGATTCTTCCTCTTATTGC,2
ACCCAATATCTCCCTACAGC,1
GTGTGCCTATGATGCTGGAA,6
TGTGTGGGTTGAGAGGCTTA,9
CTGGGTTGGTAAAGTGCTTG,5
GGAGCAGGAGCGGCTAGCAA,9
GCTAGCAAGGGCAGCAGATA,5
CTGCGCCACACGGAAGGAGG,4
GTTTGCTGAATGAAGCTCAC,6
GTGCAGAGATGAGAACGCAG,3
CAGACCTGCAATGGTGGAAC,4
GAAGCCATTTGCTTTCATGT,1
TTGCACATGCTTGCGAGGAC,3
ATCCCTGCCTTGAAAGGGTC,6
GATCTAAGAGGGAAAGGAAA,6
CTTTGCAATCTTCTACAAAG,3
CGACTCTGCCTCCCTAGTGC,6
GGAGGAGGAGGAAGTGGAAA,7
TATAGTTAGTTGCAGGGATT,1
TCCTGCTTTAAAGGCGCACT,4
TGAGCCAGTCTCTGTGATTT,10
AAGCTAAGAAAACAAGGAAT,11
AGAGATGCCAAGTAGGGACC,5
GGAGGCAGAGATGCCAAGTA,5
CAGTGGAGGGATACGGGGAA,1
GCTAGAAACAGAAGGGTTAG,9
TTGTCTGTTTAATGGAAACA,3
AAGGTTCGCTGGGACCTCCT,8
GTTGAAGAAGCTTCTTTGCT,6
GATCTGGGAACTTCAGAAGG,7
AGTGTCCGACTCGCGGACCA,13
AGTCTCCAATACAAGTGAAA,5
TTGAGCTTTGGGGGATAAAG,4
CATGTGCCATCATGATGGTT,8
TCCTGGCCTAATCAAGTGCT,2
AGGGGTAGCACGTAGTGTCC,6
AACTATCTTGTCCACAGCAG,7
AAGGTGGGGTAGGACTGTCA,8
AGATGGAACTTCAGAGGGTC,5
TCTCAGAAGGTGTGTGAGAA,2
GAGATGAACAGCTCTAGCAC,1
GCTTAGGCCTTCAGTGTCTC,8
AGCTGTTCATCTCAATGCAA,3
AGTACTGAAAGGGCTATGTT,2
TTAAGAGCGGGCATGAGACC,2
TGTTCCTCGTGATTTAAGAG,3
ATTCCCAGCACCCACCCACA,13
GCAAAATAACCACACGCATT,12
CTCTGTGTGTTGTTGGAGTA,6
GCTCAGCAGGCCAGAGGCCT,6
GGGATAGAACCCAAGGCCTC,2
CCAAAAACCAACAAAAAGTC,7
GCACAGTGGCTAACACTCTG,6
TCACTGAAGCCTGGGATTAA,8
GAGGGACGGCTTGTACATGC,6
GATGACAAAAATGACCAACT,3
TGTTATAAACCCAATTGTCT,8
GTGCAACAGTTGATACTAGA,0
AGTTGCTCTCTGACCTCCAC,10
TGGTGTGAGAATGTTATCCT,8
GGGTCCCTGGGATTGAGCCC,4
GGGCACGCAAGGGAAGCGAA,8
CCTCTCTGCTCCTAGGTAAG,6
TGCGCGCGCTGCGAGCGCGC,3
GCCCTTCTTATGGTCTCCTA,9
CCCAGTTCTCACCATCCATG,13
ACCCTAGGAGACCATAAGAA,5
GCTTGCTTTACATTTCGACT,7
AGAGGTCTCCTTCATACCAC,15
AGCAAGCTTGGTAGGGTGCC,3
GCAGGCAGGTCAGGCAGGGC,3
ATCCTTGATAAGCAGTAGGA,8
TCCTTGATAAGCAGTAGGAA,3
CAAGGCTAGGATGGATCCTG,4
GACTTTCAACCGTGGGTTCC,5
AAGCAAATGGACAGAATGCA,6
CATCCGGGATTCATGGACTT,5
GTGTGCAAAGAAAGGAAGGC,5
GAAGACCCAAGACGCTCTCT,4
GACATTCTTAAGGCTTGGAA,5
GACTCCTGCCCTGAAAAGTA,6
GGGGCACTGTATGGGGAAGA,5
TCCTTGCTTGGGGATGGGAT,5
TCCCATCCCATCCCCAAGCA,11
CCACCTCTAGTGAAGCTGCC,11
CTATCTGATGGAATTTATGC,3
ATTCAGGGAGTTTCCAATTG,6
TTCTGGGTTTGAGGCCAGCC,10
ATGTCTAAAAAACATTTCAG,6
CTACAGCGTTGATAGAACAC,5
AAAACGAGGTGCGTAAGCTG,10
CTCCTGCCTCTGCTTCCTAA,3
GGGCTGTGATTTAAGTTGTG,5
CATAGCTGTTTGGCAGGGCC,11
AGAAACGTCTAGTGTAAAAG,9
GGCCAGGGAGAAACCAGAGC,9
AACGTCTAGTGTAAAAGCGG,5
TTTATTCCATATTGTTCAAC,4
GAAACAAAGCTTAGCAGGAG,10
TGGGAAACAACTTGCTCTAT,5
GGGCACCTCAGGGGAAACTG,2
TGGGGTGGGAAAGGGGAGAG,1
AACTGTGCTTCAGCTGGACC,10
TAATCTTCTTGCCTGGGGGC,3
ATCTTCTTGCCTGGGGGCGG,9
TGAGTATAATACTCTCATCT,6
CTGTGACTAGCTCAGCTCTG,4
GGGTTTCATGGATGGATGGA,10
GTTTGTTTACTTATTGAAAC,5
TGGCTATAATTCCAGCACTC,4
ATGACCTGGGTCTGGAATCA,15
AAAGAGCCGCTAATTATAGT,7
GGAAGCGGGGCAGAGGGAGG,4
AAACAGGAGTTCACATACAG,1
TCCTAGTCTATGATGGGCCT,4
AGGCCACAAAGAAAGGGGCA,3
ACTCTTAGGGCATCCTTACC,3
GTAGCTGGCCATGTGGGTGC,8
CTCTGAACTGCCGCACAGTG,3
GATGAGGAGGCTAAGACTCG,12
CTGCCCTGTCTTTCTTCAAG,13
ATTCCCTCACTAAGCTGGGC,7
ACACCCTGCCCAGCTTAGTG,12
GTCTGAATGTTTGGAAAACA,5
ACTCAGTAACCGGGTGACGT,4
GGAGAATAGTTGCTGGCACA,7
TGAATTTGTGTGACAAACAG,8
TCTGCTTGCTGAGAAGATGA,7
AGAGACCACCATCACTGAGC,7
TGGCTCACAACCATCTGTAA,8
ATAATGAGGGCTGGAGAGAT,10
GAGTGCTGGGATCAGAACTC,6
TGGAGTTCTAAGGGGGGGCG,9
GAGAGGGGAGAGGAGAGGAG,4
ATACGGAGAACATGGGTGCT,14
ATAGCTCAAAGTTAATATGC,6
TAAGGACTGTGAGATTCTAT,0
AATTGTGAAAGCTACTGCAC,13
GTACTCTTGAGGATAGATTT,2
ATAACTAGATTGCATAGTTT,8
AAGTTGCAAGCAAGAGATCC,5
CCAGTGTACTGCAGGAGGTC,3
CTGGGAGCTCCAAGAGAAGT,8
GCTCAAAGGTGTTCTGAGTT,4
GGAGGGGGCAAGTTGAGAAA,13
GAAATGGCTTCAGAGGCTGA,5
TAATCTACAAATGCCACTGA,8
CATTGAGCATGCTGTAGCCC,12
TGTGTGATTTACAGAGGGAA,6
CGTTGCAGCAAAGCAATTGC,7
AGTTTCGAGCCAATGCACAG,8
AGCCTTGGAAACTTGGTAGT,7
TTCGAAACCTAGGCCTCCTG,4
GTCCTCGAAAAACAGACAAA,8
GGCAGCGAGGAGAAAAGCCG,8
CTTTCCCATGTGTTGAACAA,8
CGCCATGCTATATGTACCTT,4
CACATGGTATCCTATACCCT,8
CCTGGGGGCTGATGGGAGCT,7
AGAAGCCATCCCTCAGTTAG,8
TCCAGAGGGACTGAGCAGCA,5
CACAAGATTAAGACAAAGGG,2
ACAGAGTGCAGGGGCTGCCT,3
CAGGCACATGGTTTCTAGTC,5
GAAGGAGTAGGGAGGGACTT,7
CATGACTTCTGAAGAAACTG,3
CTGCTGCCAACTTGGCAGAA,13
TGACGGAGAAACTTCTAGCA,4
GCAGTGATTGATTTAGCTTA,2
GCAGGGGCACTAGGTTTGGC,6
ACAGTCACTAAGTCAGTTGA,3
TTACTAGAAAACTCTCACGA,4
ACTCCTCCCTCCCCTCTTAC,5
TTAGTCCCCAGTAAGAGGGG,8
GGTCCCCCGACTCATCTAAA,5
CATCTAAAAGGGAACCCAAG,7
GCTCACTTGTCCAGGCCCAG,6
GGGCTAGGGTGGAAGCAACT,5
AGTAGGTCAGTCCAGCCTCG,9
TAGGCACATATCACAGTGCC,4
CTTGGCTCACTCTTGCTTTG,3
CTATGTAGCCCAGAATAGCA,2
TCAGCATTACACAGGGAATG,3
TCAGTTTGTGTTTGCCAGCA,6
GAGCTGTGCAGGGAATGCCA,9
GCAGAGCCTTGCCTGGGGCT,9
ATCTCCCATTTGTGATGGGA,8
AAGTGTAGCGCTGGCCTTTC,3
CACTCACATACATTCTGGCC,5
CCCAGGAGCTCTGCAGCTGC,6
TTTGTATCAGGGCAGCTTTC,5
GGGTGGTGGTGGTGTCATAT,4
CCCTGTCTCAGAGGGGGTGG,6
TTGAGATCAAAAGAGCTAGT,11
ATGGGCAGGCATTGGTGGGA,12
GATAACACATTTCCTAGATG,9
CCGGTGGGATGGAGTAAGGA,7
GCAGAAGTTTGCAAGGAGTG,8
GGATTTCGCAGAAGTTTGCA,4
ATTGCTCCATATTACAAATG,7
TTAAGTCGTGGCCATCAGAT,5
TGAAGTCACTGACCCCACAG,10
GATTCAACCCTCCACACAGG,8
GTGCACATGGAAATGACTGG,1
AAACTTTCAGATAACCACTA,6
AGGGTGCTGGCGAGATGGCT,10
GCTAGCAGGGATGAGCTAGT,8
ATGAAAGTTGGGTGGTTGGA,9
ATGGGTGGATGTGTGGGTGG,13
GGTGGGCTGGTGGATGGGAT,8
GAAACAAAGAAGTTACCCTG,5
CAGAAGGAGAGGAATAAGAA,8
GCTCGAGAATCTCCGGTGCC,4
AAAAAAAGGAAGAAAACCGG,5
CACTCCAACCGTTTCCAACT,4
TCTTTCCCTGTGAACAGTTT,7
GCAGAGGTTTGGGTGAGAAT,7
GTGAGAATGGGATTGGATAT,5
TCAAATTCAGAACTTAGTTG,4
CAGCCTCTTGCGAAGGGCGA,2
AACCACCCGATGTCACCACG,6
ACGTAGTAGCTGGGGTCCTC,5
CAGAGACAAGTGTTTCTCAG,4
ACCTAGGACTTCTGGAGACA,13
CAGGCCACGGGGACAATGAT,6
GAAAAGAAATGGCAGGCTTC,5
GCACGGAAAAACACAAAAGT,4
GTTGGACACTGCACGGACAG,11
GATACCACGTTAACATGATT,5
CCAATCCCAAAACTGCAGTA,5
CTGCGCACTCGGGACACCGA,7
CACTAGTGGAAAGTAAGATG,5
GCAAGAGTCTACGTAAGTTG,11
CGAGACCCTGTGTCTGCCGA,8
AAGTTCTTTAGTCACCCGCG,2
AGGGAGATATACACGGGCTC,5
GAAGTCTAGGGCCTCTGTGG,7
GCTAACTCTCCAATTGGGTG,5
AGAGAGTAGCAAAGACAAGT,2
GAAGCCAGGCATCCCATATT,5
GGACCAGCTGGCCTGTCTAT,4
CTCACCTCCCCAGCCTATCT,3
GAGACTAAGCCAAAAAGCAA,5
GAAATCCAACATGGAAAAAA,2
ACTGAGTCTCAGCAGGGTCT,11
TCTGCCCCCAACCCCTGTGC,7
ATACCAGACTCTTTGGAAAC,3
TCCTAACATGGGTCTCCCTC,3
GATATAGGGCACCCCCATTG,7
TGGAGCGGGCAGGAGTTTGT,4
TGTACTCAGAAGGCAGGTAC,3
TTCCCAAAAGACAGCTCTCC,8
AAAAACTGCCAATTTCTTCC,8
TCCGGCTTATTTATTCCCTG,4
TTAAAAATCCCCTAGTTAGC,2
AGTGTGTCGTGGGCTGCCAG,3
TATATTTGTGGTAGGAACGA,4
CTGTCCAGAGTGTCCTTGTC,4
AGGCATGGAGGAGAGAGAGA,10
CCCTGTGGATGACAGAAGGC,7
TAAAAGCGTTGGGAGAAGCA,4
CTGAAAGGAGCTGAAAGGAA,4
TTCACTAACTCAGCTGAGGC,10
CGTCAGATGAGAAGGGGGTT,6
AGTTCTTCTGAGTTTCCAAA,12
GAAACAGCCTCAAGGAGGTT,10
GCACTTAACTATATCACATG,4
GACGGCCAGGGTGCTGTTAG,11
GAACAGGCTCTACCAGGTCT,12
AGGCCCACCAGAAGCACACC,2
AGGCCGTGCTTACACAGCCA,10
AAGGATGTGGGGTTGGGGGG,2
TGGGGGGGGGGAGCTAGGAT,3
AGGATGTGGGGTTGGGGGGG,11
TTCAGTTTGTACACGGTTGT,2
GAGGGAGTCAGATCTCATTA,4
CCTCCTAAAACTGAATTATC,9
GATCTTGATTTGTGCCAAAA,4
GTAGGGACTGAACCCAGGCT,3
TGCCAAAATGGTAGGTACAT,4
AGACACAAAACCCAACTTCC,0
TACAGGCCTTTCAGATGCGG,3
AAGAAGAAGATGACGACAAA,6
TGGGCACACTGTATGTGCAT,1
ATTTGGACAAGCTTCTCAAA,6
CCAGGGTCTCTGTGTGGAGT,9
GGCTGCTGAGGCCTAAAAAT,2
AGGCGAATAAACCCCAGGAC,15
TTGTCTTACTGTCCATTTGT,4
TACTTAAAATCTTAGGCCTG,5
CTGGCACCCACTGGGGAAAG,4
TTAAAATCTTAGGCCTGTGG,7
CTCCTCTCTGCTGGGATCAC,7
TTAGTCTCACGCCCTGAAAA,6
ACGTTCTGACTGCGCGGCGC,10
CATTGCTGGGAATTGAACTC,3
GGAATTGAACTCAGGACCTC,10
CCCCAAAAAAGCAAAGAAAA,7
TCCCGTGAAAAGGCTCCCTA,2
TAAAAACCTTAAGCCGCGCA,3
AAAGAAACAGGTCCAGTCTT,5
TGGTAAGAATGAGAGTTGGC,10
CAAGAAGAAACTCCTATTAC,2
GTGTTATGCAGGGGTCAAGG,3
TTCTGAAAAGCCAGTGGGAA,6
TGCCTCTGGTGGTCTCTATT,7
GCTGCAAAGTTCCCGGGAAC,8
GTATCCAAAACATCACTTTA,5
TTGGATACAAGAATTGAGAC,4
GTCTTCCTTATGAAGGGAGA,6
CCACTCAAGAAAAGATACTA,3
TCAGCGACCCTCCAAACCGA,3
GAGGGAGTTGCCATGATAGG,4
GGAATACGCAATAAACTTCA,7
GGTGGTGGAATATGCTAGAG,2
TCCACAGCAGACCCTCCACT,6
GGGCTTGTTGCCTAGTTCAA,4
TTGTACAGCTATGTAAAAAG,6
GAGCAAGGGATTGGTCTGAA,7
AGGTTAATGGATGGCTTTCT,11
TTAGCCACAGAGCAAGGGAT,4
CTTTCTTAGATTATGGGGAC,2
ACTCAGATAGAAAACAGAGA,4
AGGGGTTGTGCTTGGTGATG,5
TGGTGATGGCCACACTTAGG,5
AGGGAGGATATCTTGAGTTT,6
GCCAGACCCTATCTCTCTAG,6
ATGGTCTTGGCATAAGAAAA,7
ACAGGCGTCATTTCTGAAAA,7
CCTACATCTGGAGCCCTCGT,4
AGCAGGGGACAGGGAGCATA,6
TAGATCGGCTTCACTACTCT,8
CCACGGGTCTGCACTTTACA,7
GTGGCGGGAACTCCTGGAAC,15
CGCACGCCGCTGTAAGGCTT,4
CAGACTCCCAAGCCTTACAG,1
ATTGCAAGGTCTGATCTTCC,6
GAAGGAGACCGCGTAGAATG,3
TCTGTCCCGATGCTCTGCTG,7
GAGAGTTCAGTCCAGGGCTC,8
AAGAGATACCTCATTGGTTA,12
TTTCAGTCTCAAACCGAAGA,7
GAACCACCTGATGTAGGTGC,2
GTGGTCGCAGGTGCCTATGG,3
AGTTATTGAGTAAGTCTATG,6
TTCTCACACTTCCTCACGCA,6
CACTTGTCTGGGAACTGGCG,5
CGAGATGATGGTATTAGAAG,5
GACCATCTTTAGAATCTCAA,2
CAAGTGGTGAATAAAGCTTT,6
GGAAGGCCAAGACGAGTACA,7
TTTGTCTTTACTGCCGAGTA,5
GACCCTCCAAGGAGGCCGCA,8
TGGAAGGGCCAGGTGGAGCT,5
TGGTCTCTCGGGACACTTAT,7
GACACTTATGGGACCTTTCC,3
AGAGTGTTTACACTAGGGAT,8
TCTGCCGCCTTATTAGGAAT,7
AAAGATTAGGAGCGGCATTT,6
TGTCAACACTGCCCCCTCGG,6
AGAAGTTGCTGGTGGCCCCA,5
AACCTCTATATGCTATGGAA,7
AGAGTTTGCCCAGAAGTTGC,5
TCCGGATCCTAGGAAGTCAC,2
ACTCAGGGCCAGCCCCTAAC,5
CACACCAGGCCAATTACTCG,6
TCAAGGGTATAAGTTTCAGA,8
CCAGGAGATGTGGGTTTGCC,6
TCCTGGTATTAAAATTTACC,4
GTGAGCCTTCATCTGGTTGT,5
TTTAAATACAAAACAGAGAC,4
GGATTTGAACTCCAAACCTT,10
CTTAATGACAGGCGGCTGGG,8
TTTCTTTGCGTTCCCGGAAC,13
ATGAATGCGCAAAGTCCCTG,2
TTCACTGATAATGTGAGAGG,8
CACGAAAGAACAAAAAAGAT,4
GCAAAGGGATGCATTGCCAT,0
GTCTTTATTAGGACATCCAC,5
AAAATGCAGGTGCAGGATAT,8
CTGAGCTGCAACATATCCAT,4
TTAGGAGGCATCTCTACTGT,6
GAGCAGCAGCAGGTGTTCCG,9
CGGTAGCTGAAGGCTGAGGC,1
GTGACAGGAATTTACCGTTT,9
TGACGCGTGGGGTGCGGTGA,4
GTGAACCGCAGGTCTGAGAA,5
TTTCTCCCGCTATTCTCTGA,6
GCAACTCACCATAAGTTACC,16
CAGGGCACAAGCAGCGGTCT,1
AGGGTCAGAGCACGTTCTGA,2
ACAGGGGGTGCCCCCATATC,5
GCTGAATAATCCGGATATGG,12
ATGGTTGTGAGATCCTAGAT,6
GAACAATGACAAAACTCAAC,9
GGGTCCCCCGCAAACGCAGC,0
CCCAGGACCTTTACTTTGTT,8
AGGTCCTGGGACACAGAAAC,11
ACACTTCTGAGAAAAGAAAG,5
GCAAGAGGACCACGTATTCA,5
GTAGTAGCCCAGGCTGTCTT,4
GCAAAGCTCACGGGTGATGA,6
CACAAAGGTTGGAGACCAGC,2
CTAAGAGTGTCTAGGGACTG,10
CTTGGCTCATGGCATTCTCT,2
AGGCTATGATGCCAAAGCCT,1
AGATGTGGGCCAGGCTGGAC,7
TGCCAAAGCCTTGGCCAGGA,10
CTCTTCCCAGTGACAGGAAT,0
ACTGGGAAGAGAAGACTATG,5
CAATAACAACAACTATGTGG,0
CTATGTGGAGGCTGGAGAAT,5
TAGAACTTGATATGTAGACC,2
AGAATAAGGAAGACAGACCA,4
TCAAAGTGTTTCCGGCCCTT,6
TTCTAGACCCAGGTAAGTCA,3
TAAAGTGCAGGATCCCCGGC,4
GCACTTTATCCAACACGAGT,7
ACTCGTGTTGGATAAAGTGC,7
GCCAAATTCCCACTTCTTTA,8
TAACTGTGAAGGTTAGACAC,4
AATCTTTCTAAGAAGTGAGG,7
CGAAATCTTTCTAAGAAGTG,5
CAAAGAGGAACCAGAAATAA,5
GCTTACGTCATGTGTCTCTC,6
AGGGCTAGACTGCTCACGGT,3
AGATACCACTAACTTCTGTG,1
GGAGGGGCCACTGATGAAGC,7
AACTTTAACCACCTTCATAA,6
CACCTTCATAATGGTGTTAA,3
TTCGCCTCCCCTTTGTCCTG,6
TTATTGGTAATTGACTACTG,6
GATCCTTCTAATCATTTCAT,5
GGAGGTTTAAGACAGGATCT,5
GAAGGGACTCTGTGAGTTCA,9
CCTCATTCTTCTTAGTGCTT,5
CTGGGAACGTTCCCCGCTCC,4
TCTGCTACTTCTGCTGAAGG,6
CGAAGCACTGGGAGGCAGCG,6
TCAGAGGACACTTTCTGGCT,8
ACAAGTATATCAACCAGAGC,6
AGCTCTGGTTGATATACTTG,5
TGCTTTCTGTGCTATTCATC,8
GGTGTGTCTGTGTGGTTGGT,8
TCACCACAGTGGGTGGAGGA,0
ATATATATGGCTCACCACAG,7
CATATATATCTTTGAGAGGC,5
CTTCCTGTTATGTGTCTAGC,5
GGCCTAGGAATGGATCTACT,3
GGGTGGTGACTGGGAAGAGA,6
TTGCACTCTTCATTTAAGTG,8
AGGGCTTGGAGGTAGAATTC,4
TTTCACAAAAGACAGAAGAA,2
CTGGAAACAGAAGCACAGAA,6
GTCTGAGGGCTGGAGGACCT,8
TGTTACAGAAAACGAAGACT,9
GGAACTAAAGGGCAGAGGAT,2
TGGATGACTTCATGACAGGC,3
GGTATGGGGGAGGGGGCATT,7
TTAGTATCTAAGTTGCGATT,6
TAAGCCCGAGGGGCATCATT,4
GGTGAGGTTCGGACGGAAGC,5
TAAGAGAAAGATTTGGTACA,5
TAGGCTGGATAAAAAGAAGT,5
AGCCTAATTCATCCTTACCT,7
CATGTTCATCAACTAAACTC,13
CAGAGTTTAGTTGATGAACA,7
ATGAACATATCGACTGTGCT,3
AACACATCTCAGGGGCTTTG,8
TGTGCCCCGCACAGCTCTCT,2
GGAGGTTTCACAAATGTGAG,7
TAGACCTCTGTACTCATCTC,8
AGATTATGAGGTGATTGTTG,10
GCTCTCTGCTTTGTGTGGTT,10
GCTGATTCCAGGGCTGTGGC,5
CCCCCATAGGCTCGAGTTCC,4
GAATGCTGATGCTTATGTCC,7
CTCGCAGCATCATTGTTGAG,7
ACAGCCTAGGTGCTGGCCCT,12
CTCTTACAGGCAGAGGACAG,11
AAGGGACTGGAGTCGGGGGA,2
GCAGAGGAAAGGGTGGGCGG,7
AGGAAGGAAGGAAGGAAGGA,4
ACAAATGAGAAGGGGAGAAA,6
ACGGAGACAGTAGAGAAAGA,6
AAGTGAGAGAAAGCCCAGCC,6
TGAAGCAGGGCATAAATCTG,5
ATGATGGGGAGATGATTCAG,5
TCAGGACCCTCAATCTCCTC,3
CTGAAGAGAAGGGGGGCTTG,6
ACCGGCAGAGGAGATTGTGG,10
TGGATGTCGCTCAGGATTAA,4
CTAACTGTGGTGCTGGTTTG,5
GGATTAAGGGTAGCTAACTG,3
GCAGGTGTGCGGTCCAGCCT,5
AATGGTTTACAAACATTTCT,3
GATCTGGGACAAGGCATACG,6
AGGCCACTTATTTACAGCTG,5
AGAAGTGTTTAAAGGTTGAC,4
TGCTTGTTAAAACACAGTGC,7
ATCTTGTCTTGCTGTATTAA,2
CTGGTGCCCATACTGATCCC,5
GGGACACACTACAACTGGCT,3
AGAGATCTTGTTCAGTGTTG,6
GCCAACTCCCGTCACTCCTT,5
ACTGGAGAAGTGCATCGAAG,17
CTTAAGACTGCCCATTCACC,6
AGGGTCAGGGAGAAAGCATG,4
CATCCATGGGATGTGTTCAG,3
GTAGATATAAGGAAGAGTTG,10
CATAGCTTGACTTGAGTGTG,12
AGATGATGCTCACTGCTCAT,11
CTCCATCCCATAGTCCTCTA,5
CGGTTAGAAGACGGGACACA,6
ACGGCCAAGATGGACGGCCC,9
AAAGAGGCTCATTTCAGGAG,5
TCCTAGAAGCTGTTCCTCAG,6
GAGTCTAGATGTTTAGGGTC,7
GCAGAAGAGGCAAAGCGAGC,3
GAGCAGATGTGTGAATGGAT,3
CCTCACATTTAACCGTATTT,10
AGAAAAGAAAAGAAAAGGAA,7
TTGGGGTGGTTTGTATCTGA,7
CTTAGGGAGCCATTTGCGGA,12
AAATGAAAACAGGTTTCTTT,5
TGGGCCACCATCACCAGACT,2
TGTATCTGGGAAGCAATTAA,5
AATTAATGGGATTTCGATCA,9
AGGCTTTCTCTGGGTAGCCC,7
AGCACTGGGGTGGTAGAGGC,5
TTAAAAGCCCCCAGAGGCTT,6
ACTCACTCTAGATACCAGGC,5
TTAGGGAGCCATTTGCGGAA,4
ACAAGTGTACATGTCGGTAC,12
TGCATATATACATACATTAC,1
ATGCAAACAAGTGTACATGT,7
TCCACCATAACTCAAGCACT,11
CCACAAAGTGGAGGGGAGTG,11
CTTACCAGCTGTCCCTAAGA,10
CCATACACACTGCAAGGGAG,10
CACAGTGTAAGAGGGCACAG,2
GCTATAATCCATCAAAACTC,6
AAGCCCAGACCTGATGCATT,14
AGAACCTAGACTCTCAGTGC,2
GAACCTAGACTCTCAGTGCA,6
ATTTGGGAGACAGAAGCAAG,6
TGTGTAGCCCTGGCAATCCT,2
ATAGCTAGAATTTCCAGGTC,5
GTATCTCATGCATATTCTCT,12
TTCATCACACCCCAAGTGAG,7
GGCGTGGAAGCCCCTCACTT,4
CACCGAGATCGCCCCGATCC,4
GACGGCCTGTACACCGTGTT,6
TGTAGCCAAAGAACGACCCC,5
TTATAAGAGTGTGCACTCAT,7
GGTGTGGAGTATTAGGCCAA,3
GCCATTATAGTTGGCGCTTT,2
AGCACTCAGGAGGCAGAAGC,10
GGAAAGGATGGGGCATTTGG,4
AGGGGTGAGTTGGGAGGAAG,9
TGGTTGAATCAGGGTTGTTA,5
AAAGCGAAGGGACGGTCCGT,7
AACCCGCAAAGGCGCTAGAC,0
CCTAAAATGGAGGATTTCGT,9
ACCTGGATCCCTTCTGGAAA,3
GCCCTTTCCAGAAGGGATCC,6
AGGAAGAAATCTCATTTCTA,3
GTTGTCATTCAGTGCTTTAA,4
TTACACAGGCACTGCACTTG,5
AAGTGCAGTGCCTGTGTAAT,3
ATGCGATTAAAAGTCCCTTT,5
CACCACCATTCCTTAGCTTT,11
GGCCTTGGGTGTGCCCCGAA,2
CCAGCGCTGTACCATCAGTA,5
GTGCGCTTCTTGTCATTAAA,7
GTCTGCCCTTGCCCTAAGGA,4
TGTCTGCCCTTGCCCTAAGG,2
GATAAAATGGAAAAGCAACC,3
TTACTTTGGAATCGCCTGCT,5
TTTGGAATCGCCTGCTGGGA,2
CACATGAGGAATTGTATTAA,3
ATTTCGAGGGGAGTAGGGGG,1
AAAAAGATTCCTATAGAGTA,5
ACTTTGTATGATACAGATGG,8
GAAGAGGAGGGGTAGGAAGG,6
ATGCGGGCAGAATCGACGAA,6
GGGGGGGGGGTAAATGAGCT,5
CGAGAAACTTCCTCAAGTGA,3
TGGGATGACAGGCGTCAACT,3
AAACTTCCTCAAGTGACGGG,8
GAGGGCGTACAGGACTACTG,2
TGATGGATATGGGGGTTGGG,7
GGAGGGTGGCTGTTAGCCAT,8
CCACTCTGGTTTCAAGTTCT,3
ACGAGTGGTGTCTTCCACTC,7
CAGCAGTTCTCTGGCTTGCC,4
CTTTAATCCCAGCACTCTGG,3
TACATAAGAAACGTAATTAC,3
ACTCCCTCTGTAGACCAGGC,5
AAGTAATTTCATATGAGGAT,7
AGTTAATGAGGGTGCCCAAT,4
ATTTCATATGAGGATAGGAT,11
CAAGTGACGCGAGCCTGCCC,6
GACAGACACCAGGATCCCAG,5
AGCAAGCCACTGAGCCTGTC,4
TTGCTTAGCACTGAGTGTCC,8
AGGCTGAAAGAAAAATTACA,1
GATGCTTGAAAAATACATCC,8
GACACACCAGAAGGCATTAC,12
GTCTTCAGGCACATCAGAAG,7
GTCCCAAGGGTTAGGAGCGC,1
AGGGACACCGCCGTGATATT,7
AGTGGAAGGCCAGCAGGGCT,5
CACATTGTAGAGCCAGAAAA,3
GACTGTACTGTGAGGGAGGT,14
ACTGTACTGTGAGGGAGGTG,14
AGGAAGGCACATCTCTTGTG,10
GGAGTATCATGAAACAGACT,7
AGTCTTGGCTGACCTGGAAC,7
GTCAGTCGCTAAAACCGAGA,7
AATTTAGTTTATCAAGTGTG,9
AGGACTGGCTTGGGAGGTCC,11
CTAGTGTTGGGGAGTCGGGA,2
CGTGTGGAAACTGATGCAGG,5
GTGTCTCTTCATTTCAGTAG,4
TCTTTCTGCTGACAGTAAAG,10
GGCCAGGTGCCATCGGGGGA,9
GCGAGGGTGAGTGAAAGTTG,6
GACTAGTTGTGGATTACATA,5
TGGGGACAGCCTTGATACTG,8
CTAAATGTAAAAGCTAGCCG,5
TTCTCGGAGCGTCCTATCTA,7
GTACAGCGGGAGTCCCTCTC,10
GAGAGGATGAAGATGATGAT,5
GAGATGGAGATGACTCTCAG,3
AAGGAGCTGGTGCCGCGGGG,3
CCAGATGCAACTCTTGAATA,4
CAAAACGGATTCCACAGACG,15
TGCTTTGTTCCATTCCGGGT,5
TTTCACCCGACAAAGCGCGG,3
CGTGGGTCCCCGCACGATGG,7
GCACGGCCTTCCCATTTCCT,4
TCCCTGGCCCTCCCCGATCC,16
TGGGTATCAAGTATCTGGCA,5
TCTTAACCTGACGATGAACA,3
CATCTGTCAAGGTGTCTCTT,4
AGCAGGAGCAGATAGCACGC,10
CTAAGCCGGGATTTCTGTGA,5
GGACCCGCAGCACAGCACAG,6
TTAGGGCCTAACATTTGGCA,4
AGAGCATAATTCATGGCCAT,6
GACTAGAGTACAGCCGGGCG,13
TCAGAGGCAGGTGGATTTCG,2
CCTTCAGAAGGGGCCCATCA,14
TCTCCTGTTCCAGACCATGT,6
TAGAGATGCTTCTCATAAGA,4
ATGTGAGGTGGAGACAGCAG,10
CACCGTTGTGAGTATTCACA,5
CTGAGGGTGTAGGGAATGTG,5
CCGGTCCCTCCCTTTAACCT,7
CGAGTAATCCGTTGGTAGTC,5
TGTTGCATTCTGGATGCGGA,7
AGAGTGAGAGGTTGAAACAT,1
TCTTCCCGGAACTTCGGAAA,6
TTTGAGATTTCTCGGCTGCT,8
TGGCCTTTGCCGCATCGTGC,14
ATAACGCAGGAAAGCAGGAC,9
TGGAAAAGTCCAGGGATCCG,6
CTATTCACTGTGCCTATTAA,6
AAACCAGCCTGGCACGCGCA,7
TTCAGACGTATCAGGACATG,10
GTACTTTAAGGGGAACTGGC,7
ACTAGATTAAAAGTTTAAAG,3
GAGCCAGCGTGTGCATCTGT,3
CAACTCTCCTTACCAGTCTG,9
GGGGACTACAAAAGAGTGAA,3
GGCACATATCATCAGCTACT,9
GACCTCGAACTTGGACCTGC,2
ATAGAAATGGTGCCCTGGGA,4
GTCTTAAGAATCTTTGGACC,7
CATGCTCAAGTTTGGCGGTA,4
TTTGGAACGGTTGCAAAGTG,11
GGCAGTCGGATCTCTGAGTT,4
CTTAGCATGTCTGAAATCCT,8
CTCAGAAATCCTCCTGCCTC,7
AAGGACACAAGGACCAGCCC,3
GGATGCGGCTCAAGGGTAAG,4
CAAGCAAGGGATGCGGCTCA,8
ATGCTGAGACCAGCTCTACC,6
GACAGGAACGGACAACGCAG,4
TTGGCACCTCCTAGAGCACT,7
GGACATTAACACTTAACCAA,4
AGGACATTAACACTTAACCA,5
TACGCACATAGCCTTAAGCT,8
CAGCTGCAGGGTGGATTTGC,4
GGCAGGGGGTGTCTGGAGAG,3
GCTATCTTGCTGTATCCTAT,3
TTGGAACTGATGGCGAGACG,9
CGGTGGGAGTGGGAGGTCTT,3
ATGGGTGGCTCAAGAAAATG,7
GTCTGTCTAAGGTTCAGCCT,3
CCTCACACCTAGTCTGAGGT,3
TACAACCAGCAGAGGAGCCC,3
GGTGGCAGGAAATGTTTGGC,7
TGCGTAGGCAAACTGCAAAC,3
ACAGCTTGATAGGATTTGCC,3
CTGTGTCGGAGTCTGAGGTC,8
TACTAGACACAGCAACCCTC,3
ATACTTTCCAGTCTCCAGCG,2
GGGAGTGGGGTAATAGAAGG,7
AGAGGCCTCCAGTCTGAGAG,14
TACTTTGACTAGGCCCACGT,6
AGGAGGGATGTTTCTTACAC,8
CTTACACAGGCCATGTCGTC,6
GATTCCAAGTTGGGTGGGAT,6
GCCAATTTCCCATGCTTCCT,4
CCAAGTCCCCCTAGGAAGCA,4
ACGACAGAGTTGTCGTAAGC,3
GGCTCAGGTGTGCTGAGCGA,9
CGAGCCTTCCCAGTACTACC,4
TAAGAACCAGAGACTTGCAG,5
GAAAGACCCCGGCTTCGGCG,4
CAGGGCTCTCGGAACAGGGG,3
ACGGGCGAGCTTTGCTTAGC,9
GGGCTGGTGAGATGGCTCAG,3
GACTGACTTCCAGGCAACTG,4
CAGTCCATTATTATCAAGGT,2
AGGCCTGTAATTTCAGCTCT,12
GGACAGTTCCTGGGGAGCCA,9
GTCCAGGTCCAGCTGTAGTC,9
CTGCTTAGCGCAGCGAAATG,5
TCGGGGCGGCTCACGGGAAA,7
GAACTAAGCACCAATGTCCT,8
CATGTACAAATGGGCAGATG,7
TGTACCTGTTCATGTACAAA,7
TCCCGAACGCTAGACCAGCA,10
CATCCTTCTTGGCCAAAGCC,6
TTACAAACTAGGACAAACAC,7
GCAGCGCTCCCGCAATGAAT,5
CGGACCTGCTGCGGGCCGCA,4
CTGCATACAATCAACCAACC,3
TCTTCTCATAGAGGTAACCA,5
TCTTGGGTCCAGAGCAGGGC,5
TCTGCTTGTTAACCTCTGCT,12
AATTCCTCCCAGGTGGCTGC,8
AAGATGCAGAAATGGAGAAA,5
CAGGGAGTCCAGAGGAATGA,9
AATGCTTTGGATTGAACTCA,9
ACCACACTGTTCTCCCTGAC,8
GAACAAACAGTGGTAAGATG,3
TACACTAAGGGGTTTGTGAA,3
GTCAGGCTCCTTTGGGGCTC,5
AGTCGATTTAGCACCTAGTA,9
AGAATGAGGAATGGCCATTT,14
GAAAACAAGAACAGAAGTCG,2
TTTACAGTTACTCCCCAGGA,5
AGATAAAATGAGAGGGAGAC,2
AATTTCGTCCTCCTTTGCTC,5
TTCGTCCTCCTTTGCTCTGG,3
AGCAGGCTCTGGATGCTGAA,7
TGACATCAGGCAGAGCCTCC,7
AGCGCTGGGCGTCTCCACGC,7
TGAGACTAAGAACTGCGCCT,3
AAGTGTCTTACCACTGAGTT,9
TTCAGGAGGAACTGTATTAA,7
GCGGCTGGTACTCAGTGTGG,4
ACATAGTGAAGAGGGGGAGG,5
TGAGGATTTCACTTCGGGAT,7
TAGCCCCTGCAAACCCTGGA,5
AGACAGGCGAATTTCTGAGT,6
TATAACATACAGGGTCAGCT,8
TTACTAGAAAAGCTGAGTGT,5
GCCTAGCATGCATGAGGCCC,8
CTCCAAAAGCACTAAAGGAA,1
GACCCACACACACACAACAT,6
CTAGAAGAGGAGCATTTGGC,4
AAAAAGGAAAGCGACGTTGT,1
TCTGGCGACTCCAGGTCAGT,7
ATATATGTGTATGTGAATGG,5
ATAAAAGGCTGAGCCTGGTG,8
TCACAACTCCATGCCCATAA,3
GGATGAGGAAATGAATTTGT,3
TTCAGCCAGCTCTTGAAATA,10
TGTGCTCTGTGCCTTGCCTA,4
TTGCCACCACTCTGGCAGCC,9
AGCGACCATGCCCCCTCACT,4
GAAGGCTGAGCTGAGTGTGG,6
TCTCAGGTCTTGTTACCCTT,6
CTTCTGTTTAAACTCTCAGC,1
TTCCTGCTGAACTTGCCAGC,6
ACTTGCCAGCAGGAAGAGGC,3
CACTCGTGGCTAAGGTTCTA,11
CTTCATCCATGGCAAAGGTG,11
GAAAGAAATTCCTGGATACA,4
GCTACGCCCAGTCCGCCACC,7
CCCATAGCTCCACTATAGTA,0
GTGTGGAGGGAGAGCTATTT,3
ATAGGAAGACTCAAGAAAGG,1
CTAATGTGTGCAGTAACCTC,4
GAGCCTAGAGGACAAGGTAT,0
TGAGCCACCACGTGGGCGCT,4
TGTCTGCAGCTCCAGTTCTG,1
TGACCCTTAAAAAGAAAAGT,1
GGTTGCCTAAGAGGAGACAC,9
AGAACAGCCTAAAGGCTCCT,13
ATGAGAAAATCCTGCCTGAC,7
AGGGTAGATGCAGGAATGAA,5
TGGAGAGGGCTAGTTACTTA,4
AGACATCTAGGAACCCAATC,8
GATAGAGCAGCCAGGAGGAC,13
TGTCAAGAGGTAGGAGACAT,5
ACACTTGTGTGCGGCTGAAA,10
CAGACCCAGCAGGAATATTT,6
ATGAGTAGAAACAGAGCCAA,7
TCAAGGCCCTCGCAGAGAAA,4
GAAAAGAAAGAAAAGAAAAA,3
TAGAAAAAGAGGGAGGAGCC,4
CAGGTCGGCGCCCAATCCAC,8
TGGTTTCGGGACTCGGGTCT,8
TTTCAGAGAGATGGCCCCGC,7
TTGAGAGGAGATGAAGCCAC,11
AAAAAAAAAAACTAGAAGCG,1
GCAAGGATGGAAGGCTATCG,8
GTCCTGAAACCCAGTACCAA,7
GGGTAAAACTCTCCCACCGG,3
TATTCTTACTGGGGACAAAA,2
AAGCATCTGGTGGGTTTGCT,5
CATTTCTAGGTGACTGGATC,10
GAGATTTGGTTCCCAGGTTG,6
GGCTGCAGCCCCATTCAATC,12
AAGATGTCAGGGGCAAGCTG,8
CCCGTGCTTAGTGTCCTCTT,5
TGGAGTTAATCGGTAGATTG,3
AATCATGGAAGACATAGAAA,8
GTTGGGAAGGGTTGTATAGA,4
GTGAGGAAGACAAATATACT,3
TATACTAGGCTGGGTTGGGA,5
TTTATTCTTTAGACATCTGT,8
TCGTGAGGAAGGAACAGAGA,6
CTTCTTCCCTCCCTCTCCTC,5
AATCCTCTTCTGTAGAGACC,9
ATACGAAAACGCGAACGAAG,3
TCCAGAGCTCAGAGGCAAAG,10
CTCTCCCGCCATCGTCCTCT,13
ACATCTTTCTCGAAGGTCTT,3
GGAAAAGATTCATCGAAAAG,2
CAAACAAGTGACTTGGGAGG,10
TAGATAGCAAACAACCTTCA,1
AGTATAACCAGAAAACGCAC,2
AGCATCTTCAGGGGCAGATC,4
CTAAATCTGAGAAATCCAAC,6
AGGCAGGTGGGGCTCCTCCA,3
AACAAGATATATTCTCGGTG,6
AGAAAAACAAGATATATTCT,10
ATGAGTCAGGAAGTATGTGA,6
ACAAGTCACCAATACCAGAC,7
TTTCTAAAGGTTTATGGAGG,5
TTTCTGCGCAGCTCTGGCCT,6
TCCTAATTGCTGAAGAGAAA,7
TTGAAGGCAACACGTGAGGC,5
TCAGAAAGCATAAAGGAATT,4
TGAGCACATGAATTCTGTAA,5
TCCTGGCCTCTTGAAGCACT,7
CTGCAGCTGGGTAGGTGGGT,8
TGTTGGACGTCTCGCCCGCG,8
ACAAGACAGAGCACAGCTTT,8
TTAATCTCTAGGCCTCCCCC,11
GCACAATACGATCCCTAAAT,9
TTAATAAGGGTATAAAAATG,5
TGAGTAGAGTGCAAGTACTC,2
ATTAAGTTTCTTCTATAGCC,4
GCTAAACCCGATTCAGGTCC,8
AGAAGAAACTTAATTCAGAA,2
AAGTCACCAGAAATAGTAGC,3
ACTATTTCTGGTGACTTCAG,4
GACTCAATGGACAGGAAAGC,12
GACAGGAAGAACCAGTTGAA,10
CTCAGAAAGCTTGATTAACT,3
GGCCTGAGCTCTCAGCATTC,2
TTCCAGAATGCTGAGAGCTC,7
TTTACATGATGGTGGTCAGA,8
CCCTCATAAGCAGTGCCCAC,6
CATTTGGTTGCAATACTTTC,8
GTGCCCATTTCTAAATCTTG,18
GGCGTCCCGGCTCGCGCCGG,4
AAGTCAGGGCAGCAGTTCTG,8
TCCACCTTTGGTGACCTGGT,4
ATCGGTGTTTGTATAAATTT,8
TCCAGTGAAAACGCAGTCGA,2
TGCGACAGAACTGGCCAAAG,6
CCCTTCCATCAGCTCCCCCG,13
ATACAGTGGTAAGCACTAGG,14
TGGTAAGCACTAGGAGGAAG,11
GATGCAAAATGTGTGCCGAG,6
ACTGGGGCATCCTGACCCGG,9
GGAAATGAGACGGAGGTGCG,8
AAACTTAAGTTGTCCAGAGT,1
CCCAGTAGTAAAAAAAAAGG,7
AGGGGTCAGGGGAGACCTCT,2
GGGGGACCTTGACACCACAG,7
AAGACACGAGTCAAGGCGAC,4
CTTCGGCCTTGGAACGCGGG,2
GCAGGCTGGCCTGGAACTTG,9
TTTAAACACGTTCATGGGCC,3
AGGGTCTCATTCAATAGCGC,1
AGAGACACACAGCCTGTGGT,7
GGAAAAGGGGAGCTGAAGGG,14
TTTGGAGAATCTGTTTCCAT,9
CGTGACGTCAACTCGGCCGA,6
GAAGGAGAATGCTCCTTAAG,9
GGATTTGAACTCAGGACCTT,3
TGGCTGGCGAGATAGCTAAG,4
GTCTTCAGACACCCCAGAAT,7
GGGAGCCACCATTTGGTTGC,3
TACCCTAGTAACAGCCCACC,7
CTTAAGTAATTGCCCAGTGA,4
AAAATAACAATAAAAAGGTA,2
GATCAAGCCTGCCAATACTC,14
GGCTCAGTGGTAAAGAGCAC,4
TGAGATCTGATGCCCTCTTC,3
AGCACTGGCTGCATTTCTGA,12
CTACCCTAGTAACACCCCAG,5
CCCCTCGGACAGAGATCATT,7
GATGGTTGTGAGTCACCATG,5
GTGAGTCACCATGTGGTTGC,3
TCATCCGATCTCAATACAGA,2
GATCAAGCCTGCCAGCACTC,5
TCAAGTTCCATAACAGAAGA,3
TCTATATGTTCACCCTGGAA,3
AAACTTGTACTGGGTGCACG,6
AGAATAGCCAGCTTCAGTTG,1
TACAGTCTGTCAGACATAAA,2
TTGCTATGCTGTGCTAAAAG,5
CTCAATGTCTACTCACTAAA,4
CCTAGAATCTCCACATCTAC,7
GACACAAGAAAGGCACAGGT,4
CCTCAAACACTACATTGCTC,3
ATATTCATTAAATAAAAGGG,2
GTCCATGCCAGAGTGCTGGC,4
GGCTATGCTGTGCTGAAAGG,7
TACCCTAGAAATAGCCCAGC,6
TGACCTGCTGGGCTATTTCT,3
CTGTGTTCCAACCCTCCTGA,7
GTTGTCCACCTTCAGAAGCT,1
TCAGTTCCAGGGACTCACTC,6
AAAAAAAAAAAGCGCGCGGG,1
GGGGTCGTTGCCCCTCGGGG,8
ATCCCTGAAACAGACTTGGG,15
ACATGTACATAATTAGACTT,6
AAAGTCAAAATGCCTGCTTT,11
TTTAGGCAGATAAGCAACAC,7
TAGAGCCTGGGTGGCACAAA,7
GGGTGGGACCATCTCTGGGC,11
AATTAGTGATCAAGGAGGAA,2
TGCACTGTTTAGGGCATACT,7
TCTCCCGCTGTAGAGTTACC,7
GTTCCGGGTGGGGCTAGGCA,7
GAAAAGCACAGGAAGTGAGA,6
GAAATCACATTCTTTCTCTA,8
GAGATATCTGTGAACCCCTG,9
AGGAGTAGCCATGAAACCTA,9
TCTTTGCTTAGGTGGTACAT,12
GGGAAAAACACCAGGGCCCT,6
TTAAAGTTTGTGGTTTAAGT,1
GAAGCAGAGAAGAGGCATGT,12
TTGGACCCACGAAAAAACTG,5
ATGTTCTGGAAGAGTCCTTC,8
AAGAACTGTAGAGAAAGAAC,4
GGTATACATAAAAACATCTG,2
CCTCTGCATTTCATTTCAGG,6
GTGTCTTGCCCCCAGGGTGG,6
CCCGATTCCTGCTGAGATCT,7
ACTTACTAGTTAAAAAGCCT,4
GGCAGTTTCAAAAATTGTGG,10
ATAGGAACCCCATGAAAAGT,6
CGGTGTCTACACTAGAGGAC,4
CCAAACGGTGTCTACACTAG,7
ACCTCCCTATCGCCTTCCCC,4
TCTTCATGCATACCAAAAGA,3
AAACCTATGGGCTGGATGTG,16
AAAACCTATGGGCTGGATGT,9
TACAGTCATAATCATAGGGT,6
GTGAATGGGGACACTACAGA,7
TGGGGACACTACAGATGGAG,5
CGCCAAGCACTGTATAAAAG,7
TTCTCAAATTCTGTAAAGGC,6
ACTTTGACAGAACTGTTTCC,6
AGGAGAGAGAGAGAGGGAGA,6
CGGTGTGATGTTTGGACGTC,8
GTTCTAGAATTCTCACTACA,5
CATGACTTCTGTGTAAACAC,11
TGGCAAGAGAGCTTGGGGAT,6
TATCTTTGAATTCTCAGCAC,4
AGACTCCTTTCCCTCGCGTG,5
AAGGGAAAACAGTAAGTTCC,4
GGTTGCTGGGAAATGAACTC,5
TTCTGACTTCTGTGGGCACC,6
ATACACATATGCACATATGC,6
GATCTTCTTCTGACTTCTGT,8
TTCCCAGCCCCAGGAATGGC,6
AGTCAGGGCCATGTCTTTCC,5
GAGAGAACCGGAAATTTAAA,4
GCCCCTCACTTATATAAGTT,4
CTTCAACAAGACTCCTGGCT,6
GCCAGGAGTCTTGTTGAAGC,13
AGAAGAAGAAACCCGCAAGC,7
AACCCGCAAGCGGGAGGATG,6
ATTCCCGTTCGCGAAGGACG,15
ACTCACTTTGTAGACCAGGC,3
AGGGTTTCTCTTTATAGCCC,11
ACTTGGGAGGCAGAGGCAGG,10
AGTGAGATCAAGGCCAGCCT,11
TCACAGAGCTCTGTCTAGCT,7
GGAGACTCTCAGAGTTCACC,2
ATTGCCATGAATTATTGGTC,9
GTCTCTGAAGGTCTTTGAAA,3
AGACCAATAATTCATGGCAA,4
TCTGGGGGACAGAGGTTTGG,3
TAAGGGACTCCAGAAAGGAA,4
CCTCGCCACAGCGGGAGTTG,5
CGCTGTGGCGAGGGTGCACT,3
GTGGGGACATAACAACTCCA,4
GGCCTTGGGGCCAAGAGAGA,1
TTTGGCATGTTTGAAACCCA,5
CCTTGACTTTGTCCCTCTTG,10
GCGAGGATAGGGAGACTGGT,7
GTCGTATTCACAGGACGTGA,2
AGTAAGCAAATGGGTGCTCC,8
GTCTGTGTTCATATAAGTGG,3
GGCTGCTATAGACTCAGGTC,16
TGGCTGCTATAGACTCAGGT,2
GGGCTTTGCGTAGGGCATGA,4
AAGTTAGTGCGCATAGATGT,10
TCCCTGTGAGAAATGAGTAG,5
GCTCTGACAGTCAGTCTCTT,9
ACACCCAAACCCGAGGGCAG,2
CGAGTCCCAAATCCTAGCCC,3
TAACACCTGCATGCCAGAAG,5
GGTTGCTGGGAATTGAACCC,2
CCCCAAAGGGGAAAAAGTGG,4
AAAGACAAGAGGGGAGGGTG,7
AGGCAGGTACATCACACTCT,4
AGAGAAAGTCAACCCACCCC,5
TCGTCCTGCGATGCAACAGT,3
GGATCTCCACGGAGAAAAAA,6
CACGAGGGACCGGGAGGCTG,8
TGCAATGATGCTGTGGGGGC,4
CTTTACAAACACTTCGTACA,5
AATACTATCCTGGAACAAGA,6
AATAAACAGTGAGAAGCTTG,7
CAATTAAGATCACAATATCA,4
GACTCCTAAGTCAGCGTTTA,9
TGGGAAAGTAGCTGGCAAGA,6
AAAGTAACTGAATTCACTCA,10
CTGTCCGTAACTCCAGTTCT,2
TGTATCATCATATGTATGCC,4
AACAGGTAGAAGAAGGACAT,9
ACTGCTGTAAGAGTGGCAGA,9
GTGCCATTTCTTAAGGTTGT,7
AGTTAACTGCCGAGCCGGTG,7
ATAAACTCAGGGTACAGAGG,9
TGAGATTTGTTATTGTGGGT,6
TTCCTGAGAGTTCAAAGGTT,3
TGTTGAGCCCAGCTTGGAAA,9
GGCAAGGCAGGCAGCAGCCA,7
TCGAATTGTTGAGCCCAGCT,1
TGGCATCCGTTATCCTTCTG,1
CGCGTCCTGCGGCCTTAGTC,5
TTAGTCCGGTCTGGCACCAC,4
ATGTGTAGATGATGTGGGGG,9
GTGTGTCTATTGTATGATGG,8
CGTGTGTGTGTGTGTGTTGT,3
AAAACGAGATCATTTCTAGG,8
AGTAGCTGACTTTAATGAAT,5
TAGCAAAAGCCTACAGAAAG,4
TTAGATTTCACAATAGAAAA,5
GCATGCTTTCCTAACGTGCA,8
GAATGTGGCATGGGGGGGTG,7
ACACCCTCTCCCCCTCAGCC,3
AAGCAGCGATTCCCAGGCTG,11
TTGCAGATGAAGGGGATGAA,4
GCTTCAGGCATCATAGGGAG,6
AATGAGGCTTTGAGAACACC,7
ATGTGTAACATAAACTCCCT,12
TCCCACTAACGATGAGAAAA,5
TGGTGCACATTTGGCACAGG,6
CATCGGGGGCCGGGCGGTTC,5
ACCACTGTACTGAAGGGTCT,2
GGGGGTCACCACTGTACTGA,6
TAGAGGTTCACAAGCTCATG,6
TGGAGCCAGTAGATTGGATT,10
CGTGGCTTGTCGCTTCACTG,5
TTGGGAAACATTGTGTTCTG,5
CAAGGGAGGGAAGCACAGTA,1
ATAAAGTGTGGCCAGAACTA,8
TCCTGACAGCAGCGTGAGCC,4
CCTTAACAGTCGAAAGCATC,7
TGGGATCAGATGCCCTCTTC,10
GGGTGCTGGGAAGTGAACCT,10
CCGTGTCAGGTGCTTGCACT,8
TACATTCTCTGGGGTATAAT,0
GGGTATAATCGGGCCTCTCG,8
GGAATATTACAGGGGGAGAG,4
TTGTCTAGCAAGATGGTGCA,6
GCTTTGGCTCACAGATAGCT,4
GGGGACCAGTGTCAAGGCTC,7
TGGAGTGACATTTGCTCCTA,12
AGGCAAAGGGCAAGGGAGCC,6
AGAGTGGAGGCAAAGGGCAA,3
CCTGCTACTAGGCCTTGACT,10
ACTAGAGGGTGAGTGTTGCT,4
GGCTGCTCTGCGGTCTCTTC,5
AAGGGGCGTGCTGGGGATCT,1
TTCTAACAGTATGGAGGCAA,13
CAAGAGATCTCAAGAAGCGA,5
GGAGGAAATTGGTTTCCTTT,9
TGTCGGGTGGCGCCCGCGTT,7
AGGTAGACCAGCTTCGGGGT,9
CGCGGGCGCCACCCGACACC,6
ATTAGCACTTCAGAAGTTTC,1
GGAGCAGAATGGCTGGAGCG,2
AAGAAAAGAAAGGGAGGGGA,2
GGCATGGAGTTCGGAGTTAA,14
ATTCTGTGTCAGCTGATCAT,5
TAAATTAATAGATGGATGGA,2
GACAAGGTAGTAGTACTGGG,11
AAACATGACTATGAATATCC,2
AGGAGATTGCCTGGGAGTAA,3
CATAGACAATACATGCACAT,7
ATCTTCTACAGAATAGTCAA,8
CCTGAGAGTTAACAATACCA,5
TCTCCAAGGGGAGGTGATGA,9
CAGACAGGTGACCAAGCAAG,3
CCACTCCCAAGTTAAAAGTC,9
TTTAACCCTTCAAGGGGCGA,5
CCGAGTTCAGAAACAAAAGT,4
TAAACTCCAGCAATCAAATA,1
ATTGCTGGAGTTTAAGCTGG,6
AACCAGAATTGAAGTGCTGT,5
TAGCAGGTCAGTGCCGACAG,6
CTCCTTCAGGTGTCAGGGTA,5
CTTACCCTGACACCTGAAGG,11
TCACCTGGTGGGACACCGAT,5
GTTCGAGTGAACTTTGAGGA,5
CACTCTAGCAAGTCACCTGG,10
ACTTGTTTCTCAGAGGCCTA,3
AAAACACAGATTCACACTGT,6
TCTCAGAGGCCTAAGGCTGA,3
GGCTCATCTCCACTGACAAA,3
TTTCAGTTCATAAAACTGTT,3
AGAGGAGCTGAACAGCGGTG,6
TGCTCCAGGAAATGTCTACC,4
TAGCCCAGGTAGACATTTCC,6
CTCAAATGTTTAGAGACCCT,2
GGGAGTTAAAATGGCCTTTA,2
TAAAATGGCCTTTAGGGATG,2
CAGGCAGACAGATGAACCCA,0
AACATGTTTACGGAGGGGTG,6
ACCTTGAACATGTTTACGGA,9
GACCTTGAACATGTTTACGG,14
TGGGGTCCGAGATCAGAGCC,4
CCTGATTGAGTGCGGTGATA,6
CAACTGAAAGGGATTCCTAA,12
AGTGAACCCTGACTAATACA,0
AGGGACCCAGTACCCTCTTC,11
ACTGGGTCCCTGTATTAGTC,5
TACAGATGGATGCTTAGGGA,4
GGGTGGTCAGGACCACACCC,4
GTTGTGGCCCTTTATGAGTG,10
GTAAGAGAACATCTTTAGCC,5
TGCCAGGGATGGCATTTGAT,4
CCGTGGAGTATTTCTTCTTC,4
GAAAATTGAGACAAGAGGAT,5
TCGTGAATTCCAGGCCAATC,2
GCGATCTCTATGGAGGACTG,5
GTTTCCACGTTCTGAGGGGG,4
AGAGATCACCCGACTCTGCC,3
GAGGGGGTGGAGAGGACAAG,4
CTCGGTGTACATGTCTTTGA,5
ACCCGGCCCAAAAAAAGAAT,5
GATCTCCTAGAACTTTAAAT,5
ATCGTAAGGAAATCCGCACC,6
TCTTTCAAGGCTTCAATTTG,4
CTGGCACTGCTCTAAAGCCT,4
CCCTAGTGTGGAGCGGGATG,8
CGCCGGGAAGCGTGTGCGTC,7
CTGCACGCTGTGTTCCACCA,12
AAGGTGGTCACAAGTACATG,13
CTTTAACTTAAAGAACTGAA,8
ACACTGCTCGGCAGTAGGGG,11
AAGCCACCTTCAGAGTGTGA,4
CAGCTGTTGGGTTTCACGGC,5
AGCCAGAGCACACAGTTCGA,5
CTGCCATTCCCCGCCCACTG,6
ATGCGTTATCAAGTGTTTCC,6
AGTTACAGCTTGATATCTGA,10
AAAAAGGGAAGGAGGGGGGA,6
CTGGGTGCTATTAAGGAAAA,5
GGGAGCAGTCAGGAAAGTGA,5
TGTGTATCCCTGGCTGTAGC,3
ATTCAGTTTCAGCCGAGGAG,0
TCAGAAAAACAAGAGGCGAA,4
TTCTTGGCATTTCCACTACT,1
ATTCTTTGTGTAACTTGTCG,3
GGGGTTACTCTCTGGGATCC,4
TCTCCCCCATATGGGACTTA,14
GACTAGCCACAGCAGCTTGC,7
GAGTTCCTTAAGTCCCATAT,7
CTACAGGAAAGGAAAGGGAA,3
TTCTGATAAAAGGAACAGAA,0
TATTGTCTAACCTTTGCACC,4
CAGGCCGTAGCACTCTTGAG,4
GCTTTGCTTTGTTTCTTCCT,9
AACAAAGGGGCAGCTGAGTT,10
GGAGGCTGCCATACCTTTGA,9
TGCTTCTGCCTTTCTATTAT,3
CCAGACAGTGTGCTTGGCTC,4
TCTGGTCCTGTCTAAGCACT,10
AAAGTTGGGGGTTGGGGGGG,8
TTCAGACACTCAACAGGAAA,5
CCACCACAGCCCTGGCCAGA,5
AAAAAAGCGACGTTGTCGCC,6
GCCCGGGCGGCTCACTGCAC,4
GTTGCAGGGATGGCCCCAAG,6
TCTCGTGTGCCCGGGCACTC,11
TACACTTCACTCTACACAGC,6
CAAAGAACAGCAGAGATCTG,6
TGCAGGTCTGTCTGCGGCTC,15
TTCAAAGAACAGCAGAGATC,5
AGGGGAGGGAATGTGGAGAT,6
CTGAGCTTCAGGTTCCTCCG,5
GTGAGCAACTGTAGGAGTGT,5
ACAGGGCGGAGTCAGGGCTG,3
CGTCATCCGAAGCAACCCTG,6
ATCCGCTCGTGTCCTGTCTT,6
TGCAGGTGGCATGCCCTGCC,4
AACTCCAGAGTTTGTTTCCT,6
TGTTTCCAAAGAACTCTAGT,6
TCTCGCTGGTCTCCGATTCC,2
TGTGTTGGCCTCTGACTTGG,8
CTGTGTAGCCCTGGCTGTCC,8
ACTCGGGAGGCAGAGGCAGG,7
GAGCCCTGAGACTCTAGGGA,2
TCTGAACTACGTGTAGTGAG,5
CTTCTGAACTACGTGTAGTG,7
ACTAGCTAGCTTAGCCATCC,4
TCTGTACCTGTAGAATAGCA,5
TGGGTGGCAGTAGAAGCTGC,5
CCCATCCAGGTGAGTGAGGC,4
GGCATCCATGAACTCACCGG,3
ACGGACAGGTCCACAAACTC,5
TCTTCAACAGCAGGCGGAGG,6
AGAGCAAGAGCGCGCGTGCT,4
ACTTGCGATCGGAGCACTCT,6
AGAACTCCAGGAGCTGAGGC,5
CAGGCACATTACAGCCAAAC,4
GCAGGAGGATCAAGAGCTTG,6
TGAGGGAGAGCTGGGCTGAG,2
TCTGTGGTTCATGGAGAGCT,4
AAAATAAAAATTAGGAAAGA,4
AAAATCAAGGCACAGGGAGC,7
TGATTTGGTGTATGTGTGTG,7
GGCAACACTGCCAACCCACC,7
TACACTCTGAGAGATTCCAA,5
TCCGTATGTGTCGCTGTACT,1
TTTGATGAACTGAAGAGGGC,4
TCACAGGCCTGCTAAGGTAG,6
GGCCCACATGAGCTATTGTG,7
TCGATTAAAATGCTTCTGTG,2
GGAAGAAGCAAATCTCAGGA,13
GAATATAAAACCCCAAAAGG,2
AGACTTTAAATTAGAGCCCA,6
GAGTCCCAGCATGGAGGCAT,2
ACCAGTTCACTGTTTACTTC,7
AGATCCTAGGGACAGCCCTT,13
GCAAAGAATTATTGCCAGAG,5
CTCCACCACTCCCACCTCTC,6
GGCCGGTAGAGTTGAGGTCA,11
TAAGAAGATGTCCAGCGATC,5
CCTGGTTTGCCGGAGACTGA,3
AGTGTGTGTGTGTGGGGGGG,15
ACTCCCGAGGGGAGGAGCTT,12
CACCCATTTGACCACTTGAC,3
GGAGGGACAGCAGCGGTAAA,8
TCTTCAGGTTGTGGTTATTG,4
TTGTTTGGATGCAATATTTG,5
CTGCCAGCCACTGCCACCCA,1
TGCCAGCCACTGCCACCCAA,12
GCAGCTGGGTGTTTGGCAGT,5
TCAAAAAGCAACTTTCTCCT,4
AAATTCGAGTTTGTGAAAAA,8
GGGTTCAACAATATACACAA,4
TCACACTCTTGCGGCTCCTA,4
AAGGTACTATGAGGGAAACT,4
AAGTGGACAGAGAAGTGGGC,8
CTGTCTCTCGCCCATGGGTC,8
GTGAACTGTGGCTTGTGGCT,3
TAATACAAAAAAAATTCCAA,2
TCTAACCAAATCAGTGCACC,1
AAGACCAAAGAAGCATTTGC,5
TCTTAAGGACTAGTTGCAGT,4
AGGCCCTCGTGGTACCCTAA,6
ATTAGATCTGCCTGCTTCAT,8
GGTCCGAGCAGCCCCACCTG,6
CAGGCTCCACCAGAGGACGC,8
GTTCCCAAGTGAGTTAGAAA,9
AAGAGGGAGTGTTGGAGGTC,14
TTGATGGTGATCATGGGGCT,2
TGCCGGGGAGACCATCACAG,1
CCTGATGTGTTCACACTCAT,14
TGAGGGGATGTGCAGGAACG,3
GGTCGGGAGTTCAAGATCCT,11
ACGACAGCAGATCCGAGGCA,11
GCCGCCAGGATCGTGGTCTC,6
AGGGTTTGAAAATGTCAGCC,9
GAAGTGCCACTCGGTCTCCA,5
TGGAAAGGGGCTGAGGCTGC,8
GTGGATATAGGAGCAAATGC,4
AAAAGGTAGTGTGGGGTTTA,7
AACGTCCTGCGTTTGCCCCG,10
GGCTGGCGAGGACCGGAAGG,8
GGCCGCGGTTGCCATGACGC,3
ACTGTCTGTAAGATGCCCCG,7
ACTTAAGCAACTCTGAACAA,5
CTTAAGCAACTCTGAACAAG,13
GGAGGGCTGCAGAGTTCACC,6
TGGTGCTGGGGATCAAGCCC,2
GAACAGAGTAAACAAACTAG,2
CATGCCTTAACTCCGGTCTC,7
GGTGTCTACTGCCTTGAGTG,4
GGGGTTGGGGAAAATGCACA,3
AGGAACACCCTCATAGAAGC,4
ATGGGCAGATTTACTGAATG,5
GGTGCTGCCTGCACAGTACC,10
TGGGTAGCCGAGGTTGGTGC,7
CAGACACTAAAGGTGGGGCC,6
CCTCTGTAAGCAGACACTAA,3
AAATGCCACGGGCCAGAGGG,11
GAACGAAGGCAGGGGGGTTG,11
AGCATTGTTGTGTCCAAAGA,4
GAACGTGGCCCGAGAGGTCA,9
CCAGGAGGCCAGCTGGAACG,2
AGCACCCTTTCCCATCTGTC,2
TAGCCCTCTTTGGAGAGACT,7
AGAAAACAACTTCTGACTAA,6
CATCCTTTACAAAACAAATA,5
ACCTTGAAATAGGAGCTGTA,7
GCTTTACCTAACCCGGCCAG,5
GGGTTGGTATGTAGTTTACT,2
TTTGCAGCAGTTGCCAACCT,6
TCCACCCAGAAGGTAGAGGG,2
AGAGACAGTGGTGACCTCTC,6
GCCCCTGCCTCCCAAGTGCC,4
TTGTCACTCTCAGGGCAGCT,7
TGGCTCTACACAGTGAAACA,8
GGACTGACTGCGGGACAGCC,4
AAGGCAGGGTGGGCTACACA,8
GTTAGAACAAATCTTCGTAC,11
TGCGAGTGTGCCTTGTCTTT,9
AGACGAGATCTCTGCACCCT,7
CAGAGATCTCGTCTAACCCA,9
GGTGATCACTAGGTCTCTAG,8
GCCATGTTCTGGTGATCACT,8
GGACCTGAGGCCTGAGCATC,10
AAGACCCTCTCCATTCCAAA,7
AATTAGACTGCGTAGACTAA,8
GGGCGACCTCGAGTAGAGAT,6
GTGGTTAATGATAGGAAAAG,7
GGGACAGAAGAGAGGCGGGC,10
ACAGCCATTTCTGGATACAA,11
CTTGAGCTGGCCTCTGGACG,2
GGTGGTCACAGTGTTCAGGG,6
GAGCATCCAAAGGGAATGCA,2
AGCTCCCGGTGCATGGTACT,5
GGGGATCATGAAAACTAAAC,4
AGGAATAATGCAAGTGAGAA,5
AATAGCAATGGAGGAATGGA,5
ACAAATCCCCAAATCCAAGA,4
ATGGAAGGAAAGTGTCCCAA,13
TTCTTTGATTACTGATACTG,2
ATCTGAAAGATGACCAACCA,6
ACATATTTGGGAAGAGTGGA,13
CACAAATTCAAGGTGAGCCT,7
GAAAACAAGAAACAAGTAAG,5
TCTCCCCACAGTCACACAGC,7
GGTGGTGAAGGGTGAGAGGC,3
AAAGGGGCGTGGCCTGAGAT,8
AGGCGGGGCCTAGATGGGGG,5
CCTGCTACTAAAGTTATAGG,8
TCAATAAATGACTCTGTCCA,5
ACCTTGCCTCAGAAACAAAC,7
GAGTTCCAGGCTGGCCAAGA,9
AGTTTCTAAGGTTAAAGCTA,7
TGCCTCTGCTTCCTGAGCTC,7
ACAAGGCACAGGACAGTCAG,1
GGCAGAAACAAACAAGGCAC,7
ATCACTGAAGAGGTTAGGTA,14
AGGGTCTCAGGGCATCTCCT,8
CTCCTAGGGGCAGAACCTTC,4
CTAGCCATAGTACGCCCCTC,4
ATGTGTCTGCAGATCTATCC,7
GTCCCACCCCTCAGGGTCTC,2
CGTTCCCAGTTTGCGAAGTT,5
CACAAACTAAATGAAACGCC,7
TTGAAGCAGCCTGTGACTCG,2
GAATAAGATGTGTACAGAAT,4
TGAATGGTCTGATTGAAGAG,3
CACCACTTTAGGGCTGCAGG,5
AGAGGCTGGAACTCTTCCCG,3
TTTCACTTGCTTCTAAGTGC,8
TTCTGACTCTCTGCCGTAAT,8
TTACAAGGCTGAGTCCTATC,10
GGCCGCAGGGCAGAGGGACA,3
ACCACATGTGTGCAGGTGTG,3
CGATCATATAGTGACTGGCC,7
CCAGCGGGAGGCACCCGGGC,5
CTATGAGTGTTTGGCCTGCT,12
CCAAAGAGAGTGAGTACTCT,8
CAGCAGGCCAAACACTCATA,12
TTTATCCCGGCTGGCTTAAA,10
TGGTAGAAAGGGCTAATAAA,6
ACACAGGAGCGCACACTCAC,8
GTGTTGTTGGCGCTCTGAGC,6
GTGTGGTGGTGGTGGTGGTG,1
AAAAGAGAACACATAAGAAA,6
TTTACAGCTGTGGGAAAGAA,2
AAAAATGAGCAAAAGTGGAA,6
GTGCGTGCAGATACTCTCAA,8
CAATAGTCATCAGTTGTGGC,8
AACTGATGACTATTGTGCAG,5
GAGCCTCCTGGTCCAGGGCC,11
GTCTGCAAGAGTCACTAGAG,3
CCTCAAACTCAGTCGTTCCC,5
TTTCCTGGTAAGCCAGCAAA,4
TCCCCTCTTTCTGCATCTGT,11
TGCCTACAGATGCAGAAAGA,3
TTCTACAAGCACTTGTAAAA,10
AGGGCCTACAGGGCTCTGGT,6
GTGGGTCTGGATGACGATGA,6
CAGCCCCTTGCATTTGCTTC,6
TCTGCTTGATCATGAAAACC,3
GTGTGTGTGTTTGTGTGTGG,5
AAAGTGTCTGAGACTTGTAC,7
GGAGTCACTGAGGGACTCCA,3
TGGTGGGCAGAGCCTGGTTT,5
AGATCAGAAGAGTTCTCATA,4
TACAAATGGGAATTAACTCG,3
GTGCAGGTCTGCAGCAAGAA,5
AGTGATAAGCTGCCTAACTT,8
GCCTGTAACTCCACCTCTAA,7
TCTTTGGAAGAAACTAAAAC,1
CCAGCCTTCTCCTGCAACCT,13
CCTGTACCTGATGGTGTGTG,18
ACCATCAGGTACAGGGGATG,14
