GCAAGAAGGAGAAAGACGCG,2
ATCTCTCAACAGATAGACAC,14
GCCGAGTTTGATTAGAAACC,6
GACAACACACAAATAAGCCC,15
ATTCTTGTTACTAAGAGCTA,12
GGGAAAAGTGCAGGGGGGCG,11
TGGGGAACAGTGAAGGGGGG,7
TTTCCCCACGATATGTATCC,16
TACAGGAAACCAAGCCTCCC,12
ACCGAACAGATGACACTGGG,6
CCTCGTGAAATTATTAGGGA,3
CAATCAACTGTTCACAGTCC,7
AATCCAAGCTAGGGAAAGAG,11
CATTCAGGACTACTAGATCG,7
AGACGTCGCTGCCTGCGGTC,18
CTAGGAAGAACGCCAATTCC,3
TTCTTTATCGAGCTAGGGAT,6
CAACTTTCACATAGTTTGCC,9
GGAGCTCAGAACCCCGCGCC,5
TCCACCTCAAGGATAGGGGT,5
GCAGTAAAGGAGAGGAAAGC,16
GGCGGCCCTGGCAGCAGCAA,8
TGGCCTCTCTGCGCCACCTC,9
CTAATAGCTGCCATTTCTTC,5
TGGGCCCAGTCAGAAACATC,5
TAATCGTCCTTGTGTGTATT,4
ACTGCATCTGCCCAAACAAT,7
AATGTGGTCAGAGGTGCGGC,11
CATCTTCTGTTTGGTGTCAT,18
ATCGGATACATCAGAAAATG,7
AGGGTACCCCGAAGGTGCGG,2
AAGTGGTAGGTGCTGTCGTG,5
GGGTAAGCAGTGATACTGGA,9
AAGGAACCCTGGATTATCAC,11
TACGGAGAATCAGTTGTCTC,13
CGATCAAAAACGTTCCATCC,5
ATAAGCATATACAGACTGAT,4
ATGATGCAGGACGTGTAACC,14
TGCATCATTTCACCAATCCC,5
CACGTAGAAGGAAAGTTACC,6
TAATCAGTGGTGACCATTCT,9
TGGAACTCACTTTGTAGGCC,5
ACCCTGTACCTCAGTGGGGG,6
AAAGCCTCTGGCCCCTACCC,4
CTTTCCTCACTGGGATCTGT,9
TGTGGGTGAGGTGAGACCCG,5
GTTGAGATGACTCCAAATAT,9
GCTGACTCCAAAGATAGGGA,8
TCTGATTGCATCCTTAGATA,12
TAGATGTTAGTCTCTACATG,8
CTCTGCTGTGGGTTGTGGAG,12
CAAGCTGGAAGCCGACCGTT,10
GAGCGAGGCCTGGCAGCCCA,8
ACCCTGATGCCTACCACAAT,6
CAGGGGCATTGTCACATTCC,4
AGTTCCCTCAAGTGCAGGGG,16
GATGAACCCTGTAGGACACG,10
AACTGTGTCCTTAGTGAAGT,8
TAGACCAGAAACAAAGGTTA,8
TCCTCCCTAACCTTTGGGTC,5
CCTCTGTTGGTTCTGGTGTG,7
GGCCTAGGGTTAGGGATAAG,4
AAACAAACTTGTACATATTT,14
GTGGCCAAGGGTTAGGGATT,5
CGTTGCTGAAATAGAAGGTG,14
AGCGCAGAGCCCAGACTATC,11
TGAGAGTTCTCGGTTACCCA,10
TGGCAGGAACTGGATGGGGC,5
GCCTAGGATATCAGGTTGCC,11
AAGGAAGGATGATTAAGAGT,2
CTCAAGTGTGAACTACTCTT,5
GCTCAGTTCTTGGAGTGGGC,2
TGAGAGTCTTGGGAGGATGG,6
TACCCATATATGTCACTCAA,7
ATAGGCCAAGGGTAATGTAA,4
AGGATAAACTGCGTGGCTGA,3
CATTCAAGGGCCTGACACTT,3
GAGCTGCCAGAGGACAGGTT,10
ACCCCTCACCCCGCCAGGTC,12
CACGCAGCTTAATTCCAGTC,12
TTGCTACGTCCCACATCTTT,5
TGTCGGAGCGGATCCTTGTT,9
CCAACTATGTCAGGATTCCA,8
CTTGGAGTAAAATCAAAGAG,6
AATCACTGCAGAGGGCTCGA,10
TATGCCCCAGGGGGGCCCTC,7
CTTGGGTAAGAGCTGACGTG,4
AGGTGTTGGGTACCCTTGAG,4
TGTCTAACTAGCTCTCTGGC,10
ACATCTAAAGCAAACATCCA,3
ACACAAGAAAGACAGTGCTG,1
TCCCACCCTCAAAAACTGCA,2
AGACTTTCCTATTTAACTGC,8
GATAGAGACACAAGAATTCT,4
CTCACCCCCTCCTCCGGGAA,11
GAGGAGCTAGAAAGAGGAGT,7
ATTAGAAAGGAAGGGAAAAT,13
AGAGTAAGCCCTTCTGGAAG,1
TTGGGGGACAGAAGGCTCGA,10
TAAGTGGCAATGAATAAATG,4
GGTGATTGTCTGTATATTGG,4
CAGTAGACAGACAATCACCC,5
GAACGCAGCAGAAATGGGCG,2
GAGAGAGTTTCAGGACAGTC,11
AGGGAAACCCACAATGTTTC,9
TCTGAGCATGGGGAGTGGGG,11
TGCCTGTTATTCTAGCATTT,6
CTAGCATTTGGGCAGCAGAT,10
ATGGTTCGGTGGGAGGCTGG,10
GATGGTGCGGCGGGAGGCTG,15
TGCTGTCCTTTTTGATGGTG,9
GCTGGCTGTGAGTATAAAAT,8
ACCCCTTCACATCATTCACA,11
GAAACTCCCTGAAAAGCCAG,10
CTATGCATCACAGAATGACC,11
TTCTGCCGGGCGGGGGGGGT,7
CCAGCACCGGGAATGTGAGC,16
GATGGTCGTGAGCCACCTTG,9
GGGCTGGAGAGACGACTCAG,8
TGAGCCACCACGTGGTTGCT,4
TCGCCTACACTGAGCTGCTA,9
ATATTGTCTGACAGCTATTA,7
AAGCAGCGTTCAGTCCTTTT,10
ATAATAGCATAGCTCCTAGG,11
ACTGGGAGGATAAGCCAAAA,8
TGCTTAAGTGCTGGGGTCGG,5
TGCAGGCACAGTTTCTGTTT,11
GGCATGCGGAGGAGAGATCT,12
CCAGCCCATTACCAGAAAAG,3
GGTCTCTCCTCCGCATGCTC,7
TGCAGCACCGCGACAAAGCG,7
ACAAACGGACCAACTCCTGG,17
AGGGTTTCACTATATAGACC,8
TTACATCTCAGTGGGAATCC,4
GTTAAGTTCAGGCCAGTCTG,8
CTTCTTGAGGGGAACCAGGA,5
GGGGTTCCCAGAATGAGAAT,10
TCCTTCCCAGTTCCCATTCT,3
GGCATCCCCACCACTGGCTC,12
AAGCAGGGCTTCCCCACCAC,3
GTTGCACACATCCAGGGATC,7
CTAAGAAAGTCCAAGAGGAC,10
AACACAGAAGCTAGGGAAAG,16
TAAGAAGGTCTAAGAGGACA,3
TTGCAACTCATGGTCATCCC,9
TTTCCACCTCTACTGTGTAG,9
GAAATAGAGCAAGCCCCGTC,16
GACATAAAAAATGTGGATGG,10
TGCGAGATCAGTCTGAATCT,4
GCTCGTACACTAACAAAAGG,11
GTTACTTCTAAACACAAGCC,7
CAAGACCCGTGGGGTGCCAG,6
CTGCCTATTGTCCTATTACA,11
GTCAGATCACTGGTGTGGCA,13
GCCTTGAGGTGCTCGCAATC,8
ATTTCTGGCCTTTAGAATTC,8
GGAACTGACCGGTGGCTGTA,11
AAACGGTTTGTGTCTAACAA,2
AGTTCGTCTGTACCCTTCTT,11
TTTGGTTCCCAAGTGGTGAG,3
TGGGGGAAAAAAAAAGCATC,5
CCAGTTGGGAAACAAACATC,4
CCGGCGCCCACAGGTGCTAG,3
GTATGAAGTCTGGGGTTGTT,8
TATGCATTGACGGTGCAGAT,11
TCATTACTGGGGGAGAAGTG,3
CCTTTAATTATACATATGTG,12
TACTGGGGGTGACGTGGGGG,4
GGAGTTGATGCCACTGATAA,6
GGTGGGAGGGTGAGGCCCAT,7
ACGGATGGTCCAAAAATCTT,7
CATCCCTGATTAAAACAGTT,6
TTGCTGAACCCAGCAGTAAA,10
CATTAGTACCTGCATGAATG,7
GCCCCCTTCAGTGGCTCCTG,11
AAGGAAGAGAAGAGTGAAAG,9
TTCCGTCCTATACAGTGTTG,7
GCGCTCCGCATTTGGCCTAG,4
ACAAAGTTGGCTTGAATTCA,8
TAGGAGTAAAGTAGACCAAG,11
AGGTGTGTGGATGGGTGATG,5
TGTATCCAGGGGATGAATAA,9
GAGAGCACTGGGCTCTCGAC,0
AGTCTGAGGGTAAGGCTCAA,3
TCTGGCGATAACCATTGAAA,4
CACTCACTAAAGCGGGGGGC,6
GGAACTCTGGTTTGGTCCCG,5
AGAGTTCCGCCTACGGTAGC,9
ACATTTGCACGCATACTCCG,9
AAGTTGAATGTCGAGTTTGA,11
GAGTAGGCGCCCTAGGCCCT,7
AAAACCTCCCTTCAAGACCG,9
GCAGTCAGATCAGCGATTCA,8
CTGGCTCCACAAGCTGGTCA,5
CTCCAGAGGAGTCTGGAGGA,6
CATGGTCGCTATTTAACACG,0
GGGGAGCCATCTGGTTCCAT,5
GTCTGAGGGCTGCACCCCTG,7
CTTGCTTCTCCAGGAAGCAC,11
TTGACAATCAGATCCTACTG,2
TTCATCACTCAATACCTTGC,4
CGGGTGATACAGTCATGCAC,8
TGTGGGCACAGGGCAGCCGT,39
GAAAGCTAACATGGTGGATG,4
CCACCTTCGTCCAGAGAACT,10
CTCGCTTGCAGAATGCAGTG,9
TACTGGTCACAAGGCCGAAC,4
TCCCTCGTTGAGCGCCCCGA,11
CTCAAGCTGGAAATTGTAGA,12
TTCCAGAAACTCTCTTCAGA,9
CTTCTCTTGCCCCGGATCGC,3
GAGAATTTAGAAATGAACCT,11
AGAAGTTAGAAATCAACCTA,3
AGAGCGTTTGCCTAGCATTC,5
CCTAGCATGCAGGAGGCCCT,6
CCCAGGGCTTCCTGCGTGCT,4
AGGAAAATGGACCTAGTCTA,5
ATGACATACAGCAACACTTC,11
GGGCCCATGGCCCTTAGACT,10
TTCTGTATCCAGAAACACCA,7
AGGTATTCTCAGAGGTCAGG,8
GCAGAAGTCAACTCAAAGAA,5
TTCCTGCCCTGCCTGGGAAG,7
CAGAATTGAATACACCTTAG,4
AGAATGGAAGACACCTTAGG,4
AGGCAGAAGCTTGCTCCTCG,14
GAGTGCTTTATAGTTCAATA,4
CCATCTTGGCTTTGTGCCTC,12
GCAATTCCTCCAAGGGTCTG,5
TCAACCTTAGACTAGGGGGA,5
CATCTAGAGCTAAGCCTCTG,5
GTAGCCTCAACATTCCTGGG,46
GCCCGGGATAATGATTGATA,7
AGCGGGGCGGCGGGCGGGAT,5
AAGGGTGCGACATGGGCCAG,4
GTCCTCTTAACAGAGAGACC,17
AATCCCCTGCCCTGCTGCCA,8
AGATTCAAAATTGAGTTCCA,5
TAAGGATGACGGGTGGGGGG,5
CTGCTTAAGTTCCTGCCTCC,7
TAGGGTTTGTTGTTGAGGCT,4
GATGGGGGGTGGGAAGAAGC,9
ATTGGGAGTAAAGTCGGATT,8
TATACCTGGTGGGTGTTTAG,9
CTCTAGCAAATCATCGAAGC,6
AGGCATGCGCCTGTCCACCA,10
AGGGGACAGCTGTCTCATCA,13
GAAACACATGCTTTGCCGAA,8
AGTGAGCCCAGAATTTCCGG,18
AAAGAGAAAGAGAATGCAAG,6
TCTGGCAGGAAGCCTGGTTG,9
AGAGGCATGAGGACGGATGG,5
CTTTCCTGTTGCGCGGGGCT,12
GCCCCTCCTATACTTGGGGG,17
CCTGAAGATGATCCGGGATC,5
GAGGCACTGTGAGAACCAAC,3
TTCAGGATTTGCGGCGATAA,3
ACTGTGTGACATGCTCCCGA,12
AAGTGATTGCTGATGCTGGA,10
AGCATGTCACACACCATTCT,7
AACCGTCGCCCCGGGCCGCC,4
GTAATTTGGGGAATTCGACG,7
ATTTGGGGAATTAGACGTCG,6
CACTTTGTAGTGAGTGAATG,8
TACCGGCCGCAGTCTAAACA,5
CACAAAGTGTTAAATGTCAC,5
TATCAAAGTCTAAAGTTTGA,9
GGAGTAGGCATTGGAGCCCA,15
GCCCTCCTCAACAGAGACTT,9
CTGACTTGCTTAGGAACATG,6
TAGTCCTCTGGCTTGCAGAG,4
GGATTCGAGGTTATGTGACC,9
CCCAGGCTTTCATCTGGGCT,2
GTTTCCTCAGTTGAAATAAA,8
AGTACCCTTCATGACTGCGT,7
TGTGAGTCCCGGGACTAACT,5
GACATGACTCTGAGAGAAGG,8
ATCAGAGGATGCTTCTCATT,11
AGTCCAAAAACAACAACCGG,10
TACACCCCCCCCCCAAAAAA,5
GTGTGTGTGTGTGTGTGCTG,6
GAGCCTTTGCAGCCACTAGC,11
AGATGTGAGGAAAATAGAGT,12
TGAGAACCTAACTAAACCTC,10
CTAGTCGAGCACTGGCTGGT,4
TGGACAGGGATTGTGTTCTG,11
AAAGATATAAATGCAAAATT,1
CTGCAAATTAAAGCAGTCAA,7
ACATTAGATGTTATGAAGTA,1
ATGAAAACCCAGTGCCTCTG,8
AGGAAGACAGGATGAGTAGG,6
TCAGATGGAGAAGAAATGAG,4
TTGACGCAGGCTATTAGTGG,8
AGGAGTTCCTGCATATAAAC,10
GTCAACGCAAAGCTCCTGAC,11
CTGATTGTAGATACTCAGGC,5
GTCAATGACTTTAGCAGTTG,7
GGACAGGTCGGTCTTAGTTA,9
AGATGCTACCAGTGTAGCCA,3
CGGACCTCGCGGTGGTGCAC,7
GTCGAAATTATACTACTAAG,5
GCAGTGCAGGGCAGAATGAC,3
TGCCTCTGCTCCTGGTCACA,7
TGCCCTGCGCTGCTTCTGCA,4
TTCAAATCCCAGCTACCACA,11
CTTTAGGTCTTGAGTCCCAG,6
CTACAAGCAGGGAAGGCCTA,10
TGGTGGCCGTTCGCTCCCTG,5
CGTTGAAGGTCCTTGAGGTA,3
AACATATCGCTTCCCCATTA,3
GGGGGTTTATGGTCCTGGGG,5
TTTCAAATCTAACTGCTTTG,11
CATGTGGGGGCAGAGATGGT,13
CTAAGAGGTCCGGGCCGTCT,5
ACCCAGAAGAGAGTCAACCT,20
GCCTCTATTCCTCCTGACTA,8
GTGGTTCAAGCAGAGGACAC,3
GTAATTGTGGCCCTGTGCAG,9
ACACAGACTTTCACAAAAAC,10
CCCATTTAAGCAAGACGTCA,3
GTGCCGGGCCTTCCCCAGCA,5
TGCTTAGATGGGCAAAATCC,6
TGTCAACCCTGTTCACTTTG,7
TGGGCTAGGGTCAAAGGGAT,3
TTCGTCAACCTTCCCGCGGC,8
TCACAGAAAGAGCCGGAGGC,10
TGCTCAATCAGTCTCAACCT,8
ACACAACCTGACCATAATCC,14
TTAAGGCCCTGATTATGATC,10
TGCTCAGCACAGCAGAGATG,0
GAAGGAGATTGGGGCTTGAT,7
TGCATTCTTCCTCTTATTGC,3
ACGCAATATCTCCCTACAGC,14
ATGTGCCTATGATGCTGGAA,6
TGTGTGGGTTGAGACGCTTA,6
CTGGGTTGGTAAGGTGCTTG,7
GGAGCAGGAGCGGCTATCAA,3
GCTAGCAGGGGCAGCAGATA,10
CTGCGCCACGCGGAAGGAGG,8
ATTTGCTGAATGAAGCTCAC,8
GTGCAGCGATGAGAACGCAG,8
CAGACCTTCAATGGTGGAAC,8
GAAGCCATGTGCTTTCATGT,6
TTGCACATGCCTGCGAGGAC,13
ATCCCTGCCTAGAAAGGGTC,12
GATCTAAGAGGGAAAGGGAA,7
CTTTCCAATCTTCTACAAAG,10
CGATTCTGCCTCCCTAGTGC,8
GGAGGAGGCGGAAGTGGAAA,2
TATAGTTAATTGCAGGGATT,10
TCCTGCTTTAAAGGCCCACT,4
TGGGCCAGTCTCTGTGATTT,7
AAGCTAAGAATACAAGGAAT,66
AGAGGTGCCAAGTAGGGACC,5
GGAGGCAGAGAAGCCAAGTA,10
CAGTGGAGGGATACGGGGAC,8
GCTAGAAACAGAAGGGTCAG,6
TTGTCTGTTTAATGGAAACG,5
AAGCTTCGCTGGGACCTCCT,6
GTTGAAGAAGCTTCTTCGCT,9
GATTTGGGAACTTCAGAAGG,7
AGTGTCCGACTCGCTGACCA,10
AGTCTCCAATACAAGTGGAA,12
TTGAGCTTTGGGGGGTAAAG,8
CATGTGCCATAATGATGGTT,4
TCCTGGCCTAATCAAGTGAT,8
AGGGCTAGCACGTAGTGTCC,15
AACTATCCTGTCCACAGCAG,11
AAGGTTGGGTAGGACTGTCA,14
AGATGGAACTTAAGAGGGTC,9
TCTCAGAAGGTGGGTGAGAA,8
GAGATGAACAGCTCTAGCGC,6
GCATAGGCCTTCAGTGTCTC,1
AGCAGTTCATCTCAATGCAA,9
AGTAGTGAAAGGGCTATGTT,12
TTAACAGCGGGCATGAGACC,9
TGATCCTCGTGATTTAAGAG,9
ATTCCCAGCAACCACCCACA,9
GCAAAATAACCACACGCGTT,11
CTCTGTGTGTAGTTGGAGTA,7
GCTCAGCCGGCCAGAGGCCT,10
GGGATAGAACCCCAGGCCTC,10
CCAAACACCAACAAAAAGTC,4
GTACAGTGGCTAACACTCTG,5
TCACTGAAGCGTGGGATTAA,9
GAGGGAAGGCTTGTACATGC,7
GATGACAAAAATGACAAACT,7
TGTTATAAACCCAATTATCT,3
GTGCAGCAGTTGATACTAGA,7
AGTTGCTCGCTGACCTCCAC,11
TGGTGTGAGAATGGTATCCT,10
GGGTCCCTTGGATTGAGCCC,6
GGGCACGCAAGGGAAGCGCA,4
CCTCTCTGCCCCTAGGTAAG,7
TGCGCCCGCTGCGAGCGCGC,5
GCCCTTCTAATGGTCTCCTA,7
CCGAGTTCTCACCATCCATG,6
ACCCTAGGAGACCAGAAGAA,12
GCTTGCTTTACATTTCAACT,20
AGATGTCTCCTTCATACCAC,11
ATCAAGCTTGGTAGGGTGCC,7
GCAGGCAGGTCAGGCAGGGT,10
ATCCTTGATAAGCCGTAGGA,5
GCCTTGATAAGCAGTAGGAA,6
CAAGGCTATGATGGATCCTG,5
GACGTTCAACCGTGGGTTCC,14
TAGCAAATGGACAGAATGCA,10
CTTCCGGGATTCATGGACTT,5
GTGTGCAATGAAAGGAAGGC,9
GAAGACTCAAGACGCTCTCT,5
GACATACTTAAGGCTTGGAA,9
GGCTCCTGCCCTGAAAAGTA,7
GCGGCACTGTATGGGGAAGA,10
TCTTTGCTTGGGGATGGGAT,7
TCGCATCCCATCCCCAAGCA,6
CCACCTCTATTGAAGCTGCC,14
CTATCTGATGGAATTTATGG,6
ATTCAGCGAGTTTCCAATTG,9
TTCTGGGTTTCAGGCCAGCC,4
ATGTCTAATAAACATTTCAG,4
CTACCGCGTTGATAGAACAC,7
AAAACGAGGTGCGTAAGCTA,7
CTCCTGCCTCTGCTCCCTAA,4
GGGCTATGATTTAAGTTGTG,6
CATAGCTGTTTGCCAGGGCC,10
AGAAACGTCTAGTGTAAAAA,13
GGCCTGGGAGAAACCAGAGC,5
AACGTATAGTGTAAAAGCGG,9
TTTATTACATATTGTTCAAC,2
GAAACAAAGCTTAGCAGGAT,11
TGGGAAACAACTCGCTCTAT,5
GGGCACCTCAGGGTAAACTG,5
TGGGCTGGGAAAGGGGAGAG,5
AACGGTGCTTCAGCTGGACC,7
TAATTTTCTTGCCTGGGGGC,2
ATCTTTTTGCCTGGGGGCGG,4
TGAGTATAATACTCTCATCG,3
CTGTGACTAGCGCAGCTCTG,8
GGGTTTCATGCATGGATGGA,12
GTTTGTTTACTTATTGTAAC,5
TGGCTATAATTCCAGCATTC,2
ATGACCTGGCTCTGGAATCA,5
AAAGTGCCGCTAATTATAGT,9
GGAAGCGGGTCAGAGGGAGG,11
ACACAGGAGTTCACATACAG,8
TCCTAGTCTATGATGGGCCC,5
AGGCCACATAGAAAGGGGCA,6
ACTCTTAGGTCATCCTTACC,9
GTAGCTGTCCATGTGGGTGC,6
CTCCGAACTGCCGCACAGTG,10
GATGAGGAGGCTAAGAATCG,10
CTGCACTGTCTTTCTTCAAG,5
ATTCTCTCACTAAGCTGGGC,13
ACACCCTGCCTAGCTTAGTG,11
GTCTGAATGTTTGGAAATCA,6
ACTCAGTAACCGGGGGACGT,7
GGAGAATAGTTGCTGGCACT,7
TGAATTTGTATGACAAACAG,9
CCTGCTTGCTGAGAAGATGA,8
AGAGACCACCATCACTGACC,11
TGGCTCACAACCATCTGGAA,5
ACAATGAGGGCTGGAGAGAT,8
AAGTGCTGGGATCAGAACTC,7
TGGAGTTCCAAGGGGGGGCG,8
GAGAGGGGAGAGGGGAGGAG,14
ATCCGGAGAACATGGGTGCT,12
ATAGGTCAAAGTTAATATGC,9
TAAGGACTGTGAGATTCTAG,8
AATTGTGAAAGATACTGCAC,10
GTACTCTTGAGGCTAGATTT,6
ATATCTAGATTGCATAGTTT,14
AAGTTGCAAGCAAGAGATCG,13
CCAGTGTACTGCACGAGGTC,7
CTGGGAGCCCCAAGAGAAGT,9
GCTCACAGGTGTTCTGAGTT,13
GGAGGGGGCTAGTTGAGAAA,7
GAAATGGCTTTAGAGGCTGA,15
TAATCAACAAATGCCACTGA,9
CATTGAGCATGCTGTAGTCC,7
TGTGTGATTTACAGCGGGAA,7
CGTTGCAGGAAAGCAATTGC,14
AGTTTCGAGCCAATGCATAG,6
AGCCTTGGAAACTTGGTAAT,10
TTCGAAACCTAGGCCTCATG,6
GTCCTCGAAAAACGGACAAA,7
GGCAGCGAGGAGAAAATCCG,21
CTTTCCCATGTGATGAACAA,28
CGCCATGCTATTTGTACCTT,5
CACGTGGTATCCTATACCCT,8
GCTGGGGGCTGATGGGAGCT,8
AGAAGCCATCCCTTAGTTAG,11
TCCAGAGGGACTGAGCTGCA,6
CACAAGATTAAGGCAAAGGG,7
GCAGAGTGCAGGGGCTGCCT,5
CAGGCACATGGTTTTTAGTC,5
CAAGGAGTAGGGAGGGACTT,6
CATGACTGCTGAAGAAACTG,11
CTGCTGCCAACTTGGCTGAA,14
TGACGGAGAAACTTCTAGCG,4
GCAGTGATTAATTTAGCTTA,10
GCAGGGGCACTAGGTTTGCC,12
ACAGTCACTAAGTCAGTGGA,10
TTACTAGAAAACGCTCACGA,3
ACACCTCCCTCCCCTCTTAC,7
TTAGTCCCGAGTAAGAGGGG,5
GGTCCCCCGACTCTTCTAAA,18
CATCTAAAAGGGAACCTAAG,8
ACTCACTTGTCCAGGCCCAG,6
GGGCTAGGGTGGATGCAACT,6
AGTAGGTCAGTCCAGCTTCG,14
TAGGCATATATCACAGTGCC,12
CTTGGATCACTCTTGCTTTG,2
CTATGTAGCCAAGAATAGCA,14
TCAGCATTACAGAGGGAATG,8
TCAGATTGTGTTTGCCAGCA,11
GAGCTGTGCCGGGAATGCCA,10
GCTGAGCCTTGCCTGGGGCT,5
ATCTCCCATTGGTGATGGGA,8
AAGTGTATCGCTGGCCTTTC,2
CACTCACATACATTGTGGCC,7
CCCAGGAGCTCTGCAGCTAC,6
TTTGTATCAGGGCACCTTTC,9
GGGTGGTGGTGGTGGCATAT,3
CCCTGTCTCAGAGGGTGTGG,11
TTGAGATCAAAAGAGATAGT,8
ACGGGCAGGCATTGGTGGGA,8
GATAACACCTTTCCTAGATG,5
CCGGTGGGGTGGAGTAAGGA,10
GCAGAAGTTTTCAAGGAGTG,5
GGATTTCGCAGAACTTTGCA,3
ATTGCTCCTTATTACAAATG,11
TTAAGTCGTGGCCAACAGAT,7
TGAAGTCACTGACCCCCCAG,3
GTTTCAACCCTCCACACAGG,10
GTGCACATGGAAATGGCTGG,13
AAACTTTCAGATAACCACAA,7
CGGGTGCTGGCGAGATGGCT,4
GCTAGCAGGGATCAGCTAGT,5
ATGAAAGTAGGGTGGTTGGA,7
AAGGGTGGATGTGTGGGTGG,14
GGTGGGCTGGTGGATGAGAT,7
GAAACAAAGAATTTACCCTG,9
CAGAAGGAGAGCAATAAGAA,5
GCTCGAGAATCGCCGGTGCC,9
AAAAAAAGGAAGTAAACCGG,10
CACTTCAACCGTTTCCAACT,4
CCTTTCCCTGTGAACAGTTT,8
GCAGAGGTTTGGCTGAGAAT,7
GTGAGAACGGGATTGGATAT,8
TCAAATTCAGAACTAAGTTG,4
CAGCCTCTAGCGAAGGGCGA,10
AACCACCCGATGTCACGACG,6
ACGTAGCAGCTGGGGTCCTC,10
CAGAGACAAGTGTTCCTCAG,7
ACCTAGGACTTCTGGGGACA,7
CAGGCCACGGGGATAATGAT,8
GAAAAGACATGGCAGGCTTC,4
GCACGGAAAAACACACAAGT,5
GGTGGACACTGCACGGACAG,8
GATACCACGTTACCATGATT,7
CCAATCCCACAACTGCAGTA,10
CTGCGCACTCGGGACACTGA,3
CACTAGTGGTAAGTAAGATG,3
GCAGGAGTCTACGTAAGTTG,7
CGAGACCCTGTGTATGCCGA,6
GAGTTCTTTAGTCACCCGCG,5
ACGGAGATATACACGGGCTC,4
GAAGTTTAGGGCCTCTGTGG,4
ACTAACTCTCCAATTGGGTG,13
AAAGAGTAGCAAAGACAAGT,15
GAAGCCAGGGATCCCATATT,3
GGACAAGCTGGCCTGTCTAT,11
ATCACCTCCCCAGCCTATCT,13
GAGACTAAGCCAATAAGCAA,12
GAAATCCAACATGGAAAAAC,9
ACTGAGTCTCAGTAGGGTCT,1
ACTGCCCCCAACCCCTGTGC,3
ATACCAGACTTTTTGGAAAC,6
TCCTAACATGGGTATCCCTC,8
GATAAAGGGCACCCCCATTG,4
TGGAGCGGGCAGGAGTGTGT,8
TGTGCTCAGAAGGCAGGTAC,3
TTCCCAAAAGACGGCTCTCC,4
AAAAACTGCCAATTGCTTCC,12
TCCGGCCTATTTATTCCCTG,13
TTAAAAATCCCCTAGGTAGC,6
AGCGTGTCGTGGGCTGCCAG,8
TATATTTGTGGTAGGAAAGA,4
CTGACCAGAGTGTCCTTGTC,9
AGGCATGGAGGAGTGAGAGA,4
CCCTGTGGATGACAGAAAGC,8
TAAATGCGTTGGGAGAAGCA,3
CTGAAAGGAGCTTAAAGGAA,8
TTCACTAACTGAGCTGAGGC,14
CGTCAGAAGAGAAGGGGGTT,5
AGTTCTTCTCAGTTTCCAAA,6
GAAACAGCTTCAAGGAGGTT,8
GCACATAACTATATCACATG,11
GACGGCCAGGGTGCTTTTAG,13
GAACAGGCTCTACTAGGTCT,12
AGGCCCGCCAGAAGCACACC,6
AGGCCGTGCATACACAGCCA,6
AAGGATGTGGGTTTGGGGGG,8
TGGGGGGGGGGAGTTAGGAT,1
ATGATGTGGGGTTGGGGGGG,6
TTCAGTTTTTACACGGTTGT,9
GAGGGAGTCAGATATCATTA,6
CCTCCTAAAACTGAATTAGC,8
GATCTTGATTTGTGCCAATA,9
GTAGGGACTGAGCCCAGGCT,10
TGCCAATATGGTAGGTACAT,5
AGACAGAAAACCCAACTTCC,8
GACAGGCCTTTCAGATGCGG,6
AAGAAGAAGATGACGACATA,5
TGGGCAGACTGTATGTGCAT,3
ATTTGGACAACCTTCTCAAA,13
CCCGGGTCTCTGTGTGGAGT,6
GGCTGCTGAGGCCTAAAGAT,13
AGGCGAATAAACCACAGGAC,15
TTGTCTTACTGGCCATTTGT,5
TACTTAACATCTTAGGCCTG,9
CTGGCAGCCACTGGGGAAAG,13
TTAAAAGCTTAGGCCTGTGG,5
CTCCTCTCTGCTGGGATCAT,3
TTAGTATCACGCCCTGAAAA,6
ATGTTCTGACTGCGCGGCGC,14
CATTGCTGGGAATTGACCTC,8
GGAATTGAACTCAGGACGTC,7
CCCCAAGAAAGCAAAGAAAA,13
TCCCGTGGAAAGGCTCCCTA,8
TAAAAACCTTAAGCCGCGCG,3
AAAGAAACAGGTCCAGGCTT,9
TCGTAAGAATGAGAGTTGGC,5
CAAGAAGATACTCCTATTAC,6
GTGTTATGCAGGGGCCAAGG,6
TTCTGAATAGCCAGTGGGAA,7
TGCCTCTGGTGGTCTCAATT,9
GCTGCAAAATTCCCGGGAAC,5
GTATCCAAAACAGCACTTTA,8
TTGGATACACGAATTGAGAC,7
GTCTTCGTTATGAAGGGAGA,2
CCACTCATGAAAAGATACTA,6
TCAGCGAGCCTCCAAACCGA,4
AAGGGAGTTGCCATGATAGG,6
GCAATACGCAATAAACTTCA,7
GGTGGTGGAATATGCGAGAG,6
TCCACAGCAGACCCTCCAAT,2
GGGCTTGTTGCCTAGTACAA,6
TTGTACAGCTATGTAAAAAA,10
GAGCAAGGGGTTGGTCTGAA,13
AGGTTAACGGATGGCTTTCT,4
TTAGCCACAGAGCAAGCGAT,2
CTTTCTTAGATTATAGGGAC,12
ACTCAGATAGATAACAGAGA,5
AGGGGTTCTGCTTGGTGATG,7
TGGTGATGGCCAGACTTAGG,5
AGGAAGGATATCTTGAGTTT,11
GCCAGACCCTATCTCCCTAG,4
ATGGTCTTGGCACAAGAAAA,9
ACAGGCGTCATGTCTGAAAA,7
CCTACTTCTGGAGCCCTCGT,10
AGCAGGGGACATGGAGCATA,16
TAGATCGGCTTCACTTCTCT,14
CCACGGCTCTGCACTTTACA,7
GGGGCGGGAACTCCTGGAAC,3
CGCATGCCGCTGTAAGGCTT,12
CAGACTCCCAAGCCTCACAG,12
ATTGCAAGGTCTGGTCTTCC,6
GAAGGAGACCGCGTAGTATG,9
TCTGTCCCGATGCTCTGCGG,12
GAGAGTTCAGTCCAGGGCTT,5
AAGAGATACCTCATTCGTTA,4
TTTCAGTCTCAAACAGAAGA,9
GAACCCCCTGATGTAGGTGC,3
GTGGTCGCAGGTGCTTATGG,11
AGTTATTGAGTAAGTCTAGG,11
TTCTCACACTTCCTCACTCA,4
CACTTGTCTGGGAAGTGGCG,10
CTAGATGATGGTATTAGAAG,15
GACCATCTTTAGAATCTCAT,6
CAAGTGGTGAATATAGCTTT,10
GGAAGGCCAAGTCGAGTACA,7
TTTGTCTTTACTGCCGCGTA,4
GACCCTCCAAGGAGGGCGCA,10
TGGAAGGGCCAGGTGGATCT,4
AGGTCTCTCGGGACACTTAT,6
GACACTTATGGGACCGTTCC,1
AGAGTGTTTACAATAGGGAT,14
TCTTCCGCCTTATTAGGAAT,7
AAAGATTAGGAGCGGCATGT,11
TGTCAACACTGACCCCTCGG,3
AGAAGTTGCTGGTGACCCCA,10
AACGTCTATATGCTATGGAA,9
AGAGTTTGCCCAGACGTTGC,7
TCCGGATCGTAGGAAGTCAC,10
ACTTAGGGCCAGCCCCTAAC,9
CATACCAGGCCAATTACTCG,9
TCAAGGGTATAAGTTTCGGA,5
CCAGGAGATTTGGGTTTGCC,3
TCCTGGTGTTAAAATTTACC,11
GTGAGGCTTCATCTGGTTGT,4
TTTAAATACTAAACAGAGAC,4
GGATTTGAGCTCCAAACCTT,6
CTTAATGACAGGCAGCTGGG,8
TTTCTTTGCGTTCCCGGCAC,8
ATGAATGCGCAAAGTACCTG,6
TTCACTCATAATGTGAGAGG,5
CACGAAATAACAAAAAAGAT,4
GCAATGGGATGCATTGCCAT,9
GTCTTTATTAGGATATCCAC,7
AAAATGCACGTGCAGGATAT,3
CCGAGCTGCAACATATCCAT,6
TCAGGAGGCATCTCTACTGT,7
GAGCAGCAGCAGGTCTTCCG,5
CGGTAGCTGAAGGCTGTGGC,7
GTGACAAGAATTTACCGTTT,8
TGACGAGTGGGGTGCGGTGA,5
GTGAACTGCAGGTCTGAGAA,4
TTTCTCCCGCAATTCTCTGA,7
GCAACTCACCAGAAGTTACC,12
CAGGGCACAAGCAGCGGTGT,4
AGGGTCAGAGCACGTACTGA,10
ATAGGGGGTGCCCCCATATC,7
GCTGAATAATCCAGATATGG,4
ATGGTTGTGAAATCCTAGAT,4
GAACAATGACAAAACTCTAC,17
GGGTCCCCGGCAAACGCAGC,3
CCCAGGACCTCTACTTTGTT,8
AGGTCCTGGGACAAAGAAAC,7
ACACTTTTGAGAAAAGAAAG,9
GCAAGAGGATCACGTATTCA,11
GTAGTAGCCCAGACTGTCTT,8
GGAAAGCTCACGGGTGATGA,10
CGCAAAGGTTGGAGACCAGC,9
CTAAGAGTGTCTAGGGACTT,2
CTTGCCTCATGGCATTCTCT,3
AGGCTATGATGCCAAAGCCC,11
AGATGAGGGCCAGGCTGGAC,14
TACCAAAGCCTTGGCCAGGA,9
CTCTTCCCAGTGACAGGAAC,0
ACTGGGAAGAGAAGTCTATG,3
CAATAACAACAAGTATGTGG,8
CTATGAGGAGGCTGGAGAAT,6
TAGAGCTTGATATGTAGACC,6
AGAACAAGGAAGACAGACCA,3
TTAAAGTGTTTCCGGCCCTT,6
TTCTAGACCCAGGTGAGTCA,5
TAAAGTGCAGGATCTCCGGC,4
GCACTTTATCCGACACGAGT,4
ACTCGTGTTGGCTAAAGTGC,16
GCGAAATTCCCACTTCTTTA,4
TATCTGTGAAGGTTAGACAC,7
AAGCTTTCTAAGAAGTGAGG,10
CGATATCTTTCTAAGAAGTG,1
CAAAGAGGAACCAGGAATAA,8
GCTTACGTCACGTGTCTCTC,5
AGGGCTAGACTGCGCACGGT,10
AGATACCACTAACTGCTGTG,6
GGAGGGGCCACTGATGAATC,6
AACTTTAACCACGTTCATAA,7
CACCTTCATAATGGTGTTAC,3
TTCGGCTCCCCTTTGTCCTG,10
TTTTTGGTAATTGACTACTG,7
GATCCTTGTAATCATTTCAT,13
GGAGGTTTAAGACAGGATGT,11
GAAGGGACTCTGTGCGTTCA,18
CCTCATTCTTCTTAGTGCTG,14
CTGGGAAGGTTCCCCGCTCC,4
TCCGCTACTTCTGCTGAAGG,5
CGAAGCACTGGGGGGCAGCG,8
TCAGAGGACACTTTCTGGCC,3
ACAAGTATATCAACCAGATC,7
AGCTCTGGTTGATATACTTC,5
TGCTTTCTGTGCTATACATC,15
CGTGTGTCTGTGTGGTTGGT,10
TCACCACAGTGGGTGGGGGA,16
AGATATATGGCTCACCACAG,5
CATATATATCTTTGACAGGC,7
CTGCCTGTTATGTGTCTAGC,9
GGGCTAGGAATGGATCTACT,3
GGGTCGTGACTGGGAAGAGA,15
TTGCACACTTCATTTAAGTG,6
AGGGCTTGAAGGTAGAATTC,11
TTTCACAAAAGACAGAACAA,2
CTGGAAACAGGAGCACAGAA,2
GTCTGAGGGCTGGAGGACGT,11
TTTTACAGAAAACGAAGACT,13
GGAAATAAAGGGCAGAGGAT,8
TGGATGACTTCATGAAAGGC,8
GGTATGGGGGGGGGGGCATT,2
TTAGTATCTAAGTTGCTATT,9
TAAGCCCGGGGGGCATCATT,2
GGTGGGGTTCGGACGGAAGC,8
TAAGAGAAAAATTTGGTACA,1
TAGGCTGGAGAAAAAGAAGT,4
AGACTAATTCATCCTTACCT,7
CATGTTCATCAATTAAACTC,8
CAGAGTTAAGTTGATGAACA,11
ATGAACATATCGACTGTCCT,6
AACACATCTCGGGGGCTTTG,12
TGTGGCCCGCACAGCTCTCT,6
GGAGGTTTCACAAATGTAAG,6
TAGACCTCTGTACTCACCTC,3
AGATTATGAGGTGATTGTTA,10
GCTCTCTGCTTTTTGTGGTT,4
GCTGATTGCAGGGCTGTGGC,6
CCCCCATAGGCTCGAGATCC,13
GAATGCTGATGCTTATATCC,7
CTCGCAGCATCATTGTTTAG,4
ACAGCCTAGGTGTTGGCCCT,4
GTCTTACAGGCAGAGGACAG,9
AAGGGGCTGGAGTCGGGGGA,5
GCAGAGGAAAGGGTGGCCGG,9
AGGAAGGAAGGACGGAAGGA,11
ACAAATGAGTAGGGGAGAAA,7
ACGGAGACAGTAGAGGAAGA,10
AAGTGAGAGAAAGCCCGGCC,9
TGAAGCAGGGCATAAATCGG,11
ATGATGGGGATATGATTCAG,13
TCAGGACCCGCAATCTCCTC,7
CTGAAGAGAAGGGCGGCTTG,6
ACCGGTAGAGGAGATTGTGG,9
TGGATGTCGCTCTGGATTAA,5
CTAACTGTGGTTCTGGTTTG,9
GGATTAAGGCTAGCTAACTG,4
GCAGGTGTGCGGTCCAGACT,5
AATGGTTTATAAACATTTCT,5
GATCTGGGACAACGCATACG,3
AGGCCACTCATTTACAGCTG,6
AGAACTGTTTAAAGGTTGAC,5
TGCTTGTTAAAACCCAGTGC,7
ATCTTGTCTTGCTGTATTAC,5
CTGGTGCCCACACTGATCCC,0
GTGACACACTACAACTGGCT,5
AGAGATCTGGTTCAGTGTTG,12
GCCAACTGCCGTCACTCCTT,14
AATGGAGAAGTGCATCGAAG,17
CGTAAGACTGCCCATTCACC,9
AGGGTCAAGGAGAAAGCATG,5
CATCCATGGGATGCGTTCAG,3
GTAGATATAAGGAAGAGTTT,15
CATAGCTTGACTTGCGTGTG,46
TGATGATGCTCACTGCTCAT,4
CTCCATCCCATAGTCCTCTT,13
CGGTTAGAACACGGGACACA,7
ATGGCCAAGATGGACGGCCC,12
AAAGAGGCTTATTTCAGGAG,9
TCCTAGAAGCTGTTCATCAG,8
GAGTCTAGATGTTTAGGGGC,6
GCAGAAGAGGCTAAGCGAGC,6
GAGCAGATGTGTGACTGGAT,9
CCTCACACTTAACCGTATTT,5
AGAAAAAAAAAGAAAAGGAA,3
TCGGGGTGGTTTGTATCTGA,8
CTTCGGGAGCCATTTGCGGA,5
AAGTGAAAACAGGTTTCTTT,4
TGGGCCACCCTCACCAGACT,8
TGTATCTGGGAAGCAACTAA,2
AATTAATGGAATTTCGATCA,4
AGGATTTCTCTGGGTAGCCC,11
AGCACTGGGATGGTAGAGGC,10
TTGAAAGCCCCCAGAGGCTT,4
ACTCACTCTTGATACCAGGC,7
TTCGGGAGCCATTTGCGGAA,6
ACGAGTGTACATGTCGGTAC,3
TGCATATATACATAAATTAC,2
ATGCAAACAATTGTACATGT,4
TCCACCGTAACTCAAGCACT,7
CCACAAAGTGGAGGGGAGTT,3
CTTCCCAGCTGTCCCTAAGA,13
CCATACTCACTGCAAGGGAG,6
CACAGTGTAAGAGGGCACAT,13
GCTATAATCCTTCAAAACTC,5
AAGCCCAGACATGATGCATT,17
AGAACCTAGGCTCTCAGTGC,13
GAACCTAGATTCTCAGTGCA,6
ATTTGGGAAACAGAAGCAAG,8
TGTGTAGCACTGGCAATCCT,9
ATAGCTAGAATTACCAGGTC,7
GTATCTCATGCATATTCACT,7
TTCATCACCCCCCAAGTGAG,5
GGCGTGGAAGACCCTCACTT,8
CACCGAGATCGCCGCGATCC,12
GAGGGCCTGTACACCGTGTT,21
TGTAGCCAAAGAACTACCCC,4
TTATAAGAGTGTGCACTCCT,9
GGTGTGGAGTATTTGGCCAA,7
GCCATTATAGTTGGCGCTTC,9
AGCACTCAGGAGGCAGAAGA,6
GGAAAGGATGGGGCATTTCG,7
AGGGGTCAGTTGGGAGGAAG,3
TGGTTGAAACAGGGTTGTTA,7
AAAGCGAAGGGACGTTCCGT,13
AACCCGCAAAGCCGCTAGAC,6
CCTAAAATGGAGCATTTCGT,8
ACCTGGATCCTTTCTGGAAA,7
GCCCTTGCCAGAAGGGATCC,8
AGGAAGAAATCTCATTTCCA,5
GTTGTCATTCACTGCTTTAA,7
TTACTCAGGCACTGCACTTG,6
AAGTGCAGTGCGTGTGTAAT,8
ATCCGATTAAAAGTCCCTTT,8
CAGCACCATTCCTTAGCTTT,1
GGCCTTGGGTCTGCCCCGAA,8
CCAGCGCTGTACCAGCAGTA,10
ATGCGCTTCTTGTCATTAAA,9
GTCTGCCGTTGCCCTAAGGA,5
TGTCTGCCCTTGCCCAAAGG,3
GATAAAATGAAAAAGCAACC,7
CTACTTTGGAATCGCCTGCT,10
CTTGGAATCGCCTGCTGGGA,8
CACCTGAGGAATTGTATTAA,3
CTTTCGAGGGGAGTAGGGGG,9
AAAAGGATTCCTATAGAGTA,5
ACTTTGTGTGATACAGATGG,7
GAACAGGAGGGGTAGGAAGG,7
AGGCGGGCAGAATCGACGAA,4
GGGGGGGGGGTAAAGGAGCT,1
GGAGAAACTTCCTCAAGTGA,10
TGGGATGACAGGTGTCAACT,6
AAACTTCATCAAGTGACGGG,14
GAGGGCGTACAGTACTACTG,5
GGATGGATATGGGGGTTGGG,6
GGAGGGTGGCTGTTACCCAT,8
CCACTCTGGTTTCGAGTTCT,3
ACGAGTGGTGTCTTCCAGTC,6
CAGCAGTTCTTTGGCTTGCC,10
CTTTAATCTCAGCACTCTGG,6
TACATAAGAAACGTAATTAT,6
ACTCCCGCTGTAGACCAGGC,10
AAGTAATTTCATATCAGGAT,8
AGTTAATGAGGATGCCCAAT,11
ATTTCATATGAGGATAAGAT,16
CAAGTGACGCGAGCCTGCCA,10
CACAGACACCAGGATCCCAG,8
AGCAAGCCACTGAGTCTGTC,10
TTACTTAGCACTGAGTGTCC,11
AGGCGGAAAGAAAAATTACA,5
GATGCTTGAAAAATACATCT,15
GACACACCGGAAGGCATTAC,9
GTCTTCAGTCACATCAGAAG,9
GTCCCAAGCGTTAGGAGCGC,6
AGGTACACCGCCGTGATATT,7
AGTGGAAGCCCAGCAGGGCT,7
CACATTGTAGAGCCAAAAAA,7
GACTGTGCTGTGAGGGAGGT,7
ACTGTACTGTGAGGGAGGGG,8
AGGAAGGCACATCTCTTGGG,8
GGAGTATCATAAAACAGACT,6
AGTCTCGGCTGACCTGGAAC,13
GTCAGTCGCTAAGACCGAGA,9
AATTTAGTTTACCAAGTGTG,7
AGGACTAGCTTGGGAGGTCC,8
CTAGCGTTGGGGAGTCGGGA,8
CGTGTGGAACCTGATGCAGG,4
GTGTCTCTTCATTTGAGTAG,6
ACTTTCTGCTGACAGTAAAG,4
GGCCACGTGCCATCGGGGGA,5
GCGAGGGTGACTGAAAGTTG,4
GACTAGTCGTGGATTACATA,10
TGGGGATAGCCTTGATACTG,7
GTAAATGTAAAAGCTAGCCG,7
TTCTCGGAACGTCCTATCTA,9
GTACAGCGGCAGTCCCTCTC,11
GAGAGGATCAAGATGATGAT,6
GAGATGGAAATGACTCTCAG,8
AAGGAGTTGGTGCCGCGGGG,5
CCAGATGCAACTCTTGAATT,8
CTAAACGGATTCCACAGACG,9
TGCTTTGTTCGATTCCGGGT,3
TTTCACCCGACAAAGTGCGG,5
CGTGGGTCCGCGCACGATGG,3
GCACGGCCTACCCATTTCCT,4
TCCCTTGCCCTCCCCGATCC,9
TGGGTATCATGTATCTGGCA,7
TCTTAACCTGATGATGAACA,3
CATCTGTCAAGGTTTCTCTT,18
AGCAGGAGCAGATAGCACCC,3
CTAAGCCGGGATTTCTGTTA,9
TGACCCGCAGCACAGCACAG,4
TTAGGGTCTAACATTTGGCA,8
AGAGCATAAGTCATGGCCAT,8
GACTAGAGTACAGCCGGGGG,1
GCAGAGGCAGGTGGATTTCG,10
CCCTCAGAAGGGGCCCATCA,9
TCTCCTGTTCGAGACCATGT,7
TAGAGATGCTGCTCATAAGA,4
ATCTGAGGTGGAGACAGCAG,5
TACCGTTGTGAGTATTCACA,14
CTGAGGGTGTAGGGAATGGG,6
CCGGTCCCTCCGTTTAACCT,6
CGAGTAATACGTTGGTAGTC,6
TGATGCATTCTGGATGCGGA,8
AGAGTGAGAGTTTGAAACAT,9
TCTTCCCGGAACTTCGGAAT,6
TTTGAGATGTCTCGGCTGCT,7
TGGCCTTTGCCGCATCGGGC,3
AGAACGCAGGAAAGCAGGAC,5
TGAAAAAGTCCAGGGATCCG,6
CTACTCACTGTGCCTATTAA,11
AAACCAGCCTGGCACGCGTA,4
TTAAGACGTATCAGGACATG,5
GTACCTTAAGGGGAACTGGC,9
ACGAGATTAAAAGTTTAAAG,11
GAGCCAGCGTGTGCATCGGT,10
CAACTCTCCTTAGCAGTCTG,3
GGGGACTACCAAAGAGTGAA,5
GGCACATATCATTAGCTACT,6
GAGCTCGAACTTGGACCTGC,10
ATAGACATGGTGCCCTGGGA,2
GTCTTAGGAATCTTTGGACC,7
CATGCTCGAGTTTGGCGGTA,18
TTTTGAACGGTTGCAAAGTG,20
GGCAGTCGGATCTCTGCGTT,22
CTTAGCATGCCTGAAATCCT,7
CTCAGAATTCCTCCTGCCTC,6
AGGGACACAAGGACCAGCCC,5
GGATGCGTCTCAAGGGTAAG,5
CAAGCAAGGGATACGGCTCA,9
ATGCTGAGACCAGCTCGACC,7
GACAGGTACGGACAACGCAG,10
TTGGCACCTGCTAGAGCACT,5
GGACATTAACACTTAACAAA,5
AGGACAGTAACACTTAACCA,18
TACGCACATAGCATTAAGCT,11
CAGCTGCAGGGAGGATTTGC,6
GGCAGGGGGTGTGTGGAGAG,9
GCTCTCTTGCTGTATCCTAT,8
TTGGAACTGATGGCGATACG,9
CGGTGGGAGTGCGAGGTCTT,6
ATGGGTGGCTCATGAAAATG,12
GTCTGTCCAAGGTTCAGCCT,12
CCTCACACCTAGTCTAAGGT,7
TACAACCAGCAGAGGTGCCC,3
GCTGGCAGGAAATGTTTGGC,11
TGCGTAGGCAAATTGCAAAC,5
ACTGCTTGATAGGATTTGCC,8
CTGTGTCGGAGTCTGAGATC,7
TACGAGACACAGCAACCCTC,6
ATACTTCCCAGTCTCCAGCG,8
AGGAGTGGGGTAATAGAAGG,10
AGAGTCCTCCAGTCTGAGAG,4
TACTTTGACTAGGCCCACGC,3
AGGAGCGATGTTTCTTACAC,4
CTTACCCAGGCCATGTCGTC,9
GATTCCAAGTTGGGTGCGAT,7
GCCAATCTCCCATGCTTCCT,11
CCAACTCCCCCTAGGAAGCA,4
ACGACAGAGTTGTCCTAAGC,4
GGCTCAGGTGTGCGGAGCGA,21
CGAGCCTTCCCGGTACTACC,5
TAAGAACCAGAGATTTGCAG,4
GAATGACCCCGGCTTCGGCG,10
CAGGGCTCTCGGAACAGGCG,8
ACGGGCGAGCTTTGGTTAGC,5
GGGCTGGTGAGTTGGCTCAG,8
AACTGACTTCCAGGCAACTG,13
CACTCCATTATTATCAAGGT,4
AGGCTTGTAATTTCAGCTCT,8
GGACAGTTCCTGCGGAGCCA,8
GTCCAGGTCCAGCTGTGGTC,4
CTGCTTTGCGCAGCGAAATG,3
TCGGGGCGCCTCACGGGAAA,2
GAACTAAGTACCAATGTCCT,10
GATGTACAAATGGGCAGATG,10
TGTACCTGTTTATGTACAAA,4
TCCCGAACTCTAGACCAGCA,6
CATCCTTCTTGGCCAAACCC,6
TTACAAACTAGGACAAACTC,5
GCAGCGCTCCCGCAAGGAAT,3
CGTACCTGCTGCGGGCCGCA,11
CTGCATACAAACAACCAACC,7
TCTTCTCATAGAGGTAACCG,5
TCTTGGGTACAGAGCAGGGC,5
TCAGCTTGTTAACCTCTGCT,12
AATTCCTCCCAGGTGGCTGG,9
AAGATGCAGAAATTGAGAAA,14
CAGGCAGTCCAGAGGAATGA,7
AATGGTTTGGATTGAACTCA,13
ACCACACTGTTCTCCCAGAC,7
GAACAAACAGTGGTTAGATG,6
TACACTAGGGGGTTTGTGAA,14
GTCAGGCTGCTTTGGGGCTC,10
AGTCGATTTTGCACCTAGTA,8
AGAATGAGGAATGGCCGTTT,2
GAAAACAAGAACAGAAATCG,6
TTTACTGTTACTCCCCAGGA,7
GGATAAAATGAGAGGGAGAC,10
AATTTCGTCCTCCTTTGGTC,10
TTCCTCCTCCTTTGCTCTGG,9
AGCAGGCTCTGGATGCTGAG,9
TGACATCAGGCAGAGCCTGC,6
AGCGCTGGGCGTCACCACGC,12
TGAGACTAAGAACTGCGTCT,3
AAGTGTCTTACCACCGAGTT,8
TTCAGGAGGAACTGGATTAA,6
GCGTCTGGTACTCAGTGTGG,9
ACATAGTGAAGATGGGGAGG,15
TGAGGATTTCACTTCGGGAG,4
TAGCCCCTGCAGACCCTGGA,5
AGACTGGCGAATTTCTGAGT,10
TATAACATACAAGGTCAGCT,5
TTACTTGAAAAGCTGAGTGT,12
GACTAGCATGCATGAGGCCC,6
CTCCAAAAGCCCTAAAGGAA,10
GACCCACACACACCCAACAT,13
CTAGAAGAGGCGCATTTGGC,6
AAAAAGGAAAGCGACGGTGT,13
TCTGGCGACTCCAGGTCACT,8
ATTTATGTGTATGTGAATGG,16
ATAAAAGGCTGAGCCCGGTG,16
GCACAACTCCATGCCCATAA,4
GGATGAGGAAATGAATGTGT,9
TTCAGCCAGCTCTTGAAAGA,15
TGTGCTCTGTACCTTGCCTA,10
TTGCCACCACTCTGGCCGCC,12
AGCGTCCATGCCCCCTCACT,8
GAAAGCTGAGCTGAGTGTGG,12
TCCCAGGTCTTGTTACCCTT,2
CTTCTGTTTGAACTCTCAGC,12
TTCCAGCTGAACTTGCCAGC,7
ACTTGCCAGCACGAAGAGGC,10
CACTTGTGGCTAAGGTTCTA,8
CTTCATCCATGGAAAAGGTG,7
GAAAGAAATTCCTTGATACA,11
GCTAGGCCCAGTCCGCCACC,6
TCCATAGCTCCACTATAGTA,5
GTGTGGAGGGGGAGCTATTT,5
ATAGGGAGACTCAAGAAAGG,5
CTAATGTCTGCAGTAACCTC,8
GAGCCTAGAGGACAACGTAT,11
TGAGCCACTACGTGGGCGCT,7
TGTCTGCAGCTCCAGTACTG,10
TGACCCTTAAAAAGAAAAGG,3
GGTTGCCTAAGAGGAGAGAC,7
AGAACAGACTAAAGGCTCCT,4
AGGAGAAAATCCTGCCTGAC,8
AGGGTAGGTGCAGGAATGAA,11
TGGAGAGGGCAAGTTACTTA,7
AGACCTCTAGGAACCCAATC,17
GTTAGAGCAGCCAGGAGGAC,8
TGTCAACAGGTAGGAGACAT,8
ACAGTTGTGTGCGGCTGAAA,8
CAGACCCAACAGGAATATTT,8
ATGAGTAGAAACAGAGCTAA,4
TCAAGGCCCTCGCAGAGAAC,4
GAAAAGAAAGAAAACAAAAA,7
TAGAAAAAGAGGGAGTAGCC,7
CAGGTCGGAGCCCAATCCAC,15
TGGTTTCGGGACTTGGGTCT,1
TTTCAGAGAGATGGCCTCGC,6
TGGAGAGGAGATGAAGCCAC,7
AAAAAAAAATACTAGAAGCG,9
GCAAGGCTGGAAGGCTATCG,12
GACCTGAAACCCAGTACCAA,5
GGGAAAAACTCTCCCACCGG,7
TATTCTTACTGGGGAGAAAA,3
AAACATCTGGTGGGTTTGCT,6
CATTTCTAGGTGACGGGATC,3
GAGATTTGGTTCCCAGGTCG,6
GGCTGCAGTCCCATTCAATC,7
AAGATGGCAGGGGCAAGCTG,18
CCCGTGCTTAGTGTCCTCAT,2
TGGAGTTAATCGGTTGATTG,5
AATCATGGAAGATATAGAAA,8
GTTGGGAAGGGTTGTAAAGA,5
GTGAGGCAGACAAATATACT,1
TATACTAGGATGGGTTGGGA,5
TTTATTCTTTAGACATTTGT,7
TCGTGAGGAAGGACCAGAGA,13
CTTCGTCCCTCCCTCTCCTC,2
AATCCTCTTCTGTAGAGAAC,5
ATACGAATACGCGAACGAAG,11
TCCAGACCTCAGAGGCAAAG,9
CTCTCCCGTCATCGTCCTCT,6
ACATCTTTCCCGAAGGTCTT,12
GGAAAAGATTCATCGAATAG,6
CAAACAAGTGACTTGAGAGG,13
TAGACAGCAAACAACCTTCA,4
AGTACAACCAGAAAACGCAC,7
GGCATCTTCAGGGGCAGATC,15
CTAAATCTGAGAAATCCACC,3
AGGTAGGTGGGGCTCCTCCA,10
AACAAGATATATTCTTGGTG,8
AGAAAAACGAGATATATTCT,4
ATGAGTCAGGAAGTATGAGA,6
ACAAGTGACCAATACCAGAC,3
TTTCTAAAGGTTTATGGAGA,6
TTTCTGCGCAGCTCTGGGCT,8
TCCTAAATGCTGAAGAGAAA,3
TTGAAGGCAACACATGAGGC,14
TCAGAAACCATAAAGGAATT,4
TGAGCACATGAATCCTGTAA,4
TCCTGCCCTCTTGAAGCACT,6
GTGCAGCTGGGTAGGTGGGT,9
TGTTGGACGTCTCGCCTGCG,12
ACGAGACAGAGCACAGCTTT,9
CTAATCTCTAGGCCTCCCCC,1
GCACAATGCGATCCCTAAAT,5
TTAATAAGGGCATAAAAATG,10
TAAGTAGAGTGCAAGTACTC,6
ATTAAGTGTCTTCTATAGCC,10
GCTAAGCCCGATTCAGGTCC,11
AGAAGAGACTTAATTCAGAA,4
AAGTCACGAGAAATAGTAGC,4
ACTATTTCTGGTGATTTCAG,13
TACTCAATGGACAGGAAAGC,11
GACAGGAAGAAGCAGTTGAA,7
CTCAGAAAGCTTGATTAACG,3
GGCCTGAGCTCTCAGCCTTC,9
TTCCAGAATGGTGAGAGCTC,1
TTTACATGATGGTGGTCAAA,8
CCCTCATAAGCAGTGCCCTC,8
CTTTTGGTTGCAATACTTTC,14
GTGCCCATTTCTAGATCTTG,3
GGCGTCCCGGCTCGAGCCGG,7
AAGTCAGGGCAGCAGTACTG,7
TCCACCTTCGGTGACCTGGT,6
ATCTGTGTTTGTATAAATTT,13
TTCAGTGAAAACGCAGTCGA,4
TGCGACACAACTGGCCAAAG,8
CCCTTCCAGCAGCTCCCCCG,12
ACACAGTGGTAAGCACTAGG,10
TGGTAAGCACAAGGAGGAAG,3
GATGCAAAATGTGTGCCGAC,10
ACTGGGGCATCCTGACCAGG,11
GGAGATGAGACGGAGGTGCG,5
AAACTTAAGTTGTCCAAAGT,3
CCCAGTAGTAAATAAAAAGG,8
AGGGGTCAGGTGAGACCTCT,7
GCGGGACCTTGACACCACAG,10
AAGAAACGAGTCAAGGCGAC,9
CTTCGGACTTGGAACGCGGG,13
GCAGGCTGGCCTGTAACTTG,5
TTTAAACACGCTCATGGGCC,11
AGGGTCTCATTCGATAGCGC,2
GGAGACACACAGCCTGTGGT,7
GGAAGAGGGGAGCTGAAGGG,8
TTTGGAGAATCTATTTCCAT,1
CGTCACGTCAACTCGGCCGA,6
GAAGGAGAATGCGCCTTAAG,11
GGATTTGAACTCAGGGCCTT,0
TGGCTGGCGAGATAGGTAAG,9
GTCTTCAGGCACCCCAGAAT,13
GGGAGCCACCATTTGGTTGT,9
TACCCCAGTAACAGCCCACC,9
CTTAAGTAATTGCCCAGTTA,4
AAAATAACAATAGAAAGGTA,3
GATCAAGCCTGCCAATCCTC,9
GGCTCAGTGGTAAAGATCAC,9
TGAGATCTGATGACCTCTTC,5
AGCACTGGCAGCATTTCTGA,10
GTACCCTAGTAACACCCCAG,11
CCCCGCGGACAGAGATCATT,13
GATGGGTGTGAGTCACCATG,11
GTGAGTCACCATGTGGTTGG,4
TCATCGGATCTCAATACAGA,3
GATCAAGCCTGCCAGCACCC,5
TCAAGTTCCGTAACAGAAGA,16
TCTATCTGTTCACCCTGGAA,1
AAACATGTACTGGGTGCACG,7
AGAATAGCCAGCCTCAGTTG,8
AACAGTCTGTCAGACATAAA,6
TTGCTATGCTGCGCTAAAAG,5
CTCAATGTCTATTCACTAAA,4
CCTAGAATCTCCACATCTCC,7
GAAACAAGAAAGGCACAGGT,5
CCTCAAACACCACATTGCTC,16
ACATTCATTAAATAAAAGGG,8
GTCCATGCCAGAGTGCAGGC,19
GGCTATGCTGTGCTTAAAGG,15
TCCCCTAGAAATAGCCCAGC,10
AGACCTGCTGGGCTATTTCT,10
CTGTGTTCCAACCCTCCTTA,7
GTTGCCCACCTTCAGAAGCT,6
TCAGTTCCAGGGACTAACTC,9
AAAAAAACAAAGCGCGCGGG,1
GGGATCGTTGCCCCTCGGGG,5
ATCCCCGAAACAGACTTGGG,12
ACATGTACATAATGAGACTT,8
AAAGTCAAAATACCTGCTTT,11
TTTCGGCAGATAAGCAACAC,5
TAGAGCCTGAGTGGCACAAA,7
GGGTGGGTCCATCTCTGGGC,6
AATTAGTGGTCAAGGAGGAA,8
TGCACTGTTCAGGGCATACT,5
TCTCCCGCTGTAGAGTTACT,12
GTTCCGGGTGGCGCTAGGCA,10
GAAAAGCACGGGAAGTGAGA,11
GAATTCACATTCTTTCTCTA,7
GAGATATCTGTGAAGCCCTG,9
AGAAGTAGCCATGAAACCTA,9
TCTTTGCTTAGGTGGTACAG,7
GGGAATAACACCAGGGCCCT,4
TTGAAGTTTGTGGTTTAAGT,8
GAAGCAGAGAAGGGGCATGT,9
TTGGACCCACGAAAGAACTG,9
ATGTTCTGGAAGAGTCCGTC,15
AGGAACTGTAGAGAAAGAAC,4
GGTGTACATAAAAACATCTG,9
CCTCTGCATTTCATATCAGG,6
GTGTCATGCCCCCAGGGTGG,4
CCCGATTCCTGCTGAGATCA,7
ACTTACTAGTAAAAAAGCCT,13
GGCAGTTTCGAAAATTGTGG,9
ATAGGAACCCCAAGAAAAGT,3
CGGTGTCTACACTAGAAGAC,10
CCTAACGGTGTCTACACTAG,11
ACCTCCCTATCGACTTCCCC,6
GCTTCATGCATACCAAAAGA,8
AAACCTATGGGCTGAATGTG,5
AAAACCTATGCGCTGGATGT,8
TACAGTCATAATCGTAGGGT,3
ATGAATGGGGACACTACAGA,9
TGGGGTCACTACAGATGGAG,5
CGCCAAGCTCTGTATAAAAG,6
TTCTGAAATTCTGTAAAGGC,8
ACTTTGACAGAAATGTTTCC,3
AGGAGAGAGAGAGAGGAAGA,7
TGGTGTGATGTTTGGACGTC,3
GTTCTAGCATTCTCACTACA,10
CATGACTCCTGTGTAAACAC,10
TGGCAAGAGAGGTTGGGGAT,3
TATCGTTGAATTCTCAGCAC,4
AGACTCCTTTCCCTCGGGTG,5
AAGGGAAAACATTAAGTTCC,12
GGTTACTGGGAAATGAACTC,5
TTCTGACTTCTGTGGGCCCC,9
ATACACATATGCACCTATGC,7
GATCTTCTTCTGACTCCTGT,11
TTCCCAGCCCCAGAAATGGC,5
AGTCAGGGCCATGTCTTTAC,5
GAAAGAACCGGAAATTTAAA,10
GCCCCTCACTTATGTAAGTT,5
CTTCAACAAGACTCCTGCCT,11
GCCAGGAGTCTTGTTGAAGA,11
AGAAGAAGAAACCCCCAAGC,8
AACCCTCAAGCGGGAGGATG,12
ATTCCCGATCGCGAAGGACG,13
ACTCACTTTGGAGACCAGGC,8
AGGGTTTCTCCTTATAGCCC,6
ACTTGGGAGGCAGAGACAGG,10
AGTGAGGTCAAGGCCAGCCT,11
TTACAGAGCTCTGTCTAGCT,11
GGAGACTCTCAGAGTTCCCC,10
ATTGCCATGAAGTATTGGTC,13
GTGTCTGAAGGTCTTTGAAA,16
AGACCAATACTTCATGGCAA,8
TCTGGGGGACAGACGTTTGG,4
TAAGGGACTCCAGCAAGGAA,4
CCTCGCCACAGCGGGAGCTG,7
CGCTGTGGCGAGGGCGCACT,10
GTGGGGACATAACAACTCCT,5
GGCCTTGGCGCCAAGAGAGA,4
TTTGGCATGCTTGAAACCCA,7
CCTTGACTTTGTTCCTCTTG,7
GCGAGGATAGGGAGACGGGT,5
GTCGTATTCACACGACGTGA,5
AGTAAGCAAATGGGTGCTGC,5
GTCTGTGTGCATATAAGTGG,6
GTCTGCTATAGACTCAGGTC,4
TGGCTGCTATAGACACAGGT,8
GGGCTTTGCGTAAGGCATGA,8
CAGTTAGTGCGCATAGATGT,3
CCCCTGTGAGAAATGAGTAG,7
GCTCTGACAGACAGTCTCTT,16
ACACCCAAACCCGAGGGCAA,7
GGAGTCCCAAATCCTAGCCC,7
TAACAACTGCATGCCAGAAG,9
GGTTGTTGGGAATTGAACCC,9
CCCCAAAGCGGAAAAAGTGG,7
AAGGACAAGAGGGGAGGGTG,5
AGGCAGGTACATCAAACTCT,4
AGGGAAAGTCAACCCACCCC,12
TCGTCCTGCGATCCAACAGT,1
GGATCTCCACGGAGAGAAAA,9
CACGAGCGACCGGGAGGCTG,8
TGAAATGATGCTGTGGGGGC,5
CTTCACAAACACTTCGTACA,7
AATACAATCCTGGAACAAGA,12
AATAAACTGTGAGAAGCTTG,20
CGATTAAGATCACAATATCA,7
GACTCCTAAGTCATCGTTTA,6
TGGGAAAGTAGCTGGCTAGA,10
AAAGTAACTGCATTCACTCA,9
ATGTCCGTAACTCCAGTTCT,7
TGTATCATAATATGTATGCC,9
AACATGTAGAAGAAGGACAT,8
ACTGCTGTAAGAGTGTCAGA,8
GTGCCTTTTCTTAAGGTTGT,12
GGTTAACTGCCGAGCCGGTG,10
ATACACTCAGGGTACAGAGG,9
TAAGATTTGTTATTGTGGGT,4
TTCCTGATAGTTCAAAGGTT,7
TGTTGAGCCCAGGTTGGAAA,4
GGCAAGACAGGCAGCAGCCA,12
TCGAATTGTTGAGCCCAGGT,9
TGGCATCTGTTATCCTTCTG,1
CGCGTCCTGCAGCCTTAGTC,10
TTAGTCCGGTCTTGCACCAC,4
ATGTGTTGATGATGTGGGGG,9
GTGGGTCTATTGTATGATGG,2
CGTGGGTGTGTGTGTGTTGT,2
AAAACGCGATCATTTCTAGG,3
AGTAGCTGACTATAATGAAT,6
TAGCAAAAGCCTAAAGAAAG,5
TTAGATTTCACTATAGAAAA,4
GCATGCTTTCCTAACGTGCG,5
GAATGTAGCATGGGGGGGTG,9
ACAGCCTCTCCCCCTCAGCC,17
AAGCAGCGATTCCCAGGGTG,5
TCGCAGATGAAGGGGATGAA,12
GCTTCAGGAATCATAGGGAG,11
AACGAGGCTTTGAGAACACC,12
AAGTGTAACATAAACTCCCT,7
TCCCACTAACGATGAGTAAA,2
TGGTGCACATTTGGCACAGC,7
CATAGGGGGCCGGGCGGTTC,5
ATCACTGTACTGAAGGGTCT,3
GGGGGTCACCACAGTACTGA,11
TAGAGGTTCACAATCTCATG,2
TGGAGGCAGTAGATTGGATT,7
CGTGGCTAGTCGCTTCACTG,10
TTGGGAAACATAGTGTTCTG,2
CAACGGAGGGAAGCACAGTA,5
ATAAAGTGTGGCCAGAACTT,13
TCCTGACCGCAGCGTGAGCC,7
CCTAAACAGTCGAAAGCATC,9
TGGGGTCAGATGCCCTCTTC,10
GGGTGCTTGGAAGTGAACCT,5
CCGTGTCAGGTGCTTGCAGT,4
TACATTCTCTGGGGTATCAT,4
GGGTATAATCGGGCCTCCCG,8
GGAATATTACGGGGGGAGAG,8
TTGTCTAACAAGATGGTGCA,5
GATTTGGCTCACAGATAGCT,11
GGGGACCAGTGTCAAGTCTC,12
TGGAGTGACATTTCCTCCTA,8
AGTCAAAGGGCAAGGGAGCC,6
AGAGTGGAGGCACAGGGCAA,3
CCTGCTACTGGGCCTTGACT,13
ACTAGAGGGTTAGTGTTGCT,15
GGCTGCTGTGCGGTCTCTTC,11
AAGGGGCTTGCTGGGGATCT,3
TTCTAACAGTATGGAGGCGA,13
CAAGAGATCTCAAGTAGCGA,6
CGAGGAAATTGGTTTCCTTT,12
TGTCGTGTGGCGCCCGCGTT,12
AGGTAGACCACCTTCGGGGT,6
CGCGGGCGCCACCCGAAACC,6
ATTAGCACTTCAGCAGTTTC,13
GGGGCAGAATGGCTGGAGCG,3
AACAAAAGAAAGGGAGGGGA,5
GACATGGAGTTCGGAGTTAA,5
ATTCTCTGTCAGCTGATCAT,9
TAAATTACTAGATGGATGGA,5
GACAAGGTAGTCGTACTGGG,3
AAACATGACCATGAATATCC,10
AGGAGATTGCCTGGGAGAAA,13
CATAGACAATACATGCGCAT,9
ATCGTCTACAGAATAGTCAA,7
CCTGAGAGTGAACAATACCA,8
TCTCCAAGGGGAGGAGATGA,11
AAGACAGGTGACCAAGCAAG,8
CCACACCCAAGTTAAAAGTC,5
TTTAACCCTTCAAGGCGCGA,4
CCGAGTTCAGAAATAAAAGT,6
TAGACTCCAGCAATCAAATA,4
ATTGCTGGCGTTTAAGCTGG,4
AACCAGAATTGAAGTTCTGT,7
TAGCAGGTCAGTGCAGACAG,5
CTCCTTCGGGTGTCAGGGTA,12
CTTACCCTGACACCTGAAGC,7
TCACCTGGCGGGACACCGAT,12
GTTCGCGTGAACTTTGAGGA,9
AACTCTAGCAAGTCACCTGG,9
ACTTGTTTCACAGAGGCCTA,6
AAACCACAGATTCACACTGT,13
TCTCAGAGGCCCAAGGCTGA,14
GGCTCATCTCCACTGACGAA,16
TTTCGGTTCATAAAACTGTT,10
AGAGGAGCTGAACAGCGGAG,3
TGCTCTAGGAAATGTCTACC,8
TAGCCCAGGTAGACGTTTCC,6
CTCAAATGTTTAGAGACCCG,5
GGGAGTTAAAATGGCCATTA,10
TAAAATGGCCATTAGGGATG,9
CAGACAGACAGATGAACCCA,8
AACATGTTTACGGAGGGGAG,6
GCCTTGAACATGTTTACGGA,8
GACCTTGAACATGTCTACGG,5
TGGGGTCCAAGATCAGAGCC,7
CCTGATTGAGTTCGGTGATA,11
CAACTGAAAGGGATTCCCAA,7
ACTGAACCCTGACTAATACA,9
AGTGACCCAGTACCCTCTTC,10
ACAGGGTCCCTGTATTAGTC,7
TCCAGATGGATGCTTAGGGA,10
GAGTGGTCAGGACCACACCC,11
GTTGTGGCCCTATATGAGTG,7
GTAAGAGAACATCTTAAGCC,9
TGACAGGGATGGCATTTGAT,7
CCGTGGAGTATTTCTTATTC,3
GAAAATTTAGACAAGAGGAT,11
TCGTGAATTCCAGGCCAGTC,5
GCGATCTCCATGGAGGACTG,11
GTTTCCACGTTCTGAGGGCG,9
AGAGATCACCCGACTCAGCC,8
GAAGGGGTGGAGAGGACAAG,7
CACGGTGTACATGTCTTTGA,3
ACCCGTCCCAAAAAAAGAAT,5
GACCTCCTAGAACTTTAAAT,6
ATCGTAAGAAAATCCGCACC,15
TCTTTCAAGGCTTAAATTTG,7
CTGGAACTGCTCTAAAGCCT,8
CCCTAGTGTGGCGCGGGATG,12
CGACGGGAAGCGTGTGCGTC,1
ATGCACGCTGTGTTCCACCA,6
AAGGTGGTCACAAGTACATC,5
CTTTAACTTAAAGACCTGAA,6
ACCCTGCTCGGCAGTAGGGG,8
AAGCCCCCTTCAGAGTGTGA,7
CAGCTGTTGGATTTCACGGC,8
AGCCAAAGCACACAGTTCGA,4
CTGTCATTCCCCGCCCACTG,7
ATGCGTTATCAAGTGTTTCT,12
AGTTACAGCTTGATATCTTA,5
AAAAAGGGAAGGAGGCGGGA,4
CTGGGTGCTATTAGGGAAAA,5
GGAAGCAGTCAGGAAAGTGA,6
TGTGTATCCCTAGCTGTAGC,10
ATTCAGTTTCAGCCGAGAAG,13
TCAGAAACACAAGAGGCGAA,14
TTCTTGCCATTTCCACTACT,1
ATTCTTTGTGTAACTTGTTG,11
GGGGTTACTCTCTGCGATCC,10
TCTCCGCCATATGGGACTTA,7
TACTAGCCACAGCAGCTTGC,10
GAGTTCCTTAAGTCACATAT,8
CCACAGGAAAGGAAAGGGAA,4
TTCTGATAAAAGGAACTGAA,6
TATGGTCTAACCTTTGCACC,5
CAGGCCGTAGCACTTTTGAG,30
GCTTTGCTTTGCTTCTTCCT,6
AACAAAGGGGCAGCTGGGTT,6
GGAGGCTTCCATACCTTTGA,12
TGCTTCTCCCTTTCTATTAT,2
CCAGAGAGTGTGCTTGGCTC,5
TCTGGTCCTGTCTAAGCACC,11
AAAGTTGGGGGTTAGGGGGG,9
TTCAGACACACAACAGGAAA,3
GCACCACAGCCCTGGCCAGA,13
AAAAAAGCGATGTTGTCGCC,4
GCTCGGGCGGCTCACTGCAC,19
GTCGCAGGGATGGCCCCAAG,3
TCTCGTGTGCCCGGGCACTA,8
TACACTTCACTCTGCACAGC,10
CAAAGAACAGCAGAGATCTT,12
TACAGGTCTGTCTGCGGCTC,1
TTCAAAGACCAGCAGAGATC,8
AGGGGAGGGAATGTGGAGGT,7
CTGAACTTCAGGTTCCTCCG,6
GTGAGCAACTGTAGGAGTGG,6
ACAGGGCGGAGTCTGGGCTG,11
CGTCATCCGACGCAACCCTG,5
ATCCGCTCGTGTCCTGACTT,12
TGCAGGTAGCATGCCCTGCC,7
AACTCCAGGGTTTGTTTCCT,5
TGTTTCCAAAGAGCTCTAGT,7
TCTCGCTGGTCTACGATTCC,12
TGTTTTGGCCTCTGACTTGG,10
CTGTGTAGCCCAGGCTGTCC,9
ACTCGGGAGGCAGAGTCAGG,9
TAGCCCTGAGACTCTAGGGA,8
TTTGAACTACGTGTAGTGAG,10
CCTCTGAACTACGTGTAGTG,9
ACTAGCTACCTTAGCCATCC,12
TCTGTTCCTGTAGAATAGCA,1
AGGGTGGCAGTAGAAGCTGC,6
CCCATCCAGGTGAGTGATGC,15
GGCATCCATGAACTCACTGG,9
ACGAACAGGTCCACAAACTC,16
TCTTCATCAGCAGGCGGAGG,7
AGAGCAAGAGCTCGCGTGCT,5
ACTTGCGATCGTAGCACTCT,7
AGAACTCTAGGAGCTGAGGC,5
CAGGCACATTACAACCAAAC,6
GCAGGAGAATCAAGAGCTTG,5
TGAGGGAGAGCCGGGCTGAG,5
TCTGTGGTTGATGGAGAGCT,13
AAAATAAAAATTTGGAAAGA,3
AAAATCAAGGCACAGGGGGC,4
TGATTTGGTGTATGTATGTG,11
GGCAACCCTGCCAACCCACC,6
CACACTCTGAGAGATTCCAA,6
TCCGTATGCGTCGCTGTACT,12
TTTGATGAAATGAAGAGGGC,13
TCACAGGCCTGCTAAGGTTG,5
GGCCCACATGTGCTATTGTG,12
TCGATGAAAATGCTTCTGTG,9
GGAAGAAGCAAATTTCAGGA,6
GATTATAAAACCCCAAAAGG,6
AGACTTTAAATGAGAGCCCA,5
GAGTCCCAGCATGCAGGCAT,5
ACGAGTTCACTGTTTACTTC,15
AGATCCTAGGGACCGCCCTT,9
GCAAAGAATTATTGCCAGAA,5
CTCCACCACTCCCACCACTC,7
GGCCGGTAGAGTTTAGGTCA,8
TAAGAAGATGTCCAGCGAGC,7
CCGGGTTTGCCGGAGACTGA,2
AGTGTGTGGGTGTGGGGGGG,9
ACCCCCGAGGGGAGGAGCTT,15
CACCCATTTGACAACTTGAC,9
GGAAGGACAGCAGCGGTAAA,9
TCTTGAGGTTGTGGTTATTG,4
TTATTTGGATGCAATATTTG,5
CTGCCAGCAACTGCCACCCA,8
TGCCAGCCACTGCCAGCCAA,3
GCACCTGGGTGTTTGGCAGT,7
ACAAAAAGCAACTTTCTCCT,4
AAAGTCGAGTTTGTGAAAAA,6
GGATTCAACAATATACACAA,6
TCACACTCTTGCGGCTACTA,6
AAGGTACTACGAGGGAAACT,9
AAGTGGACAGAGAAGTGGGA,12
CTGTCTCTCGCCCATGAGTC,5
GTGAACTGTGGCTAGTGGCT,6
TAATACAATAAAAATTCCAA,8
TCTAGCCAAATCAGTGCACC,8
AAGACCAGAGAAGCATTTGC,17
TCTTAAGGAATAGTTGCAGT,13
AGGTCCTCGTGGTACCCTAA,20
ATTAGATCTGCCCGCTTCAT,8
GGTCCGAGCTGCCCCACCTG,21
CCGGCTCCACCAGAGGACGC,9
GATCCCAAGTGAGTTAGAAA,11
AAGAGGGTGTGTTGGAGGTC,6
TTGATGGTGATCATGGGGCA,4
TGCCGGGGAGACCATCACAA,6
CGTGATGTGTTCACACTCAT,8
TGAGGGGATGTGCAGGAGCG,8
GGTCCGGAGTTCAAGATCCT,15
ACGACAGCAGTTCCGAGGCA,8
GCCGCCAGCATCGTGGTCTC,6
AGGGTTTGAATATGTCAGCC,8
GAAGTGCCACTCGGTCTCCG,7
CGGAAAGGGGCTGAGGCTGC,6
GTGGATATAGGAGCCAATGC,5
AAAAGGTAGTGAGGGGTTTA,5
AACGTCCCGCGTTTGCCCCG,7
GGCTGTCGAGGACCGGAAGG,12
GGTCGCGGTTGCCATGACGC,10
ACTGTCTGTAAGACGCCCCG,4
ACTTAAGCAACTCTAAACAA,7
CTTAAGCTACTCTGAACAAG,10
GGAGGGCTGTAGAGTTCACC,11
TGTTGCTGGGGATCAAGCCC,7
GAACAGAGTAAAGAAACTAG,5
CATGACTTAACTCCGGTCTC,3
GGTGACTACTGCCTTGAGTG,8
GGGGTTAGGGAAAATGCACA,13
AGAAACACCCTCATAGAAGC,11
ATCGGCAGATTTACTGAATG,7
GGTGCTGCCTGCACACTACC,4
TGGGTAGACGAGGTTGGTGC,8
CAGACACTAAAGGTGGGGAC,7
CGTCTGTAAGCAGACACTAA,8
AAATGCCACGGGCCAGAGTG,10
GAACGAAGGCACGGGGGTTG,13
AGAATTGTTGTGTCCAAAGA,5
GAACGTGGCCCGAGAGTTCA,7
CGAGGAGGCCAGCTGGAACG,6
AGCACCCGTTCCCATCTGTC,7
TAGCCCTCTTCGGAGAGACT,6
AGAAAACAACTTCTGACTAT,8
CATCCTTCACAAAACAAATA,11
ACCTTGAAATAGTAGCTGTA,11
GCTGTACCTAACCCGGCCAG,4
GGGTTGGTATGTAGTTTGCT,11
TTTGCAGGAGTTGCCAACCT,2
TCCACCGAGAAGGTAGAGGG,7
AGAGACCGTGGTGACCTCTC,10
GCCCCTGCATCCCAAGTGCC,3
TTGACACTCTCAGGGCAGCT,12
TGGCTCTAAACAGTGAAACA,7
GGACTGACTGCGGGACAGTC,10
ATGGCAGGGTGGGCTACACA,10
GTTAGAGCAAATCTTCGTAC,9
TGCGAGTGTGCTTTGTCTTT,6
AGACGAGATCTCTGCACCCC,8
CAGACATCTCGTCTAACCCA,5
GGTGATCACAAGGTCTCTAG,1
GCCATGTTCAGGTGATCACT,5
GCACCTGAGGCCTGAGCATC,5
AAGACCCTCTCCATTCAAAA,6
AATTAGACTGCGTTGACTAA,7
GGGCGACCTCGAGTAGAGCT,3
GTGGTTAATGATAGAAAAAG,4
GGGACAGAAGAGAGGCTGGC,15
ACAGCCATTCCTGGATACAA,4
CTTGAGATGGCCTCTGGACG,7
GGTGGTCACAGTGTTCAGTG,4
GAGCATCCAAAGGGCATGCA,5
AGCTCCCGGTGCACGGTACT,13
GGGGATCATCAAAACTAAAC,7
AGGAATAATGCAAGTGTGAA,18
AATAGCAATGGAGGCATGGA,1
ACAAATCACCAAATCCAAGA,8
ATGGAAGGAAAGGGTCCCAA,13
TTCTTTGATTACTGATACCG,6
ATCTGAAAGATGAACAACCA,8
ACTTATTTGGGAAGAGTGGA,4
CACAAATTCAAGGTGAGGCT,4
GAAAACAAGAAACAAGTCAG,10
TCTCCCCACAGTCACACAGG,6
GCTGGTGAAGGGTGAGAGGC,6
AAAGTGGCGTGGCCTGAGAT,12
AGGCGGGGCCTAGATGGGGA,11
CCTGCTACTAAAGTGATAGG,6
TCAATAAATTACTCTGTCCA,8
ACCTTGCCTGAGAAACAAAC,8
GAGTTCCAGGCTGGCCAAGC,6
AATTTCTAAGGTTAAAGCTA,12
TGCATCTGCTTCCTGAGCTC,8
ACAAGGCACAGGACAGTGAG,10
GGCTGAAACAAACAAGGCAC,14
ATCACTGAAGAGGTTAGGAA,9
AGGGTCTCAGGGCATCTCCA,10
CTCCTAGGGGCAGTACCTTC,15
CTAGCCATAGTACACCCCTC,5
ATGTGTCTGCAGCTCTATCC,15
GTCCCACCCCTTAGGGTCTC,10
CGTTCCCAGTTTGCGAAGTG,12
CACAAACTAAGTGAAACGCC,18
TTGAAGCAGCCTGTGACTAG,15
GAATACGATGTGTACAGAAT,8
TGAGTGGTCTGATTGAAGAG,3
CACCACTTTAGGGCTGCCGG,9
AGAGCCTGGAACTCTTCCCG,8
TTTCACTTGCTGCTAAGTGC,5
TTCTGACTCTCCGCCGTAAT,9
TTACAAGGCTGGGTCCTATC,13
GGCCGCAGGGCAGAGGGCCA,7
ACCACAAGTGTGCAGGTGTG,8
CGATCATATAGTGACTGTCC,9
CCAGCGGGAGGCACCCTGGC,8
CTAGGAGTGTTTGGCCTGCT,9
CCAAAGAGAGTGAGTACTCA,11
CAGCACGCCAAACACTCATA,6
TTTATCCCGGCTGGCTTGAA,10
GGGTAGAAAGGGCTAATAAA,4
ACACAGGAGCGCACACTGAC,11
GTGTTTTTGGCGCTCTGAGC,11
GTGTGGTGGTGGTGGTGGCG,8
AAAAAAGAACACATAAGAAA,8
TTTACAGATGTGGGAAAGAA,9
AGAAATGAGCAAAAGTGGAA,5
GTGCGTGCAGATACTCTGAA,8
CAATAGTCATCAGTTGTGGT,14
AACTGATGCCTATTGTGCAG,12
GAGCCTCCTGTTCCAGGGCC,9
GTCTGCAAGAGTCACTGGAG,9
CCTCAAACTCAGACGTTCCC,12
TTTCCTGGTAAGCCACCAAA,3
TCCCCACTTTCTGCATCTGT,3
TGGCTACAGATGCAGAAAGA,10
TTCTACAAGCACTCGTAAAA,7
AGGGCCTACAGGCCTCTGGT,8
GTGGGTCTGGATGACGACGA,13
TAGCCCCTTGCATTTGCTTC,6
TATGCTTGATCATGAAAACC,13
GTGTGTATGTTTGTGTGTGG,7
AAAGTGTCTGAGACTTGAAC,19
GGAGTCACTGATGGACTCCA,6
TGGTGGGCAAAGCCTGGTTT,1
AGATCAGAAGAGTTCTCATC,12
TACCAATGGGAATTAACTCG,7
GTGCAGGGCTGCAGCAAGAA,4
AGTGATACGCTGCCTAACTT,7
GCCTGTAACTCCACCCCTAA,8
TCTTTGGAAGAAACTACAAC,6
CCAGCCTTCTCCAGCAACCT,7
CCTGTACCTGATGGTGAGTG,13
ACCATCAGGAACAGGGGATG,15
