GCAAGAAGGAGAAAGACGCG,4
ATCTCTCAACAGATAGACAC,17
GCCGAGTTTGATTAGAAACC,12
GACAACACACAAATAAGCCC,10
ATTCTTGTTACTAAGAGCTA,8
GGGAAAAGTGCAGGGGGGCG,14
TGGGGAACAGTGAAGGGGGG,3
TTTCCCCACGATATGTATCC,7
TACAGGAAACCAAGCCTCCC,16
ACCGAACAGATGACACTGGG,9
CCTCGTGAAATTATTAGGGA,10
CAATCAACTGTTCACAGTCC,6
AATCCAAGCTAGGGAAAGAG,15
CATTCAGGACTACTAGATCG,5
AGACGTCGCTGCCTGCGGTC,6
CTAGGAAGAACGCCAATTCC,11
TTCTTTATCGAGCTAGGGAT,7
CAACTTTCACATAGTTTGCC,4
GGAGCTCAGAACCCCGCGCC,6
TCCACCTCAAGGATAGGGGT,9
GCAGTAAAGGAGAGGAAAGC,6
GGCGGCCCTGGCAGCAGCAA,9
TGGCCTCTCTGCGCCACCTC,6
CTAATAGCTGCCATTTCTTC,13
TGGGCCCAGTCAGAAACATC,13
TAATCGTCCTTGTGTGTATT,12
ACTGCATCTGCCCAAACAAT,15
AATGTGGTCAGAGGTGCGGC,13
CATCTTCTGTTTGGTGTCAT,18
ATCGGATACATCAGAAAATG,13
AGGGTACCCCGAAGGTGCGG,9
AAGTGGTAGGTGCTGTCGTG,7
GGGTAAGCAGTGATACTGGA,21
AAGGAACCCTGGATTATCAC,8
TACGGAGAATCAGTTGTCTC,10
CGATCAAAAACGTTCCATCC,3
ATAAGCATATACAGACTGAT,18
ATGATGCAGGACGTGTAACC,6
TGCATCATTTCACCAATCCC,7
CACGTAGAAGGAAAGTTACC,10
TAATCAGTGGTGACCATTCT,6
TGGAACTCACTTTGTAGGCC,7
ACCCTGTACCTCAGTGGGGG,6
AAAGCCTCTGGCCCCTACCC,6
CTTTCCTCACTGGGATCTGT,4
TGTGGGTGAGGTGAGACCCG,9
GTTGAGATGACTCCAAATAT,4
GCTGACTCCAAAGATAGGGA,8
TCTGATTGCATCCTTAGATA,11
TAGATGTTAGTCTCTACATG,9
CTCTGCTGTGGGTTGTGGAG,3
CAAGCTGGAAGCCGACCGTT,9
GAGCGAGGCCTGGCAGCCCA,14
ACCCTGATGCCTACCACAAT,5
CAGGGGCATTGTCACATTCC,13
AGTTCCCTCAAGTGCAGGGG,17
GATGAACCCTGTAGGACACG,7
AACTGTGTCCTTAGTGAAGT,9
TAGACCAGAAACAAAGGTTA,7
TCCTCCCTAACCTTTGGGTC,14
CCTCTGTTGGTTCTGGTGTG,5
GGCCTAGGGTTAGGGATAAG,4
AAACAAACTTGTACATATTT,21
GTGGCCAAGGGTTAGGGATT,4
CGTTGCTGAAATAGAAGGTG,7
AGCGCAGAGCCCAGACTATC,7
TGAGAGTTCTCGGTTACCCA,6
TGGCAGGAACTGGATGGGGC,6
GCCTAGGATATCAGGTTGCC,10
AAGGAAGGATGATTAAGAGT,9
CTCAAGTGTGAACTACTCTT,6
GCTCAGTTCTTGGAGTGGGC,7
TGAGAGTCTTGGGAGGATGG,4
TACCCATATATGTCACTCAA,3
ATAGGCCAAGGGTAATGTAA,7
AGGATAAACTGCGTGGCTGA,11
CATTCAAGGGCCTGACACTT,9
GAGCTGCCAGAGGACAGGTT,11
ACCCCTCACCCCGCCAGGTC,9
CACGCAGCTTAATTCCAGTC,10
TTGCTACGTCCCACATCTTT,8
TGTCGGAGCGGATCCTTGTT,5
CCAACTATGTCAGGATTCCA,9
CTTGGAGTAAAATCAAAGAG,3
AATCACTGCAGAGGGCTCGA,11
TATGCCCCAGGGGGGCCCTC,7
CTTGGGTAAGAGCTGACGTG,12
AGGTGTTGGGTACCCTTGAG,8
TGTCTAACTAGCTCTCTGGC,5
ACATCTAAAGCAAACATCCA,8
ACACAAGAAAGACAGTGCTG,3
TCCCACCCTCAAAAACTGCA,8
AGACTTTCCTATTTAACTGC,10
GATAGAGACACAAGAATTCT,5
CTCACCCCCTCCTCCGGGAA,10
GAGGAGCTAGAAAGAGGAGT,10
ATTAGAAAGGAAGGGAAAAT,15
AGAGTAAGCCCTTCTGGAAG,2
TTGGGGGACAGAAGGCTCGA,9
TAAGTGGCAATGAATAAATG,8
GGTGATTGTCTGTATATTGG,7
CAGTAGACAGACAATCACCC,9
GAACGCAGCAGAAATGGGCG,7
GAGAGAGTTTCAGGACAGTC,23
AGGGAAACCCACAATGTTTC,9
TCTGAGCATGGGGAGTGGGG,11
TGCCTGTTATTCTAGCATTT,8
CTAGCATTTGGGCAGCAGAT,8
ATGGTTCGGTGGGAGGCTGG,16
GATGGTGCGGCGGGAGGCTG,20
TGCTGTCCTTTTTGATGGTG,10
GCTGGCTGTGAGTATAAAAT,17
ACCCCTTCACATCATTCACA,9
GAAACTCCCTGAAAAGCCAG,10
CTATGCATCACAGAATGACC,6
TTCTGCCGGGCGGGGGGGGT,6
CCAGCACCGGGAATGTGAGC,14
GATGGTCGTGAGCCACCTTG,10
GGGCTGGAGAGACGACTCAG,14
TGAGCCACCACGTGGTTGCT,13
TCGCCTACACTGAGCTGCTA,11
ATATTGTCTGACAGCTATTA,8
AAGCAGCGTTCAGTCCTTTT,6
ATAATAGCATAGCTCCTAGG,10
ACTGGGAGGATAAGCCAAAA,10
TGCTTAAGTGCTGGGGTCGG,5
TGCAGGCACAGTTTCTGTTT,13
GGCATGCGGAGGAGAGATCT,14
CCAGCCCATTACCAGAAAAG,5
GGTCTCTCCTCCGCATGCTC,12
TGCAGCACCGCGACAAAGCG,7
ACAAACGGACCAACTCCTGG,12
AGGGTTTCACTATATAGACC,12
TTACATCTCAGTGGGAATCC,5
GTTAAGTTCAGGCCAGTCTG,9
CTTCTTGAGGGGAACCAGGA,8
GGGGTTCCCAGAATGAGAAT,13
TCCTTCCCAGTTCCCATTCT,3
GGCATCCCCACCACTGGCTC,16
AAGCAGGGCTTCCCCACCAC,17
GTTGCACACATCCAGGGATC,10
CTAAGAAAGTCCAAGAGGAC,9
AACACAGAAGCTAGGGAAAG,13
TAAGAAGGTCTAAGAGGACA,5
TTGCAACTCATGGTCATCCC,7
TTTCCACCTCTACTGTGTAG,9
GAAATAGAGCAAGCCCCGTC,12
GACATAAAAAATGTGGATGG,14
TGCGAGATCAGTCTGAATCT,15
GCTCGTACACTAACAAAAGG,13
GTTACTTCTAAACACAAGCC,5
CAAGACCCGTGGGGTGCCAG,12
CTGCCTATTGTCCTATTACA,18
GTCAGATCACTGGTGTGGCA,7
GCCTTGAGGTGCTCGCAATC,15
ATTTCTGGCCTTTAGAATTC,7
GGAACTGACCGGTGGCTGTA,16
AAACGGTTTGTGTCTAACAA,8
AGTTCGTCTGTACCCTTCTT,10
TTTGGTTCCCAAGTGGTGAG,4
TGGGGGAAAAAAAAAGCATC,10
CCAGTTGGGAAACAAACATC,9
CCGGCGCCCACAGGTGCTAG,5
GTATGAAGTCTGGGGTTGTT,7
TATGCATTGACGGTGCAGAT,10
TCATTACTGGGGGAGAAGTG,10
CCTTTAATTATACATATGTG,9
TACTGGGGGTGACGTGGGGG,7
GGAGTTGATGCCACTGATAA,16
GGTGGGAGGGTGAGGCCCAT,6
ACGGATGGTCCAAAAATCTT,9
CATCCCTGATTAAAACAGTT,10
TTGCTGAACCCAGCAGTAAA,8
CATTAGTACCTGCATGAATG,7
GCCCCCTTCAGTGGCTCCTG,6
AAGGAAGAGAAGAGTGAAAG,11
TTCCGTCCTATACAGTGTTG,9
GCGCTCCGCATTTGGCCTAG,9
ACAAAGTTGGCTTGAATTCA,7
TAGGAGTAAAGTAGACCAAG,7
AGGTGTGTGGATGGGTGATG,16
TGTATCCAGGGGATGAATAA,9
GAGAGCACTGGGCTCTCGAC,15
AGTCTGAGGGTAAGGCTCAA,7
TCTGGCGATAACCATTGAAA,10
CACTCACTAAAGCGGGGGGC,8
GGAACTCTGGTTTGGTCCCG,9
AGAGTTCCGCCTACGGTAGC,16
ACATTTGCACGCATACTCCG,9
AAGTTGAATGTCGAGTTTGA,5
GAGTAGGCGCCCTAGGCCCT,6
AAAACCTCCCTTCAAGACCG,8
GCAGTCAGATCAGCGATTCA,5
CTGGCTCCACAAGCTGGTCA,1
CTCCAGAGGAGTCTGGAGGA,5
CATGGTCGCTATTTAACACG,10
GGGGAGCCATCTGGTTCCAT,3
GTCTGAGGGCTGCACCCCTG,11
CTTGCTTCTCCAGGAAGCAC,5
TTGACAATCAGATCCTACTG,12
TTCATCACTCAATACCTTGC,10
CGGGTGATACAGTCATGCAC,8
TGTGGGCACAGGGCAGCCGT,9
GAAAGCTAACATGGTGGATG,14
CCACCTTCGTCCAGAGAACT,9
CTCGCTTGCAGAATGCAGTG,10
TACTGGTCACAAGGCCGAAC,7
TCCCTCGTTGAGCGCCCCGA,9
CTCAAGCTGGAAATTGTAGA,11
TTCCAGAAACTCTCTTCAGA,12
CTTCTCTTGCCCCGGATCGC,9
GAGAATTTAGAAATGAACCT,15
AGAAGTTAGAAATCAACCTA,7
AGAGCGTTTGCCTAGCATTC,8
CCTAGCATGCAGGAGGCCCT,10
CCCAGGGCTTCCTGCGTGCT,4
AGGAAAATGGACCTAGTCTA,11
ATGACATACAGCAACACTTC,10
GGGCCCATGGCCCTTAGACT,2
TTCTGTATCCAGAAACACCA,6
AGGTATTCTCAGAGGTCAGG,12
GCAGAAGTCAACTCAAAGAA,9
TTCCTGCCCTGCCTGGGAAG,7
CAGAATTGAATACACCTTAG,5
AGAATGGAAGACACCTTAGG,6
AGGCAGAAGCTTGCTCCTCG,10
GAGTGCTTTATAGTTCAATA,8
CCATCTTGGCTTTGTGCCTC,6
GCAATTCCTCCAAGGGTCTG,7
TCAACCTTAGACTAGGGGGA,17
CATCTAGAGCTAAGCCTCTG,9
GTAGCCTCAACATTCCTGGG,7
GCCCGGGATAATGATTGATA,12
AGCGGGGCGGCGGGCGGGAT,14
AAGGGTGCGACATGGGCCAG,4
GTCCTCTTAACAGAGAGACC,9
AATCCCCTGCCCTGCTGCCA,16
AGATTCAAAATTGAGTTCCA,11
TAAGGATGACGGGTGGGGGG,6
CTGCTTAAGTTCCTGCCTCC,9
TAGGGTTTGTTGTTGAGGCT,11
GATGGGGGGTGGGAAGAAGC,13
ATTGGGAGTAAAGTCGGATT,6
TATACCTGGTGGGTGTTTAG,8
CTCTAGCAAATCATCGAAGC,18
AGGCATGCGCCTGTCCACCA,8
AGGGGACAGCTGTCTCATCA,11
GAAACACATGCTTTGCCGAA,9
AGTGAGCCCAGAATTTCCGG,10
AAAGAGAAAGAGAATGCAAG,14
TCTGGCAGGAAGCCTGGTTG,14
AGAGGCATGAGGACGGATGG,2
CTTTCCTGTTGCGCGGGGCT,3
GCCCCTCCTATACTTGGGGG,11
CCTGAAGATGATCCGGGATC,8
GAGGCACTGTGAGAACCAAC,6
TTCAGGATTTGCGGCGATAA,5
ACTGTGTGACATGCTCCCGA,17
AAGTGATTGCTGATGCTGGA,8
AGCATGTCACACACCATTCT,2
AACCGTCGCCCCGGGCCGCC,8
GTAATTTGGGGAATTCGACG,7
ATTTGGGGAATTAGACGTCG,8
CACTTTGTAGTGAGTGAATG,6
TACCGGCCGCAGTCTAAACA,12
CACAAAGTGTTAAATGTCAC,2
TATCAAAGTCTAAAGTTTGA,8
GGAGTAGGCATTGGAGCCCA,7
GCCCTCCTCAACAGAGACTT,5
CTGACTTGCTTAGGAACATG,7
TAGTCCTCTGGCTTGCAGAG,3
GGATTCGAGGTTATGTGACC,10
CCCAGGCTTTCATCTGGGCT,5
GTTTCCTCAGTTGAAATAAA,9
AGTACCCTTCATGACTGCGT,10
TGTGAGTCCCGGGACTAACT,4
GACATGACTCTGAGAGAAGG,7
ATCAGAGGATGCTTCTCATT,14
AGTCCAAAAACAACAACCGG,9
TACACCCCCCCCCCAAAAAA,6
GTGTGTGTGTGTGTGTGCTG,14
GAGCCTTTGCAGCCACTAGC,8
AGATGTGAGGAAAATAGAGT,15
TGAGAACCTAACTAAACCTC,8
CTAGTCGAGCACTGGCTGGT,10
TGGACAGGGATTGTGTTCTG,7
AAAGATATAAATGCAAAATT,9
CTGCAAATTAAAGCAGTCAA,3
ACATTAGATGTTATGAAGTA,7
ATGAAAACCCAGTGCCTCTG,15
AGGAAGACAGGATGAGTAGG,7
TCAGATGGAGAAGAAATGAG,4
TTGACGCAGGCTATTAGTGG,9
AGGAGTTCCTGCATATAAAC,3
GTCAACGCAAAGCTCCTGAC,10
CTGATTGTAGATACTCAGGC,8
GTCAATGACTTTAGCAGTTG,12
GGACAGGTCGGTCTTAGTTA,5
AGATGCTACCAGTGTAGCCA,15
CGGACCTCGCGGTGGTGCAC,6
GTCGAAATTATACTACTAAG,10
GCAGTGCAGGGCAGAATGAC,12
TGCCTCTGCTCCTGGTCACA,5
TGCCCTGCGCTGCTTCTGCA,15
TTCAAATCCCAGCTACCACA,5
CTTTAGGTCTTGAGTCCCAG,11
CTACAAGCAGGGAAGGCCTA,8
TGGTGGCCGTTCGCTCCCTG,10
CGTTGAAGGTCCTTGAGGTA,2
AACATATCGCTTCCCCATTA,10
GGGGGTTTATGGTCCTGGGG,8
TTTCAAATCTAACTGCTTTG,11
CATGTGGGGGCAGAGATGGT,8
CTAAGAGGTCCGGGCCGTCT,4
ACCCAGAAGAGAGTCAACCT,22
GCCTCTATTCCTCCTGACTA,13
GTGGTTCAAGCAGAGGACAC,5
GTAATTGTGGCCCTGTGCAG,9
ACACAGACTTTCACAAAAAC,2
CCCATTTAAGCAAGACGTCA,4
GTGCCGGGCCTTCCCCAGCA,3
TGCTTAGATGGGCAAAATCC,12
TGTCAACCCTGTTCACTTTG,3
TGGGCTAGGGTCAAAGGGAT,8
TTCGTCAACCTTCCCGCGGC,8
TCACAGAAAGAGCCGGAGGC,7
TGCTCAATCAGTCTCAACCT,7
ACACAACCTGACCATAATCC,10
TTAAGGCCCTGATTATGATC,4
TGCTCAGCACAGCAGAGATG,10
GAAGGAGATTGGGGCTTGAT,6
TGCATTCTTCCTCTTATTGC,9
ACGCAATATCTCCCTACAGC,17
ATGTGCCTATGATGCTGGAA,11
TGTGTGGGTTGAGACGCTTA,8
CTGGGTTGGTAAGGTGCTTG,4
GGAGCAGGAGCGGCTATCAA,16
GCTAGCAGGGGCAGCAGATA,5
CTGCGCCACGCGGAAGGAGG,6
ATTTGCTGAATGAAGCTCAC,11
GTGCAGCGATGAGAACGCAG,8
CAGACCTTCAATGGTGGAAC,8
GAAGCCATGTGCTTTCATGT,13
TTGCACATGCCTGCGAGGAC,11
ATCCCTGCCTAGAAAGGGTC,10
GATCTAAGAGGGAAAGGGAA,5
CTTTCCAATCTTCTACAAAG,4
CGATTCTGCCTCCCTAGTGC,5
GGAGGAGGCGGAAGTGGAAA,6
TATAGTTAATTGCAGGGATT,4
TCCTGCTTTAAAGGCCCACT,8
TGGGCCAGTCTCTGTGATTT,6
AAGCTAAGAATACAAGGAAT,4
AGAGGTGCCAAGTAGGGACC,7
GGAGGCAGAGAAGCCAAGTA,15
CAGTGGAGGGATACGGGGAC,9
GCTAGAAACAGAAGGGTCAG,8
TTGTCTGTTTAATGGAAACG,7
AAGCTTCGCTGGGACCTCCT,7
GTTGAAGAAGCTTCTTCGCT,5
GATTTGGGAACTTCAGAAGG,5
AGTGTCCGACTCGCTGACCA,9
AGTCTCCAATACAAGTGGAA,11
TTGAGCTTTGGGGGGTAAAG,3
CATGTGCCATAATGATGGTT,6
TCCTGGCCTAATCAAGTGAT,12
AGGGCTAGCACGTAGTGTCC,16
AACTATCCTGTCCACAGCAG,11
AAGGTTGGGTAGGACTGTCA,13
AGATGGAACTTAAGAGGGTC,5
TCTCAGAAGGTGGGTGAGAA,8
GAGATGAACAGCTCTAGCGC,7
GCATAGGCCTTCAGTGTCTC,4
AGCAGTTCATCTCAATGCAA,3
AGTAGTGAAAGGGCTATGTT,10
TTAACAGCGGGCATGAGACC,6
TGATCCTCGTGATTTAAGAG,10
ATTCCCAGCAACCACCCACA,19
GCAAAATAACCACACGCGTT,5
CTCTGTGTGTAGTTGGAGTA,16
GCTCAGCCGGCCAGAGGCCT,7
GGGATAGAACCCCAGGCCTC,14
CCAAACACCAACAAAAAGTC,5
GTACAGTGGCTAACACTCTG,5
TCACTGAAGCGTGGGATTAA,11
GAGGGAAGGCTTGTACATGC,9
GATGACAAAAATGACAAACT,5
TGTTATAAACCCAATTATCT,13
GTGCAGCAGTTGATACTAGA,1
AGTTGCTCGCTGACCTCCAC,15
TGGTGTGAGAATGGTATCCT,11
GGGTCCCTTGGATTGAGCCC,11
GGGCACGCAAGGGAAGCGCA,5
CCTCTCTGCCCCTAGGTAAG,9
TGCGCCCGCTGCGAGCGCGC,5
GCCCTTCTAATGGTCTCCTA,6
CCGAGTTCTCACCATCCATG,11
ACCCTAGGAGACCAGAAGAA,7
GCTTGCTTTACATTTCAACT,17
AGATGTCTCCTTCATACCAC,16
ATCAAGCTTGGTAGGGTGCC,4
GCAGGCAGGTCAGGCAGGGT,10
ATCCTTGATAAGCCGTAGGA,16
GCCTTGATAAGCAGTAGGAA,15
CAAGGCTATGATGGATCCTG,6
GACGTTCAACCGTGGGTTCC,11
TAGCAAATGGACAGAATGCA,5
CTTCCGGGATTCATGGACTT,4
GTGTGCAATGAAAGGAAGGC,10
GAAGACTCAAGACGCTCTCT,7
GACATACTTAAGGCTTGGAA,13
GGCTCCTGCCCTGAAAAGTA,8
GCGGCACTGTATGGGGAAGA,5
TCTTTGCTTGGGGATGGGAT,5
TCGCATCCCATCCCCAAGCA,7
CCACCTCTATTGAAGCTGCC,18
CTATCTGATGGAATTTATGG,6
ATTCAGCGAGTTTCCAATTG,7
TTCTGGGTTTCAGGCCAGCC,4
ATGTCTAATAAACATTTCAG,6
CTACCGCGTTGATAGAACAC,13
AAAACGAGGTGCGTAAGCTA,17
CTCCTGCCTCTGCTCCCTAA,7
GGGCTATGATTTAAGTTGTG,17
CATAGCTGTTTGCCAGGGCC,7
AGAAACGTCTAGTGTAAAAA,7
GGCCTGGGAGAAACCAGAGC,9
AACGTATAGTGTAAAAGCGG,8
TTTATTACATATTGTTCAAC,9
GAAACAAAGCTTAGCAGGAT,7
TGGGAAACAACTCGCTCTAT,9
GGGCACCTCAGGGTAAACTG,7
TGGGCTGGGAAAGGGGAGAG,5
AACGGTGCTTCAGCTGGACC,11
TAATTTTCTTGCCTGGGGGC,6
ATCTTTTTGCCTGGGGGCGG,4
TGAGTATAATACTCTCATCG,6
CTGTGACTAGCGCAGCTCTG,3
GGGTTTCATGCATGGATGGA,11
GTTTGTTTACTTATTGTAAC,7
TGGCTATAATTCCAGCATTC,5
ATGACCTGGCTCTGGAATCA,11
AAAGTGCCGCTAATTATAGT,10
GGAAGCGGGTCAGAGGGAGG,9
ACACAGGAGTTCACATACAG,14
TCCTAGTCTATGATGGGCCC,8
AGGCCACATAGAAAGGGGCA,8
ACTCTTAGGTCATCCTTACC,14
GTAGCTGTCCATGTGGGTGC,10
CTCCGAACTGCCGCACAGTG,9
GATGAGGAGGCTAAGAATCG,8
CTGCACTGTCTTTCTTCAAG,11
ATTCTCTCACTAAGCTGGGC,18
ACACCCTGCCTAGCTTAGTG,12
GTCTGAATGTTTGGAAATCA,5
ACTCAGTAACCGGGGGACGT,8
GGAGAATAGTTGCTGGCACT,8
TGAATTTGTATGACAAACAG,4
CCTGCTTGCTGAGAAGATGA,8
AGAGACCACCATCACTGACC,17
TGGCTCACAACCATCTGGAA,9
ACAATGAGGGCTGGAGAGAT,9
AAGTGCTGGGATCAGAACTC,8
TGGAGTTCCAAGGGGGGGCG,12
GAGAGGGGAGAGGGGAGGAG,13
ATCCGGAGAACATGGGTGCT,6
ATAGGTCAAAGTTAATATGC,9
TAAGGACTGTGAGATTCTAG,7
AATTGTGAAAGATACTGCAC,7
GTACTCTTGAGGCTAGATTT,11
ATATCTAGATTGCATAGTTT,6
AAGTTGCAAGCAAGAGATCG,12
CCAGTGTACTGCACGAGGTC,14
CTGGGAGCCCCAAGAGAAGT,11
GCTCACAGGTGTTCTGAGTT,6
GGAGGGGGCTAGTTGAGAAA,8
GAAATGGCTTTAGAGGCTGA,16
TAATCAACAAATGCCACTGA,12
CATTGAGCATGCTGTAGTCC,10
TGTGTGATTTACAGCGGGAA,10
CGTTGCAGGAAAGCAATTGC,9
AGTTTCGAGCCAATGCATAG,9
AGCCTTGGAAACTTGGTAAT,7
TTCGAAACCTAGGCCTCATG,7
GTCCTCGAAAAACGGACAAA,3
GGCAGCGAGGAGAAAATCCG,8
CTTTCCCATGTGATGAACAA,15
CGCCATGCTATTTGTACCTT,5
CACGTGGTATCCTATACCCT,12
GCTGGGGGCTGATGGGAGCT,8
AGAAGCCATCCCTTAGTTAG,10
TCCAGAGGGACTGAGCTGCA,7
CACAAGATTAAGGCAAAGGG,11
GCAGAGTGCAGGGGCTGCCT,10
CAGGCACATGGTTTTTAGTC,5
CAAGGAGTAGGGAGGGACTT,4
CATGACTGCTGAAGAAACTG,18
CTGCTGCCAACTTGGCTGAA,12
TGACGGAGAAACTTCTAGCG,12
GCAGTGATTAATTTAGCTTA,8
GCAGGGGCACTAGGTTTGCC,5
ACAGTCACTAAGTCAGTGGA,13
TTACTAGAAAACGCTCACGA,8
ACACCTCCCTCCCCTCTTAC,14
TTAGTCCCGAGTAAGAGGGG,10
GGTCCCCCGACTCTTCTAAA,6
CATCTAAAAGGGAACCTAAG,11
ACTCACTTGTCCAGGCCCAG,12
GGGCTAGGGTGGATGCAACT,8
AGTAGGTCAGTCCAGCTTCG,18
TAGGCATATATCACAGTGCC,6
CTTGGATCACTCTTGCTTTG,3
CTATGTAGCCAAGAATAGCA,5
TCAGCATTACAGAGGGAATG,5
TCAGATTGTGTTTGCCAGCA,7
GAGCTGTGCCGGGAATGCCA,7
GCTGAGCCTTGCCTGGGGCT,4
ATCTCCCATTGGTGATGGGA,8
AAGTGTATCGCTGGCCTTTC,7
CACTCACATACATTGTGGCC,17
CCCAGGAGCTCTGCAGCTAC,8
TTTGTATCAGGGCACCTTTC,14
GGGTGGTGGTGGTGGCATAT,7
CCCTGTCTCAGAGGGTGTGG,15
TTGAGATCAAAAGAGATAGT,8
ACGGGCAGGCATTGGTGGGA,10
GATAACACCTTTCCTAGATG,9
CCGGTGGGGTGGAGTAAGGA,9
GCAGAAGTTTTCAAGGAGTG,2
GGATTTCGCAGAACTTTGCA,8
ATTGCTCCTTATTACAAATG,10
TTAAGTCGTGGCCAACAGAT,3
TGAAGTCACTGACCCCCCAG,2
GTTTCAACCCTCCACACAGG,15
GTGCACATGGAAATGGCTGG,12
AAACTTTCAGATAACCACAA,10
CGGGTGCTGGCGAGATGGCT,16
GCTAGCAGGGATCAGCTAGT,13
ATGAAAGTAGGGTGGTTGGA,6
AAGGGTGGATGTGTGGGTGG,8
GGTGGGCTGGTGGATGAGAT,15
GAAACAAAGAATTTACCCTG,10
CAGAAGGAGAGCAATAAGAA,4
GCTCGAGAATCGCCGGTGCC,19
AAAAAAAGGAAGTAAACCGG,10
CACTTCAACCGTTTCCAACT,9
CCTTTCCCTGTGAACAGTTT,16
GCAGAGGTTTGGCTGAGAAT,16
GTGAGAACGGGATTGGATAT,11
TCAAATTCAGAACTAAGTTG,5
CAGCCTCTAGCGAAGGGCGA,8
AACCACCCGATGTCACGACG,9
ACGTAGCAGCTGGGGTCCTC,9
CAGAGACAAGTGTTCCTCAG,7
ACCTAGGACTTCTGGGGACA,19
CAGGCCACGGGGATAATGAT,5
GAAAAGACATGGCAGGCTTC,10
GCACGGAAAAACACACAAGT,4
GGTGGACACTGCACGGACAG,14
GATACCACGTTACCATGATT,7
CCAATCCCACAACTGCAGTA,6
CTGCGCACTCGGGACACTGA,10
CACTAGTGGTAAGTAAGATG,5
GCAGGAGTCTACGTAAGTTG,13
CGAGACCCTGTGTATGCCGA,12
GAGTTCTTTAGTCACCCGCG,10
ACGGAGATATACACGGGCTC,7
GAAGTTTAGGGCCTCTGTGG,8
ACTAACTCTCCAATTGGGTG,10
AAAGAGTAGCAAAGACAAGT,15
GAAGCCAGGGATCCCATATT,6
GGACAAGCTGGCCTGTCTAT,11
ATCACCTCCCCAGCCTATCT,7
GAGACTAAGCCAATAAGCAA,7
GAAATCCAACATGGAAAAAC,14
ACTGAGTCTCAGTAGGGTCT,11
ACTGCCCCCAACCCCTGTGC,9
ATACCAGACTTTTTGGAAAC,15
TCCTAACATGGGTATCCCTC,9
GATAAAGGGCACCCCCATTG,4
TGGAGCGGGCAGGAGTGTGT,9
TGTGCTCAGAAGGCAGGTAC,8
TTCCCAAAAGACGGCTCTCC,10
AAAAACTGCCAATTGCTTCC,8
TCCGGCCTATTTATTCCCTG,9
TTAAAAATCCCCTAGGTAGC,10
AGCGTGTCGTGGGCTGCCAG,17
TATATTTGTGGTAGGAAAGA,6
CTGACCAGAGTGTCCTTGTC,5
AGGCATGGAGGAGTGAGAGA,15
CCCTGTGGATGACAGAAAGC,9
TAAATGCGTTGGGAGAAGCA,9
CTGAAAGGAGCTTAAAGGAA,5
TTCACTAACTGAGCTGAGGC,6
CGTCAGAAGAGAAGGGGGTT,14
AGTTCTTCTCAGTTTCCAAA,8
GAAACAGCTTCAAGGAGGTT,6
GCACATAACTATATCACATG,6
GACGGCCAGGGTGCTTTTAG,16
GAACAGGCTCTACTAGGTCT,4
AGGCCCGCCAGAAGCACACC,8
AGGCCGTGCATACACAGCCA,9
AAGGATGTGGGTTTGGGGGG,3
TGGGGGGGGGGAGTTAGGAT,4
ATGATGTGGGGTTGGGGGGG,9
TTCAGTTTTTACACGGTTGT,7
GAGGGAGTCAGATATCATTA,6
CCTCCTAAAACTGAATTAGC,11
GATCTTGATTTGTGCCAATA,11
GTAGGGACTGAGCCCAGGCT,13
TGCCAATATGGTAGGTACAT,7
AGACAGAAAACCCAACTTCC,16
GACAGGCCTTTCAGATGCGG,7
AAGAAGAAGATGACGACATA,11
TGGGCAGACTGTATGTGCAT,5
ATTTGGACAACCTTCTCAAA,13
CCCGGGTCTCTGTGTGGAGT,7
GGCTGCTGAGGCCTAAAGAT,6
AGGCGAATAAACCACAGGAC,22
TTGTCTTACTGGCCATTTGT,8
TACTTAACATCTTAGGCCTG,6
CTGGCAGCCACTGGGGAAAG,8
TTAAAAGCTTAGGCCTGTGG,6
CTCCTCTCTGCTGGGATCAT,13
TTAGTATCACGCCCTGAAAA,2
ATGTTCTGACTGCGCGGCGC,14
CATTGCTGGGAATTGACCTC,12
GGAATTGAACTCAGGACGTC,15
CCCCAAGAAAGCAAAGAAAA,5
TCCCGTGGAAAGGCTCCCTA,8
TAAAAACCTTAAGCCGCGCG,10
AAAGAAACAGGTCCAGGCTT,6
TCGTAAGAATGAGAGTTGGC,8
CAAGAAGATACTCCTATTAC,11
GTGTTATGCAGGGGCCAAGG,5
TTCTGAATAGCCAGTGGGAA,15
TGCCTCTGGTGGTCTCAATT,14
GCTGCAAAATTCCCGGGAAC,7
GTATCCAAAACAGCACTTTA,12
TTGGATACACGAATTGAGAC,4
GTCTTCGTTATGAAGGGAGA,8
CCACTCATGAAAAGATACTA,6
TCAGCGAGCCTCCAAACCGA,9
AAGGGAGTTGCCATGATAGG,10
GCAATACGCAATAAACTTCA,12
GGTGGTGGAATATGCGAGAG,7
TCCACAGCAGACCCTCCAAT,10
GGGCTTGTTGCCTAGTACAA,7
TTGTACAGCTATGTAAAAAA,7
GAGCAAGGGGTTGGTCTGAA,7
AGGTTAACGGATGGCTTTCT,7
TTAGCCACAGAGCAAGCGAT,14
CTTTCTTAGATTATAGGGAC,4
ACTCAGATAGATAACAGAGA,8
AGGGGTTCTGCTTGGTGATG,5
TGGTGATGGCCAGACTTAGG,11
AGGAAGGATATCTTGAGTTT,3
GCCAGACCCTATCTCCCTAG,7
ATGGTCTTGGCACAAGAAAA,8
ACAGGCGTCATGTCTGAAAA,9
CCTACTTCTGGAGCCCTCGT,8
AGCAGGGGACATGGAGCATA,19
TAGATCGGCTTCACTTCTCT,8
CCACGGCTCTGCACTTTACA,12
GGGGCGGGAACTCCTGGAAC,10
CGCATGCCGCTGTAAGGCTT,4
CAGACTCCCAAGCCTCACAG,6
ATTGCAAGGTCTGGTCTTCC,14
GAAGGAGACCGCGTAGTATG,10
TCTGTCCCGATGCTCTGCGG,9
GAGAGTTCAGTCCAGGGCTT,16
AAGAGATACCTCATTCGTTA,14
TTTCAGTCTCAAACAGAAGA,10
GAACCCCCTGATGTAGGTGC,8
GTGGTCGCAGGTGCTTATGG,15
AGTTATTGAGTAAGTCTAGG,7
TTCTCACACTTCCTCACTCA,6
CACTTGTCTGGGAAGTGGCG,12
CTAGATGATGGTATTAGAAG,5
GACCATCTTTAGAATCTCAT,6
CAAGTGGTGAATATAGCTTT,5
GGAAGGCCAAGTCGAGTACA,15
TTTGTCTTTACTGCCGCGTA,6
GACCCTCCAAGGAGGGCGCA,10
TGGAAGGGCCAGGTGGATCT,7
AGGTCTCTCGGGACACTTAT,8
GACACTTATGGGACCGTTCC,10
AGAGTGTTTACAATAGGGAT,15
TCTTCCGCCTTATTAGGAAT,9
AAAGATTAGGAGCGGCATGT,5
TGTCAACACTGACCCCTCGG,3
AGAAGTTGCTGGTGACCCCA,8
AACGTCTATATGCTATGGAA,6
AGAGTTTGCCCAGACGTTGC,6
TCCGGATCGTAGGAAGTCAC,9
ACTTAGGGCCAGCCCCTAAC,11
CATACCAGGCCAATTACTCG,10
TCAAGGGTATAAGTTTCGGA,4
CCAGGAGATTTGGGTTTGCC,10
TCCTGGTGTTAAAATTTACC,13
GTGAGGCTTCATCTGGTTGT,2
TTTAAATACTAAACAGAGAC,7
GGATTTGAGCTCCAAACCTT,20
CTTAATGACAGGCAGCTGGG,5
TTTCTTTGCGTTCCCGGCAC,6
ATGAATGCGCAAAGTACCTG,9
TTCACTCATAATGTGAGAGG,9
CACGAAATAACAAAAAAGAT,4
GCAATGGGATGCATTGCCAT,6
GTCTTTATTAGGATATCCAC,5
AAAATGCACGTGCAGGATAT,7
CCGAGCTGCAACATATCCAT,9
TCAGGAGGCATCTCTACTGT,3
GAGCAGCAGCAGGTCTTCCG,2
CGGTAGCTGAAGGCTGTGGC,11
GTGACAAGAATTTACCGTTT,6
TGACGAGTGGGGTGCGGTGA,9
GTGAACTGCAGGTCTGAGAA,12
TTTCTCCCGCAATTCTCTGA,3
GCAACTCACCAGAAGTTACC,12
CAGGGCACAAGCAGCGGTGT,12
AGGGTCAGAGCACGTACTGA,5
ATAGGGGGTGCCCCCATATC,6
GCTGAATAATCCAGATATGG,8
ATGGTTGTGAAATCCTAGAT,10
GAACAATGACAAAACTCTAC,13
GGGTCCCCGGCAAACGCAGC,4
CCCAGGACCTCTACTTTGTT,9
AGGTCCTGGGACAAAGAAAC,4
ACACTTTTGAGAAAAGAAAG,9
GCAAGAGGATCACGTATTCA,8
GTAGTAGCCCAGACTGTCTT,20
GGAAAGCTCACGGGTGATGA,8
CGCAAAGGTTGGAGACCAGC,3
CTAAGAGTGTCTAGGGACTT,5
CTTGCCTCATGGCATTCTCT,6
AGGCTATGATGCCAAAGCCC,17
AGATGAGGGCCAGGCTGGAC,17
TACCAAAGCCTTGGCCAGGA,13
CTCTTCCCAGTGACAGGAAC,0
ACTGGGAAGAGAAGTCTATG,2
CAATAACAACAAGTATGTGG,6
CTATGAGGAGGCTGGAGAAT,11
TAGAGCTTGATATGTAGACC,2
AGAACAAGGAAGACAGACCA,11
TTAAAGTGTTTCCGGCCCTT,11
TTCTAGACCCAGGTGAGTCA,0
TAAAGTGCAGGATCTCCGGC,5
GCACTTTATCCGACACGAGT,4
ACTCGTGTTGGCTAAAGTGC,21
GCGAAATTCCCACTTCTTTA,5
TATCTGTGAAGGTTAGACAC,1
AAGCTTTCTAAGAAGTGAGG,13
CGATATCTTTCTAAGAAGTG,8
CAAAGAGGAACCAGGAATAA,9
GCTTACGTCACGTGTCTCTC,13
AGGGCTAGACTGCGCACGGT,10
AGATACCACTAACTGCTGTG,15
GGAGGGGCCACTGATGAATC,8
AACTTTAACCACGTTCATAA,8
CACCTTCATAATGGTGTTAC,10
TTCGGCTCCCCTTTGTCCTG,9
TTTTTGGTAATTGACTACTG,8
GATCCTTGTAATCATTTCAT,6
GGAGGTTTAAGACAGGATGT,16
GAAGGGACTCTGTGCGTTCA,8
CCTCATTCTTCTTAGTGCTG,17
CTGGGAAGGTTCCCCGCTCC,8
TCCGCTACTTCTGCTGAAGG,8
CGAAGCACTGGGGGGCAGCG,8
TCAGAGGACACTTTCTGGCC,6
ACAAGTATATCAACCAGATC,9
AGCTCTGGTTGATATACTTC,10
TGCTTTCTGTGCTATACATC,9
CGTGTGTCTGTGTGGTTGGT,9
TCACCACAGTGGGTGGGGGA,8
AGATATATGGCTCACCACAG,18
CATATATATCTTTGACAGGC,6
CTGCCTGTTATGTGTCTAGC,14
GGGCTAGGAATGGATCTACT,14
GGGTCGTGACTGGGAAGAGA,12
TTGCACACTTCATTTAAGTG,3
AGGGCTTGAAGGTAGAATTC,11
TTTCACAAAAGACAGAACAA,9
CTGGAAACAGGAGCACAGAA,6
GTCTGAGGGCTGGAGGACGT,15
TTTTACAGAAAACGAAGACT,17
GGAAATAAAGGGCAGAGGAT,8
TGGATGACTTCATGAAAGGC,7
GGTATGGGGGGGGGGGCATT,7
TTAGTATCTAAGTTGCTATT,6
TAAGCCCGGGGGGCATCATT,3
GGTGGGGTTCGGACGGAAGC,9
TAAGAGAAAAATTTGGTACA,7
TAGGCTGGAGAAAAAGAAGT,6
AGACTAATTCATCCTTACCT,8
CATGTTCATCAATTAAACTC,7
CAGAGTTAAGTTGATGAACA,8
ATGAACATATCGACTGTCCT,11
AACACATCTCGGGGGCTTTG,12
TGTGGCCCGCACAGCTCTCT,8
GGAGGTTTCACAAATGTAAG,14
TAGACCTCTGTACTCACCTC,0
AGATTATGAGGTGATTGTTA,9
GCTCTCTGCTTTTTGTGGTT,9
GCTGATTGCAGGGCTGTGGC,14
CCCCCATAGGCTCGAGATCC,11
GAATGCTGATGCTTATATCC,6
CTCGCAGCATCATTGTTTAG,5
ACAGCCTAGGTGTTGGCCCT,5
GTCTTACAGGCAGAGGACAG,6
AAGGGGCTGGAGTCGGGGGA,4
GCAGAGGAAAGGGTGGCCGG,13
AGGAAGGAAGGACGGAAGGA,8
ACAAATGAGTAGGGGAGAAA,8
ACGGAGACAGTAGAGGAAGA,8
AAGTGAGAGAAAGCCCGGCC,14
TGAAGCAGGGCATAAATCGG,6
ATGATGGGGATATGATTCAG,7
TCAGGACCCGCAATCTCCTC,4
CTGAAGAGAAGGGCGGCTTG,12
ACCGGTAGAGGAGATTGTGG,21
TGGATGTCGCTCTGGATTAA,6
CTAACTGTGGTTCTGGTTTG,7
GGATTAAGGCTAGCTAACTG,11
GCAGGTGTGCGGTCCAGACT,9
AATGGTTTATAAACATTTCT,7
GATCTGGGACAACGCATACG,11
AGGCCACTCATTTACAGCTG,3
AGAACTGTTTAAAGGTTGAC,4
TGCTTGTTAAAACCCAGTGC,7
ATCTTGTCTTGCTGTATTAC,6
CTGGTGCCCACACTGATCCC,3
GTGACACACTACAACTGGCT,8
AGAGATCTGGTTCAGTGTTG,18
GCCAACTGCCGTCACTCCTT,18
AATGGAGAAGTGCATCGAAG,12
CGTAAGACTGCCCATTCACC,7
AGGGTCAAGGAGAAAGCATG,6
CATCCATGGGATGCGTTCAG,12
GTAGATATAAGGAAGAGTTT,8
CATAGCTTGACTTGCGTGTG,13
TGATGATGCTCACTGCTCAT,7
CTCCATCCCATAGTCCTCTT,11
CGGTTAGAACACGGGACACA,9
ATGGCCAAGATGGACGGCCC,18
AAAGAGGCTTATTTCAGGAG,4
TCCTAGAAGCTGTTCATCAG,10
GAGTCTAGATGTTTAGGGGC,10
GCAGAAGAGGCTAAGCGAGC,15
GAGCAGATGTGTGACTGGAT,5
CCTCACACTTAACCGTATTT,9
AGAAAAAAAAAGAAAAGGAA,3
TCGGGGTGGTTTGTATCTGA,5
CTTCGGGAGCCATTTGCGGA,11
AAGTGAAAACAGGTTTCTTT,3
TGGGCCACCCTCACCAGACT,11
TGTATCTGGGAAGCAACTAA,11
AATTAATGGAATTTCGATCA,14
AGGATTTCTCTGGGTAGCCC,11
AGCACTGGGATGGTAGAGGC,11
TTGAAAGCCCCCAGAGGCTT,5
ACTCACTCTTGATACCAGGC,10
TTCGGGAGCCATTTGCGGAA,8
ACGAGTGTACATGTCGGTAC,13
TGCATATATACATAAATTAC,7
ATGCAAACAATTGTACATGT,15
TCCACCGTAACTCAAGCACT,7
CCACAAAGTGGAGGGGAGTT,11
CTTCCCAGCTGTCCCTAAGA,14
CCATACTCACTGCAAGGGAG,15
CACAGTGTAAGAGGGCACAT,8
GCTATAATCCTTCAAAACTC,6
AAGCCCAGACATGATGCATT,17
AGAACCTAGGCTCTCAGTGC,14
GAACCTAGATTCTCAGTGCA,10
ATTTGGGAAACAGAAGCAAG,8
TGTGTAGCACTGGCAATCCT,11
ATAGCTAGAATTACCAGGTC,3
GTATCTCATGCATATTCACT,3
TTCATCACCCCCCAAGTGAG,8
GGCGTGGAAGACCCTCACTT,9
CACCGAGATCGCCGCGATCC,17
GAGGGCCTGTACACCGTGTT,9
TGTAGCCAAAGAACTACCCC,8
TTATAAGAGTGTGCACTCCT,11
GGTGTGGAGTATTTGGCCAA,10
GCCATTATAGTTGGCGCTTC,5
AGCACTCAGGAGGCAGAAGA,9
GGAAAGGATGGGGCATTTCG,6
AGGGGTCAGTTGGGAGGAAG,8
TGGTTGAAACAGGGTTGTTA,4
AAAGCGAAGGGACGTTCCGT,4
AACCCGCAAAGCCGCTAGAC,8
CCTAAAATGGAGCATTTCGT,13
ACCTGGATCCTTTCTGGAAA,10
GCCCTTGCCAGAAGGGATCC,8
AGGAAGAAATCTCATTTCCA,10
GTTGTCATTCACTGCTTTAA,11
TTACTCAGGCACTGCACTTG,4
AAGTGCAGTGCGTGTGTAAT,11
ATCCGATTAAAAGTCCCTTT,9
CAGCACCATTCCTTAGCTTT,5
GGCCTTGGGTCTGCCCCGAA,10
CCAGCGCTGTACCAGCAGTA,11
ATGCGCTTCTTGTCATTAAA,14
GTCTGCCGTTGCCCTAAGGA,6
TGTCTGCCCTTGCCCAAAGG,4
GATAAAATGAAAAAGCAACC,4
CTACTTTGGAATCGCCTGCT,5
CTTGGAATCGCCTGCTGGGA,10
CACCTGAGGAATTGTATTAA,8
CTTTCGAGGGGAGTAGGGGG,17
AAAAGGATTCCTATAGAGTA,9
ACTTTGTGTGATACAGATGG,10
GAACAGGAGGGGTAGGAAGG,8
AGGCGGGCAGAATCGACGAA,14
GGGGGGGGGGTAAAGGAGCT,6
GGAGAAACTTCCTCAAGTGA,8
TGGGATGACAGGTGTCAACT,1
AAACTTCATCAAGTGACGGG,13
GAGGGCGTACAGTACTACTG,12
GGATGGATATGGGGGTTGGG,10
GGAGGGTGGCTGTTACCCAT,7
CCACTCTGGTTTCGAGTTCT,5
ACGAGTGGTGTCTTCCAGTC,6
CAGCAGTTCTTTGGCTTGCC,4
CTTTAATCTCAGCACTCTGG,7
TACATAAGAAACGTAATTAT,6
ACTCCCGCTGTAGACCAGGC,15
AAGTAATTTCATATCAGGAT,5
AGTTAATGAGGATGCCCAAT,13
ATTTCATATGAGGATAAGAT,9
CAAGTGACGCGAGCCTGCCA,5
CACAGACACCAGGATCCCAG,23
AGCAAGCCACTGAGTCTGTC,6
TTACTTAGCACTGAGTGTCC,4
AGGCGGAAAGAAAAATTACA,8
GATGCTTGAAAAATACATCT,9
GACACACCGGAAGGCATTAC,6
GTCTTCAGTCACATCAGAAG,6
GTCCCAAGCGTTAGGAGCGC,6
AGGTACACCGCCGTGATATT,13
AGTGGAAGCCCAGCAGGGCT,12
CACATTGTAGAGCCAAAAAA,15
GACTGTGCTGTGAGGGAGGT,6
ACTGTACTGTGAGGGAGGGG,17
AGGAAGGCACATCTCTTGGG,12
GGAGTATCATAAAACAGACT,14
AGTCTCGGCTGACCTGGAAC,9
GTCAGTCGCTAAGACCGAGA,17
AATTTAGTTTACCAAGTGTG,6
AGGACTAGCTTGGGAGGTCC,12
CTAGCGTTGGGGAGTCGGGA,14
CGTGTGGAACCTGATGCAGG,7
GTGTCTCTTCATTTGAGTAG,16
ACTTTCTGCTGACAGTAAAG,8
GGCCACGTGCCATCGGGGGA,7
GCGAGGGTGACTGAAAGTTG,7
GACTAGTCGTGGATTACATA,8
TGGGGATAGCCTTGATACTG,4
GTAAATGTAAAAGCTAGCCG,6
TTCTCGGAACGTCCTATCTA,8
GTACAGCGGCAGTCCCTCTC,4
GAGAGGATCAAGATGATGAT,11
GAGATGGAAATGACTCTCAG,11
AAGGAGTTGGTGCCGCGGGG,5
CCAGATGCAACTCTTGAATT,3
CTAAACGGATTCCACAGACG,6
TGCTTTGTTCGATTCCGGGT,6
TTTCACCCGACAAAGTGCGG,8
CGTGGGTCCGCGCACGATGG,6
GCACGGCCTACCCATTTCCT,10
TCCCTTGCCCTCCCCGATCC,6
TGGGTATCATGTATCTGGCA,19
TCTTAACCTGATGATGAACA,11
CATCTGTCAAGGTTTCTCTT,8
AGCAGGAGCAGATAGCACCC,7
CTAAGCCGGGATTTCTGTTA,10
TGACCCGCAGCACAGCACAG,6
TTAGGGTCTAACATTTGGCA,8
AGAGCATAAGTCATGGCCAT,7
GACTAGAGTACAGCCGGGGG,5
GCAGAGGCAGGTGGATTTCG,13
CCCTCAGAAGGGGCCCATCA,7
TCTCCTGTTCGAGACCATGT,6
TAGAGATGCTGCTCATAAGA,10
ATCTGAGGTGGAGACAGCAG,12
TACCGTTGTGAGTATTCACA,4
CTGAGGGTGTAGGGAATGGG,6
CCGGTCCCTCCGTTTAACCT,6
CGAGTAATACGTTGGTAGTC,7
TGATGCATTCTGGATGCGGA,11
AGAGTGAGAGTTTGAAACAT,1
TCTTCCCGGAACTTCGGAAT,9
TTTGAGATGTCTCGGCTGCT,5
TGGCCTTTGCCGCATCGGGC,13
AGAACGCAGGAAAGCAGGAC,5
TGAAAAAGTCCAGGGATCCG,5
CTACTCACTGTGCCTATTAA,11
AAACCAGCCTGGCACGCGTA,7
TTAAGACGTATCAGGACATG,10
GTACCTTAAGGGGAACTGGC,6
ACGAGATTAAAAGTTTAAAG,4
GAGCCAGCGTGTGCATCGGT,5
CAACTCTCCTTAGCAGTCTG,15
GGGGACTACCAAAGAGTGAA,6
GGCACATATCATTAGCTACT,6
GAGCTCGAACTTGGACCTGC,9
ATAGACATGGTGCCCTGGGA,8
GTCTTAGGAATCTTTGGACC,12
CATGCTCGAGTTTGGCGGTA,10
TTTTGAACGGTTGCAAAGTG,13
GGCAGTCGGATCTCTGCGTT,11
CTTAGCATGCCTGAAATCCT,8
CTCAGAATTCCTCCTGCCTC,7
AGGGACACAAGGACCAGCCC,15
GGATGCGTCTCAAGGGTAAG,13
CAAGCAAGGGATACGGCTCA,7
ATGCTGAGACCAGCTCGACC,8
GACAGGTACGGACAACGCAG,5
TTGGCACCTGCTAGAGCACT,10
GGACATTAACACTTAACAAA,6
AGGACAGTAACACTTAACCA,21
TACGCACATAGCATTAAGCT,13
CAGCTGCAGGGAGGATTTGC,6
GGCAGGGGGTGTGTGGAGAG,6
GCTCTCTTGCTGTATCCTAT,9
TTGGAACTGATGGCGATACG,7
CGGTGGGAGTGCGAGGTCTT,5
ATGGGTGGCTCATGAAAATG,15
GTCTGTCCAAGGTTCAGCCT,4
CCTCACACCTAGTCTAAGGT,6
TACAACCAGCAGAGGTGCCC,6
GCTGGCAGGAAATGTTTGGC,9
TGCGTAGGCAAATTGCAAAC,1
ACTGCTTGATAGGATTTGCC,5
CTGTGTCGGAGTCTGAGATC,11
TACGAGACACAGCAACCCTC,4
ATACTTCCCAGTCTCCAGCG,6
AGGAGTGGGGTAATAGAAGG,19
AGAGTCCTCCAGTCTGAGAG,3
TACTTTGACTAGGCCCACGC,3
AGGAGCGATGTTTCTTACAC,3
CTTACCCAGGCCATGTCGTC,12
GATTCCAAGTTGGGTGCGAT,5
GCCAATCTCCCATGCTTCCT,10
CCAACTCCCCCTAGGAAGCA,7
ACGACAGAGTTGTCCTAAGC,8
GGCTCAGGTGTGCGGAGCGA,12
CGAGCCTTCCCGGTACTACC,4
TAAGAACCAGAGATTTGCAG,5
GAATGACCCCGGCTTCGGCG,10
CAGGGCTCTCGGAACAGGCG,5
ACGGGCGAGCTTTGGTTAGC,11
GGGCTGGTGAGTTGGCTCAG,4
AACTGACTTCCAGGCAACTG,8
CACTCCATTATTATCAAGGT,10
AGGCTTGTAATTTCAGCTCT,11
GGACAGTTCCTGCGGAGCCA,9
GTCCAGGTCCAGCTGTGGTC,2
CTGCTTTGCGCAGCGAAATG,5
TCGGGGCGCCTCACGGGAAA,6
GAACTAAGTACCAATGTCCT,5
GATGTACAAATGGGCAGATG,15
TGTACCTGTTTATGTACAAA,7
TCCCGAACTCTAGACCAGCA,9
CATCCTTCTTGGCCAAACCC,10
TTACAAACTAGGACAAACTC,4
GCAGCGCTCCCGCAAGGAAT,8
CGTACCTGCTGCGGGCCGCA,8
CTGCATACAAACAACCAACC,8
TCTTCTCATAGAGGTAACCG,11
TCTTGGGTACAGAGCAGGGC,9
TCAGCTTGTTAACCTCTGCT,6
AATTCCTCCCAGGTGGCTGG,13
AAGATGCAGAAATTGAGAAA,7
CAGGCAGTCCAGAGGAATGA,8
AATGGTTTGGATTGAACTCA,6
ACCACACTGTTCTCCCAGAC,7
GAACAAACAGTGGTTAGATG,14
TACACTAGGGGGTTTGTGAA,4
GTCAGGCTGCTTTGGGGCTC,15
AGTCGATTTTGCACCTAGTA,16
AGAATGAGGAATGGCCGTTT,8
GAAAACAAGAACAGAAATCG,16
TTTACTGTTACTCCCCAGGA,4
GGATAAAATGAGAGGGAGAC,14
AATTTCGTCCTCCTTTGGTC,10
TTCCTCCTCCTTTGCTCTGG,7
AGCAGGCTCTGGATGCTGAG,5
TGACATCAGGCAGAGCCTGC,10
AGCGCTGGGCGTCACCACGC,15
TGAGACTAAGAACTGCGTCT,4
AAGTGTCTTACCACCGAGTT,9
TTCAGGAGGAACTGGATTAA,2
GCGTCTGGTACTCAGTGTGG,12
ACATAGTGAAGATGGGGAGG,15
TGAGGATTTCACTTCGGGAG,3
TAGCCCCTGCAGACCCTGGA,8
AGACTGGCGAATTTCTGAGT,7
TATAACATACAAGGTCAGCT,11
TTACTTGAAAAGCTGAGTGT,8
GACTAGCATGCATGAGGCCC,9
CTCCAAAAGCCCTAAAGGAA,4
GACCCACACACACCCAACAT,10
CTAGAAGAGGCGCATTTGGC,8
AAAAAGGAAAGCGACGGTGT,7
TCTGGCGACTCCAGGTCACT,4
ATTTATGTGTATGTGAATGG,10
ATAAAAGGCTGAGCCCGGTG,8
GCACAACTCCATGCCCATAA,6
GGATGAGGAAATGAATGTGT,7
TTCAGCCAGCTCTTGAAAGA,7
TGTGCTCTGTACCTTGCCTA,8
TTGCCACCACTCTGGCCGCC,16
AGCGTCCATGCCCCCTCACT,12
GAAAGCTGAGCTGAGTGTGG,6
TCCCAGGTCTTGTTACCCTT,10
CTTCTGTTTGAACTCTCAGC,6
TTCCAGCTGAACTTGCCAGC,17
ACTTGCCAGCACGAAGAGGC,13
CACTTGTGGCTAAGGTTCTA,9
CTTCATCCATGGAAAAGGTG,8
GAAAGAAATTCCTTGATACA,15
GCTAGGCCCAGTCCGCCACC,13
TCCATAGCTCCACTATAGTA,11
GTGTGGAGGGGGAGCTATTT,10
ATAGGGAGACTCAAGAAAGG,11
CTAATGTCTGCAGTAACCTC,7
GAGCCTAGAGGACAACGTAT,5
TGAGCCACTACGTGGGCGCT,3
TGTCTGCAGCTCCAGTACTG,19
TGACCCTTAAAAAGAAAAGG,5
GGTTGCCTAAGAGGAGAGAC,6
AGAACAGACTAAAGGCTCCT,12
AGGAGAAAATCCTGCCTGAC,9
AGGGTAGGTGCAGGAATGAA,4
TGGAGAGGGCAAGTTACTTA,4
AGACCTCTAGGAACCCAATC,8
GTTAGAGCAGCCAGGAGGAC,14
TGTCAACAGGTAGGAGACAT,11
ACAGTTGTGTGCGGCTGAAA,11
CAGACCCAACAGGAATATTT,9
ATGAGTAGAAACAGAGCTAA,6
TCAAGGCCCTCGCAGAGAAC,5
GAAAAGAAAGAAAACAAAAA,10
TAGAAAAAGAGGGAGTAGCC,5
CAGGTCGGAGCCCAATCCAC,15
TGGTTTCGGGACTTGGGTCT,5
TTTCAGAGAGATGGCCTCGC,8
TGGAGAGGAGATGAAGCCAC,4
AAAAAAAAATACTAGAAGCG,5
GCAAGGCTGGAAGGCTATCG,10
GACCTGAAACCCAGTACCAA,8
GGGAAAAACTCTCCCACCGG,5
TATTCTTACTGGGGAGAAAA,4
AAACATCTGGTGGGTTTGCT,10
CATTTCTAGGTGACGGGATC,7
GAGATTTGGTTCCCAGGTCG,4
GGCTGCAGTCCCATTCAATC,5
AAGATGGCAGGGGCAAGCTG,11
CCCGTGCTTAGTGTCCTCAT,14
TGGAGTTAATCGGTTGATTG,9
AATCATGGAAGATATAGAAA,10
GTTGGGAAGGGTTGTAAAGA,6
GTGAGGCAGACAAATATACT,9
TATACTAGGATGGGTTGGGA,8
TTTATTCTTTAGACATTTGT,6
TCGTGAGGAAGGACCAGAGA,10
CTTCGTCCCTCCCTCTCCTC,6
AATCCTCTTCTGTAGAGAAC,10
ATACGAATACGCGAACGAAG,16
TCCAGACCTCAGAGGCAAAG,5
CTCTCCCGTCATCGTCCTCT,13
ACATCTTTCCCGAAGGTCTT,13
GGAAAAGATTCATCGAATAG,7
CAAACAAGTGACTTGAGAGG,18
TAGACAGCAAACAACCTTCA,8
AGTACAACCAGAAAACGCAC,11
GGCATCTTCAGGGGCAGATC,10
CTAAATCTGAGAAATCCACC,4
AGGTAGGTGGGGCTCCTCCA,8
AACAAGATATATTCTTGGTG,8
AGAAAAACGAGATATATTCT,14
ATGAGTCAGGAAGTATGAGA,8
ACAAGTGACCAATACCAGAC,14
TTTCTAAAGGTTTATGGAGA,4
TTTCTGCGCAGCTCTGGGCT,13
TCCTAAATGCTGAAGAGAAA,5
TTGAAGGCAACACATGAGGC,7
TCAGAAACCATAAAGGAATT,7
TGAGCACATGAATCCTGTAA,5
TCCTGCCCTCTTGAAGCACT,14
GTGCAGCTGGGTAGGTGGGT,8
TGTTGGACGTCTCGCCTGCG,9
ACGAGACAGAGCACAGCTTT,9
CTAATCTCTAGGCCTCCCCC,17
GCACAATGCGATCCCTAAAT,11
TTAATAAGGGCATAAAAATG,3
TAAGTAGAGTGCAAGTACTC,5
ATTAAGTGTCTTCTATAGCC,8
GCTAAGCCCGATTCAGGTCC,4
AGAAGAGACTTAATTCAGAA,5
AAGTCACGAGAAATAGTAGC,7
ACTATTTCTGGTGATTTCAG,11
TACTCAATGGACAGGAAAGC,8
GACAGGAAGAAGCAGTTGAA,12
CTCAGAAAGCTTGATTAACG,12
GGCCTGAGCTCTCAGCCTTC,9
TTCCAGAATGGTGAGAGCTC,7
TTTACATGATGGTGGTCAAA,9
CCCTCATAAGCAGTGCCCTC,6
CTTTTGGTTGCAATACTTTC,9
GTGCCCATTTCTAGATCTTG,5
GGCGTCCCGGCTCGAGCCGG,7
AAGTCAGGGCAGCAGTACTG,9
TCCACCTTCGGTGACCTGGT,6
ATCTGTGTTTGTATAAATTT,7
TTCAGTGAAAACGCAGTCGA,12
TGCGACACAACTGGCCAAAG,8
CCCTTCCAGCAGCTCCCCCG,7
ACACAGTGGTAAGCACTAGG,10
TGGTAAGCACAAGGAGGAAG,4
GATGCAAAATGTGTGCCGAC,10
ACTGGGGCATCCTGACCAGG,10
GGAGATGAGACGGAGGTGCG,13
AAACTTAAGTTGTCCAAAGT,13
CCCAGTAGTAAATAAAAAGG,12
AGGGGTCAGGTGAGACCTCT,15
GCGGGACCTTGACACCACAG,10
AAGAAACGAGTCAAGGCGAC,5
CTTCGGACTTGGAACGCGGG,14
GCAGGCTGGCCTGTAACTTG,6
TTTAAACACGCTCATGGGCC,3
AGGGTCTCATTCGATAGCGC,9
GGAGACACACAGCCTGTGGT,6
GGAAGAGGGGAGCTGAAGGG,7
TTTGGAGAATCTATTTCCAT,1
CGTCACGTCAACTCGGCCGA,6
GAAGGAGAATGCGCCTTAAG,11
GGATTTGAACTCAGGGCCTT,16
TGGCTGGCGAGATAGGTAAG,10
GTCTTCAGGCACCCCAGAAT,11
GGGAGCCACCATTTGGTTGT,3
TACCCCAGTAACAGCCCACC,10
CTTAAGTAATTGCCCAGTTA,11
AAAATAACAATAGAAAGGTA,5
GATCAAGCCTGCCAATCCTC,14
GGCTCAGTGGTAAAGATCAC,12
TGAGATCTGATGACCTCTTC,7
AGCACTGGCAGCATTTCTGA,12
GTACCCTAGTAACACCCCAG,6
CCCCGCGGACAGAGATCATT,9
GATGGGTGTGAGTCACCATG,9
GTGAGTCACCATGTGGTTGG,8
TCATCGGATCTCAATACAGA,5
GATCAAGCCTGCCAGCACCC,17
TCAAGTTCCGTAACAGAAGA,14
TCTATCTGTTCACCCTGGAA,7
AAACATGTACTGGGTGCACG,19
AGAATAGCCAGCCTCAGTTG,6
AACAGTCTGTCAGACATAAA,6
TTGCTATGCTGCGCTAAAAG,11
CTCAATGTCTATTCACTAAA,18
CCTAGAATCTCCACATCTCC,11
GAAACAAGAAAGGCACAGGT,3
CCTCAAACACCACATTGCTC,15
ACATTCATTAAATAAAAGGG,9
GTCCATGCCAGAGTGCAGGC,16
GGCTATGCTGTGCTTAAAGG,5
TCCCCTAGAAATAGCCCAGC,5
AGACCTGCTGGGCTATTTCT,12
CTGTGTTCCAACCCTCCTTA,6
GTTGCCCACCTTCAGAAGCT,13
TCAGTTCCAGGGACTAACTC,15
AAAAAAACAAAGCGCGCGGG,4
GGGATCGTTGCCCCTCGGGG,8
ATCCCCGAAACAGACTTGGG,12
ACATGTACATAATGAGACTT,5
AAAGTCAAAATACCTGCTTT,18
TTTCGGCAGATAAGCAACAC,8
TAGAGCCTGAGTGGCACAAA,2
GGGTGGGTCCATCTCTGGGC,3
AATTAGTGGTCAAGGAGGAA,9
TGCACTGTTCAGGGCATACT,21
TCTCCCGCTGTAGAGTTACT,8
GTTCCGGGTGGCGCTAGGCA,17
GAAAAGCACGGGAAGTGAGA,10
GAATTCACATTCTTTCTCTA,7
GAGATATCTGTGAAGCCCTG,21
AGAAGTAGCCATGAAACCTA,10
TCTTTGCTTAGGTGGTACAG,18
GGGAATAACACCAGGGCCCT,6
TTGAAGTTTGTGGTTTAAGT,5
GAAGCAGAGAAGGGGCATGT,10
TTGGACCCACGAAAGAACTG,7
ATGTTCTGGAAGAGTCCGTC,18
AGGAACTGTAGAGAAAGAAC,8
GGTGTACATAAAAACATCTG,5
CCTCTGCATTTCATATCAGG,6
GTGTCATGCCCCCAGGGTGG,8
CCCGATTCCTGCTGAGATCA,18
ACTTACTAGTAAAAAAGCCT,6
GGCAGTTTCGAAAATTGTGG,11
ATAGGAACCCCAAGAAAAGT,3
CGGTGTCTACACTAGAAGAC,5
CCTAACGGTGTCTACACTAG,11
ACCTCCCTATCGACTTCCCC,16
GCTTCATGCATACCAAAAGA,13
AAACCTATGGGCTGAATGTG,17
AAAACCTATGCGCTGGATGT,12
TACAGTCATAATCGTAGGGT,6
ATGAATGGGGACACTACAGA,6
TGGGGTCACTACAGATGGAG,3
CGCCAAGCTCTGTATAAAAG,6
TTCTGAAATTCTGTAAAGGC,5
ACTTTGACAGAAATGTTTCC,10
AGGAGAGAGAGAGAGGAAGA,7
TGGTGTGATGTTTGGACGTC,7
GTTCTAGCATTCTCACTACA,14
CATGACTCCTGTGTAAACAC,8
TGGCAAGAGAGGTTGGGGAT,7
TATCGTTGAATTCTCAGCAC,3
AGACTCCTTTCCCTCGGGTG,11
AAGGGAAAACATTAAGTTCC,6
GGTTACTGGGAAATGAACTC,5
TTCTGACTTCTGTGGGCCCC,8
ATACACATATGCACCTATGC,7
GATCTTCTTCTGACTCCTGT,11
TTCCCAGCCCCAGAAATGGC,4
AGTCAGGGCCATGTCTTTAC,7
GAAAGAACCGGAAATTTAAA,4
GCCCCTCACTTATGTAAGTT,9
CTTCAACAAGACTCCTGCCT,8
GCCAGGAGTCTTGTTGAAGA,9
AGAAGAAGAAACCCCCAAGC,12
AACCCTCAAGCGGGAGGATG,11
ATTCCCGATCGCGAAGGACG,17
ACTCACTTTGGAGACCAGGC,13
AGGGTTTCTCCTTATAGCCC,4
ACTTGGGAGGCAGAGACAGG,15
AGTGAGGTCAAGGCCAGCCT,15
TTACAGAGCTCTGTCTAGCT,12
GGAGACTCTCAGAGTTCCCC,2
ATTGCCATGAAGTATTGGTC,17
GTGTCTGAAGGTCTTTGAAA,13
AGACCAATACTTCATGGCAA,10
TCTGGGGGACAGACGTTTGG,3
TAAGGGACTCCAGCAAGGAA,7
CCTCGCCACAGCGGGAGCTG,6
CGCTGTGGCGAGGGCGCACT,5
GTGGGGACATAACAACTCCT,18
GGCCTTGGCGCCAAGAGAGA,2
TTTGGCATGCTTGAAACCCA,7
CCTTGACTTTGTTCCTCTTG,11
GCGAGGATAGGGAGACGGGT,11
GTCGTATTCACACGACGTGA,16
AGTAAGCAAATGGGTGCTGC,8
GTCTGTGTGCATATAAGTGG,6
GTCTGCTATAGACTCAGGTC,5
TGGCTGCTATAGACACAGGT,10
GGGCTTTGCGTAAGGCATGA,6
CAGTTAGTGCGCATAGATGT,4
CCCCTGTGAGAAATGAGTAG,7
GCTCTGACAGACAGTCTCTT,17
ACACCCAAACCCGAGGGCAA,18
GGAGTCCCAAATCCTAGCCC,7
TAACAACTGCATGCCAGAAG,7
GGTTGTTGGGAATTGAACCC,17
CCCCAAAGCGGAAAAAGTGG,3
AAGGACAAGAGGGGAGGGTG,10
AGGCAGGTACATCAAACTCT,9
AGGGAAAGTCAACCCACCCC,9
TCGTCCTGCGATCCAACAGT,8
GGATCTCCACGGAGAGAAAA,9
CACGAGCGACCGGGAGGCTG,6
TGAAATGATGCTGTGGGGGC,8
CTTCACAAACACTTCGTACA,6
AATACAATCCTGGAACAAGA,15
AATAAACTGTGAGAAGCTTG,18
CGATTAAGATCACAATATCA,3
GACTCCTAAGTCATCGTTTA,10
TGGGAAAGTAGCTGGCTAGA,5
AAAGTAACTGCATTCACTCA,15
ATGTCCGTAACTCCAGTTCT,8
TGTATCATAATATGTATGCC,9
AACATGTAGAAGAAGGACAT,14
ACTGCTGTAAGAGTGTCAGA,6
GTGCCTTTTCTTAAGGTTGT,14
GGTTAACTGCCGAGCCGGTG,8
ATACACTCAGGGTACAGAGG,6
TAAGATTTGTTATTGTGGGT,7
TTCCTGATAGTTCAAAGGTT,9
TGTTGAGCCCAGGTTGGAAA,5
GGCAAGACAGGCAGCAGCCA,12
TCGAATTGTTGAGCCCAGGT,7
TGGCATCTGTTATCCTTCTG,2
CGCGTCCTGCAGCCTTAGTC,5
TTAGTCCGGTCTTGCACCAC,10
ATGTGTTGATGATGTGGGGG,17
GTGGGTCTATTGTATGATGG,4
CGTGGGTGTGTGTGTGTTGT,10
AAAACGCGATCATTTCTAGG,18
AGTAGCTGACTATAATGAAT,8
TAGCAAAAGCCTAAAGAAAG,7
TTAGATTTCACTATAGAAAA,7
GCATGCTTTCCTAACGTGCG,12
GAATGTAGCATGGGGGGGTG,10
ACAGCCTCTCCCCCTCAGCC,12
AAGCAGCGATTCCCAGGGTG,13
TCGCAGATGAAGGGGATGAA,5
GCTTCAGGAATCATAGGGAG,7
AACGAGGCTTTGAGAACACC,7
AAGTGTAACATAAACTCCCT,16
TCCCACTAACGATGAGTAAA,7
TGGTGCACATTTGGCACAGC,2
CATAGGGGGCCGGGCGGTTC,6
ATCACTGTACTGAAGGGTCT,14
GGGGGTCACCACAGTACTGA,16
TAGAGGTTCACAATCTCATG,6
TGGAGGCAGTAGATTGGATT,3
CGTGGCTAGTCGCTTCACTG,10
TTGGGAAACATAGTGTTCTG,5
CAACGGAGGGAAGCACAGTA,2
ATAAAGTGTGGCCAGAACTT,11
TCCTGACCGCAGCGTGAGCC,7
CCTAAACAGTCGAAAGCATC,16
TGGGGTCAGATGCCCTCTTC,5
GGGTGCTTGGAAGTGAACCT,9
CCGTGTCAGGTGCTTGCAGT,4
TACATTCTCTGGGGTATCAT,6
GGGTATAATCGGGCCTCCCG,3
GGAATATTACGGGGGGAGAG,8
TTGTCTAACAAGATGGTGCA,7
GATTTGGCTCACAGATAGCT,9
GGGGACCAGTGTCAAGTCTC,9
TGGAGTGACATTTCCTCCTA,6
AGTCAAAGGGCAAGGGAGCC,5
AGAGTGGAGGCACAGGGCAA,7
CCTGCTACTGGGCCTTGACT,11
ACTAGAGGGTTAGTGTTGCT,19
GGCTGCTGTGCGGTCTCTTC,14
AAGGGGCTTGCTGGGGATCT,16
TTCTAACAGTATGGAGGCGA,10
CAAGAGATCTCAAGTAGCGA,12
CGAGGAAATTGGTTTCCTTT,4
TGTCGTGTGGCGCCCGCGTT,7
AGGTAGACCACCTTCGGGGT,11
CGCGGGCGCCACCCGAAACC,8
ATTAGCACTTCAGCAGTTTC,10
GGGGCAGAATGGCTGGAGCG,11
AACAAAAGAAAGGGAGGGGA,10
GACATGGAGTTCGGAGTTAA,15
ATTCTCTGTCAGCTGATCAT,5
TAAATTACTAGATGGATGGA,9
GACAAGGTAGTCGTACTGGG,12
AAACATGACCATGAATATCC,3
AGGAGATTGCCTGGGAGAAA,19
CATAGACAATACATGCGCAT,8
ATCGTCTACAGAATAGTCAA,13
CCTGAGAGTGAACAATACCA,10
TCTCCAAGGGGAGGAGATGA,17
AAGACAGGTGACCAAGCAAG,5
CCACACCCAAGTTAAAAGTC,8
TTTAACCCTTCAAGGCGCGA,5
CCGAGTTCAGAAATAAAAGT,9
TAGACTCCAGCAATCAAATA,10
ATTGCTGGCGTTTAAGCTGG,11
AACCAGAATTGAAGTTCTGT,10
TAGCAGGTCAGTGCAGACAG,9
CTCCTTCGGGTGTCAGGGTA,17
CTTACCCTGACACCTGAAGC,8
TCACCTGGCGGGACACCGAT,5
GTTCGCGTGAACTTTGAGGA,5
AACTCTAGCAAGTCACCTGG,6
ACTTGTTTCACAGAGGCCTA,8
AAACCACAGATTCACACTGT,13
TCTCAGAGGCCCAAGGCTGA,10
GGCTCATCTCCACTGACGAA,13
TTTCGGTTCATAAAACTGTT,13
AGAGGAGCTGAACAGCGGAG,17
TGCTCTAGGAAATGTCTACC,6
TAGCCCAGGTAGACGTTTCC,5
CTCAAATGTTTAGAGACCCG,7
GGGAGTTAAAATGGCCATTA,6
TAAAATGGCCATTAGGGATG,6
CAGACAGACAGATGAACCCA,12
AACATGTTTACGGAGGGGAG,11
GCCTTGAACATGTTTACGGA,10
GACCTTGAACATGTCTACGG,7
TGGGGTCCAAGATCAGAGCC,6
CCTGATTGAGTTCGGTGATA,11
CAACTGAAAGGGATTCCCAA,11
ACTGAACCCTGACTAATACA,11
AGTGACCCAGTACCCTCTTC,13
ACAGGGTCCCTGTATTAGTC,4
TCCAGATGGATGCTTAGGGA,16
GAGTGGTCAGGACCACACCC,7
GTTGTGGCCCTATATGAGTG,9
GTAAGAGAACATCTTAAGCC,9
TGACAGGGATGGCATTTGAT,4
CCGTGGAGTATTTCTTATTC,6
GAAAATTTAGACAAGAGGAT,6
TCGTGAATTCCAGGCCAGTC,6
GCGATCTCCATGGAGGACTG,12
GTTTCCACGTTCTGAGGGCG,8
AGAGATCACCCGACTCAGCC,7
GAAGGGGTGGAGAGGACAAG,6
CACGGTGTACATGTCTTTGA,9
ACCCGTCCCAAAAAAAGAAT,8
GACCTCCTAGAACTTTAAAT,11
ATCGTAAGAAAATCCGCACC,6
TCTTTCAAGGCTTAAATTTG,2
CTGGAACTGCTCTAAAGCCT,6
CCCTAGTGTGGCGCGGGATG,11
CGACGGGAAGCGTGTGCGTC,7
ATGCACGCTGTGTTCCACCA,13
AAGGTGGTCACAAGTACATC,10
CTTTAACTTAAAGACCTGAA,14
ACCCTGCTCGGCAGTAGGGG,16
AAGCCCCCTTCAGAGTGTGA,6
CAGCTGTTGGATTTCACGGC,4
AGCCAAAGCACACAGTTCGA,7
CTGTCATTCCCCGCCCACTG,12
ATGCGTTATCAAGTGTTTCT,14
AGTTACAGCTTGATATCTTA,5
AAAAAGGGAAGGAGGCGGGA,3
CTGGGTGCTATTAGGGAAAA,5
GGAAGCAGTCAGGAAAGTGA,4
TGTGTATCCCTAGCTGTAGC,7
ATTCAGTTTCAGCCGAGAAG,12
TCAGAAACACAAGAGGCGAA,7
TTCTTGCCATTTCCACTACT,8
ATTCTTTGTGTAACTTGTTG,13
GGGGTTACTCTCTGCGATCC,13
TCTCCGCCATATGGGACTTA,13
TACTAGCCACAGCAGCTTGC,8
GAGTTCCTTAAGTCACATAT,12
CCACAGGAAAGGAAAGGGAA,4
TTCTGATAAAAGGAACTGAA,8
TATGGTCTAACCTTTGCACC,8
CAGGCCGTAGCACTTTTGAG,7
GCTTTGCTTTGCTTCTTCCT,18
AACAAAGGGGCAGCTGGGTT,8
GGAGGCTTCCATACCTTTGA,10
TGCTTCTCCCTTTCTATTAT,3
CCAGAGAGTGTGCTTGGCTC,7
TCTGGTCCTGTCTAAGCACC,12
AAAGTTGGGGGTTAGGGGGG,14
TTCAGACACACAACAGGAAA,8
GCACCACAGCCCTGGCCAGA,24
AAAAAAGCGATGTTGTCGCC,3
GCTCGGGCGGCTCACTGCAC,10
GTCGCAGGGATGGCCCCAAG,8
TCTCGTGTGCCCGGGCACTA,6
TACACTTCACTCTGCACAGC,5
CAAAGAACAGCAGAGATCTT,8
TACAGGTCTGTCTGCGGCTC,7
TTCAAAGACCAGCAGAGATC,8
AGGGGAGGGAATGTGGAGGT,15
CTGAACTTCAGGTTCCTCCG,1
GTGAGCAACTGTAGGAGTGG,8
ACAGGGCGGAGTCTGGGCTG,12
CGTCATCCGACGCAACCCTG,5
ATCCGCTCGTGTCCTGACTT,7
TGCAGGTAGCATGCCCTGCC,12
AACTCCAGGGTTTGTTTCCT,7
TGTTTCCAAAGAGCTCTAGT,5
TCTCGCTGGTCTACGATTCC,12
TGTTTTGGCCTCTGACTTGG,10
CTGTGTAGCCCAGGCTGTCC,6
ACTCGGGAGGCAGAGTCAGG,13
TAGCCCTGAGACTCTAGGGA,1
TTTGAACTACGTGTAGTGAG,15
CCTCTGAACTACGTGTAGTG,18
ACTAGCTACCTTAGCCATCC,16
TCTGTTCCTGTAGAATAGCA,4
AGGGTGGCAGTAGAAGCTGC,12
CCCATCCAGGTGAGTGATGC,10
GGCATCCATGAACTCACTGG,5
ACGAACAGGTCCACAAACTC,11
TCTTCATCAGCAGGCGGAGG,3
AGAGCAAGAGCTCGCGTGCT,10
ACTTGCGATCGTAGCACTCT,4
AGAACTCTAGGAGCTGAGGC,7
CAGGCACATTACAACCAAAC,7
GCAGGAGAATCAAGAGCTTG,11
TGAGGGAGAGCCGGGCTGAG,7
TCTGTGGTTGATGGAGAGCT,8
AAAATAAAAATTTGGAAAGA,3
AAAATCAAGGCACAGGGGGC,4
TGATTTGGTGTATGTATGTG,9
GGCAACCCTGCCAACCCACC,16
CACACTCTGAGAGATTCCAA,14
TCCGTATGCGTCGCTGTACT,9
TTTGATGAAATGAAGAGGGC,7
TCACAGGCCTGCTAAGGTTG,6
GGCCCACATGTGCTATTGTG,11
TCGATGAAAATGCTTCTGTG,2
GGAAGAAGCAAATTTCAGGA,14
GATTATAAAACCCCAAAAGG,10
AGACTTTAAATGAGAGCCCA,3
GAGTCCCAGCATGCAGGCAT,7
ACGAGTTCACTGTTTACTTC,17
AGATCCTAGGGACCGCCCTT,13
GCAAAGAATTATTGCCAGAA,3
CTCCACCACTCCCACCACTC,7
GGCCGGTAGAGTTTAGGTCA,8
TAAGAAGATGTCCAGCGAGC,9
CCGGGTTTGCCGGAGACTGA,11
AGTGTGTGGGTGTGGGGGGG,12
ACCCCCGAGGGGAGGAGCTT,8
CACCCATTTGACAACTTGAC,8
GGAAGGACAGCAGCGGTAAA,10
TCTTGAGGTTGTGGTTATTG,4
TTATTTGGATGCAATATTTG,10
CTGCCAGCAACTGCCACCCA,2
TGCCAGCCACTGCCAGCCAA,14
GCACCTGGGTGTTTGGCAGT,3
ACAAAAAGCAACTTTCTCCT,7
AAAGTCGAGTTTGTGAAAAA,8
GGATTCAACAATATACACAA,6
TCACACTCTTGCGGCTACTA,10
AAGGTACTACGAGGGAAACT,13
AAGTGGACAGAGAAGTGGGA,16
CTGTCTCTCGCCCATGAGTC,5
GTGAACTGTGGCTAGTGGCT,17
TAATACAATAAAAATTCCAA,3
TCTAGCCAAATCAGTGCACC,6
AAGACCAGAGAAGCATTTGC,9
TCTTAAGGAATAGTTGCAGT,9
AGGTCCTCGTGGTACCCTAA,11
ATTAGATCTGCCCGCTTCAT,11
GGTCCGAGCTGCCCCACCTG,16
CCGGCTCCACCAGAGGACGC,6
GATCCCAAGTGAGTTAGAAA,11
AAGAGGGTGTGTTGGAGGTC,7
TTGATGGTGATCATGGGGCA,6
TGCCGGGGAGACCATCACAA,8
CGTGATGTGTTCACACTCAT,7
TGAGGGGATGTGCAGGAGCG,8
GGTCCGGAGTTCAAGATCCT,16
ACGACAGCAGTTCCGAGGCA,9
GCCGCCAGCATCGTGGTCTC,8
AGGGTTTGAATATGTCAGCC,5
GAAGTGCCACTCGGTCTCCG,9
CGGAAAGGGGCTGAGGCTGC,10
GTGGATATAGGAGCCAATGC,6
AAAAGGTAGTGAGGGGTTTA,7
AACGTCCCGCGTTTGCCCCG,16
GGCTGTCGAGGACCGGAAGG,7
GGTCGCGGTTGCCATGACGC,5
ACTGTCTGTAAGACGCCCCG,10
ACTTAAGCAACTCTAAACAA,5
CTTAAGCTACTCTGAACAAG,7
GGAGGGCTGTAGAGTTCACC,14
TGTTGCTGGGGATCAAGCCC,11
GAACAGAGTAAAGAAACTAG,5
CATGACTTAACTCCGGTCTC,7
GGTGACTACTGCCTTGAGTG,10
GGGGTTAGGGAAAATGCACA,3
AGAAACACCCTCATAGAAGC,13
ATCGGCAGATTTACTGAATG,16
GGTGCTGCCTGCACACTACC,11
TGGGTAGACGAGGTTGGTGC,5
CAGACACTAAAGGTGGGGAC,11
CGTCTGTAAGCAGACACTAA,10
AAATGCCACGGGCCAGAGTG,6
GAACGAAGGCACGGGGGTTG,9
AGAATTGTTGTGTCCAAAGA,4
GAACGTGGCCCGAGAGTTCA,10
CGAGGAGGCCAGCTGGAACG,9
AGCACCCGTTCCCATCTGTC,11
TAGCCCTCTTCGGAGAGACT,2
AGAAAACAACTTCTGACTAT,7
CATCCTTCACAAAACAAATA,7
ACCTTGAAATAGTAGCTGTA,7
GCTGTACCTAACCCGGCCAG,4
GGGTTGGTATGTAGTTTGCT,12
TTTGCAGGAGTTGCCAACCT,11
TCCACCGAGAAGGTAGAGGG,12
AGAGACCGTGGTGACCTCTC,8
GCCCCTGCATCCCAAGTGCC,9
TTGACACTCTCAGGGCAGCT,6
TGGCTCTAAACAGTGAAACA,7
GGACTGACTGCGGGACAGTC,7
ATGGCAGGGTGGGCTACACA,19
GTTAGAGCAAATCTTCGTAC,6
TGCGAGTGTGCTTTGTCTTT,4
AGACGAGATCTCTGCACCCC,8
CAGACATCTCGTCTAACCCA,9
GGTGATCACAAGGTCTCTAG,8
GCCATGTTCAGGTGATCACT,8
GCACCTGAGGCCTGAGCATC,14
AAGACCCTCTCCATTCAAAA,8
AATTAGACTGCGTTGACTAA,8
GGGCGACCTCGAGTAGAGCT,13
GTGGTTAATGATAGAAAAAG,4
GGGACAGAAGAGAGGCTGGC,7
ACAGCCATTCCTGGATACAA,6
CTTGAGATGGCCTCTGGACG,4
GGTGGTCACAGTGTTCAGTG,11
GAGCATCCAAAGGGCATGCA,9
AGCTCCCGGTGCACGGTACT,11
GGGGATCATCAAAACTAAAC,11
AGGAATAATGCAAGTGTGAA,11
AATAGCAATGGAGGCATGGA,5
ACAAATCACCAAATCCAAGA,11
ATGGAAGGAAAGGGTCCCAA,9
TTCTTTGATTACTGATACCG,5
ATCTGAAAGATGAACAACCA,5
ACTTATTTGGGAAGAGTGGA,10
CACAAATTCAAGGTGAGGCT,6
GAAAACAAGAAACAAGTCAG,9
TCTCCCCACAGTCACACAGG,6
GCTGGTGAAGGGTGAGAGGC,5
AAAGTGGCGTGGCCTGAGAT,12
AGGCGGGGCCTAGATGGGGA,18
CCTGCTACTAAAGTGATAGG,2
TCAATAAATTACTCTGTCCA,11
ACCTTGCCTGAGAAACAAAC,4
GAGTTCCAGGCTGGCCAAGC,8
AATTTCTAAGGTTAAAGCTA,10
TGCATCTGCTTCCTGAGCTC,10
ACAAGGCACAGGACAGTGAG,10
GGCTGAAACAAACAAGGCAC,17
ATCACTGAAGAGGTTAGGAA,9
AGGGTCTCAGGGCATCTCCA,5
CTCCTAGGGGCAGTACCTTC,11
CTAGCCATAGTACACCCCTC,6
ATGTGTCTGCAGCTCTATCC,8
GTCCCACCCCTTAGGGTCTC,7
CGTTCCCAGTTTGCGAAGTG,10
CACAAACTAAGTGAAACGCC,5
TTGAAGCAGCCTGTGACTAG,2
GAATACGATGTGTACAGAAT,4
TGAGTGGTCTGATTGAAGAG,5
CACCACTTTAGGGCTGCCGG,4
AGAGCCTGGAACTCTTCCCG,10
TTTCACTTGCTGCTAAGTGC,22
TTCTGACTCTCCGCCGTAAT,13
TTACAAGGCTGGGTCCTATC,8
GGCCGCAGGGCAGAGGGCCA,6
ACCACAAGTGTGCAGGTGTG,17
CGATCATATAGTGACTGTCC,6
CCAGCGGGAGGCACCCTGGC,12
CTAGGAGTGTTTGGCCTGCT,10
CCAAAGAGAGTGAGTACTCA,12
CAGCACGCCAAACACTCATA,9
TTTATCCCGGCTGGCTTGAA,16
GGGTAGAAAGGGCTAATAAA,10
ACACAGGAGCGCACACTGAC,5
GTGTTTTTGGCGCTCTGAGC,10
GTGTGGTGGTGGTGGTGGCG,11
AAAAAAGAACACATAAGAAA,4
TTTACAGATGTGGGAAAGAA,8
AGAAATGAGCAAAAGTGGAA,7
GTGCGTGCAGATACTCTGAA,5
CAATAGTCATCAGTTGTGGT,8
AACTGATGCCTATTGTGCAG,9
GAGCCTCCTGTTCCAGGGCC,19
GTCTGCAAGAGTCACTGGAG,16
CCTCAAACTCAGACGTTCCC,5
TTTCCTGGTAAGCCACCAAA,6
TCCCCACTTTCTGCATCTGT,7
TGGCTACAGATGCAGAAAGA,8
TTCTACAAGCACTCGTAAAA,4
AGGGCCTACAGGCCTCTGGT,8
GTGGGTCTGGATGACGACGA,6
TAGCCCCTTGCATTTGCTTC,8
TATGCTTGATCATGAAAACC,14
GTGTGTATGTTTGTGTGTGG,7
AAAGTGTCTGAGACTTGAAC,13
GGAGTCACTGATGGACTCCA,6
TGGTGGGCAAAGCCTGGTTT,8
AGATCAGAAGAGTTCTCATC,8
TACCAATGGGAATTAACTCG,11
GTGCAGGGCTGCAGCAAGAA,6
AGTGATACGCTGCCTAACTT,10
GCCTGTAACTCCACCCCTAA,11
TCTTTGGAAGAAACTACAAC,7
CCAGCCTTCTCCAGCAACCT,6
CCTGTACCTGATGGTGAGTG,14
ACCATCAGGAACAGGGGATG,15
