GCAGGAAGGAGAAAGACGCG,181
ATCTGTCAACAGATAGACAC,187
GCCGAGTTTGATTAGGAACC,134
AACAACACACAAATAAGCCC,120
ATTCTTGTTCCTAAGAGCTA,151
GGGAAAAGTGAAGGGGGGCG,176
TGGGGAAAAGTGAAGGGGGG,264
TTTCCCCACGATATGCATCC,176
TCCAGGAAACCAAGCCTCCC,127
ACCGAACAGCTGACACTGGG,183
CCTCGTGAAATTATTGGGGA,175
CACTCAACTGTTCACAGTCC,177
AATCCAAGCTAGGAAAAGAG,182
CCTTCAGGACTACTAGATCG,168
AGACGTCGCTGCCTGCTGTC,166
CTAGGAAGAACGCCAAGTCC,164
TTCTTTATCGAGCTAGAGAT,142
CAACTTTCACAAAGTTTGCC,114
GGAGCTCAGAACTCCGCGCC,125
TCCACCTCAAGGATAGGGGA,147
GCAGCAAAGGAGAGGAAAGC,147
GGCGTCCCTGGCAGCAGCAA,202
TGGCCTCTCTGTGCCACCTC,138
ATAATAGCTGCCATTTCTTC,175
TGGGCCCTGTCAGAAACATC,123
TAATCGTCCTTGTGTGAATT,140
ACTGCATCTGCCCCAACAAT,146
GATGTGGTCAGAGGTGCGGC,187
CATCTTCTGATTGGTGTCAT,167
ATTGGATACATCAGAAAATG,204
AGGGTACCCCGCAGGTGCGG,140
AAGTGGCAGGTGCTGTCGTG,149
GGGTAAGCAGTGATACTGGT,191
AAGGAAGCCTGGATTATCAC,187
TACGGAGAATCTGTTGTCTC,112
CGATCAAAAACGTTCCATAC,103
AGAAGCATATACAGACTGAT,162
ATGATGCAGGATGTGTAACC,180
TGCATCATTTCACTAATCCC,86
CACGTAAAAGGAAAGTTACC,131
TAATCAGTGGTGACCTTTCT,133
TGGAACTCACTTTGTAGACC,108
ACCCTGTACCTCAGTGGTGG,204
AAAGCCTCTGGCCCCTGCCC,148
CTTTCCTAACTGGGATCTGT,170
TGTGGGTGAGGTGAGCCCCG,126
GTTGAGATGACTCCAAAGAT,162
GATGACTCCAAAGATAGGGA,131
TCTGAGTGCATCCTTAGATA,148
TAGATGTTAGTCTCTACAGG,95
CTCTGCTGTGGCTTGTGGAG,148
CAAGCTGGAAGCCGACCTTT,153
GAGCGGGGCCTGGCAGCCCA,150
ACCCTGATGCCAACCACAAT,191
CAGGGGCATTGCCACATTCC,114
AGTTCCCTCAAGTGCAGGGA,166
GAGGAACCCTGTAGGACACG,184
AACTGTGTCCTTAGTGAAGG,191
TAGACCAGAACCAAAGGTTA,124
TCCTCCCTAACCTTTGGTTC,168
CATCTGTTGGTTCTGGTGTG,150
GGCCAAGGGTTAGGGATAAG,140
AAACTAACTTGTACATATTT,106
GTGGCCAAGGGTTAGGGATA,144
CGTTACTGAAATAGAAGGTG,147
AGGGCAGAGCCCAGACTATC,138
TGAGAGTTCTCGGTGACCCA,136
TGGGAGGAACTGGATGGGGC,111
GCCTAGGATACCAGGTTGCC,150
AAGGAAGGAGGATTAAGAGT,149
CTCAAGTGTGAACTACTGTT,165
CCTCAGTTCTTGGAGTGGGC,133
TGAGAGTCTTGGGAGGAGGG,96
TACCCATATGTGTCACTCAA,151
ATAGGCCAAGGATAATGTAA,123
AGGATCAACTGCGTGGCTGA,145
CATTAAAGGGCCTGACACTT,181
GATCTGCCAGAGGACAGGTT,147
ACCCCTCACCCAGCCAGGTC,174
CACGCAGCTTACTTCCAGTC,132
TTGCTACGTCCCAGATCTTT,138
TGTCGGAGCGGATCCTTGTC,136
CCAACTATGGCAGGATTCCA,142
CTTGGAGTAAAATCAAAGTG,134
AATCACTGCAGAGGGGTCGA,161
TATGCCCCAGGAGGGCCCTC,146
CTTGGGTAAGAGCTGACCTG,142
AGGTGTTGGGTAGCCTTGAG,175
TGTCTAACTAGCTGTCTGGC,137
ACATCTAAAGCAAACATGCA,200
ACACAAGAAAGACAATGCTG,168
TTCCACCCTCAAAAACTGCA,144
AGTCTTTCCTATTTAACTGC,177
GATAGAGACATAAGAATTCT,179
CTCATCCCCTCCTCCGGGAA,164
GAGGAGTTAGAAAGAGGAGT,160
AGTAGAAAGGAAGGGAAAAT,172
AGAGTAAGGCCTTCTGGAAG,128
TTGGGGGACAGAAGGCTTGA,130
TAAGTGGCAATGAATAGATG,119
GGTGATTGTCTGTATACTGG,241
CAGTATACAGACAATCACCC,376
GAACGCAGCAGAAATGGGCA,192
GAGGGAGTTTCAGGACAGTC,107
AGGGAAACCCACAAAGTTTC,133
TCTGAGCATGGGGAGTGGAG,136
TGCCTGTTATCCTAGCATTT,176
CTAGCATTTGGGAAGCAGAT,160
ATGGTGCGGTGGGAGGCTGG,309
GATGGTGCGGTGGGAGGCTG,310
TGCTGTCCTTTCTGATGGTG,128
GCTGGCTATGAGTATAAAAT,139
ACCCCATCACATCATTCACA,171
GAAACTCCCTGAAAAGGCAG,161
CTATGCATCACAGGATGACC,158
TTCTGCTGGGCGGGGGGGGT,105
CCAGCACCGGGAATGTGAGA,137
GATGGTCGTGAGCCACCATG,169
GGGCTGGAGAGACGGCTCAG,190
TGAGCCACCATGTGGTTGCT,143
TTGCCTACACTGAGCTGCTA,158
ATATTGTCTGACAGCTATCA,181
AAGCAGCGTTCAGTCCTTTG,159
ATAATATCATAGCTCCTAGG,146
ACTGGGAGGATCAGCCAAAA,196
TGCTTTAGTGCTGGGGTCGG,134
TGCAGGCAAAGTTTCTGTTT,137
GGCATGCGGAGGAGAGACCT,190
CCAGCCCATTACCAGACAAG,135
GGTCTCTCCTCCGCATGCCC,302
TGCAGCACTGCGACAAAGCG,146
AAAAACGGACCAACTCCTGG,155
AGGGTTTCACTATGTAGACC,125
TTACATCTCAGTAGGAATCC,163
GTTGAGTTCAGGCCAGTCTG,145
CTTCTTCAGGGGAACCAGGA,124
GGGGTTCCCAGAATGGGAAT,160
TCCTTCCCAATTCCCATTCT,128
GGCTTCCCCACCACTGGCTC,185
AAGCTGGGCTTCCCCACCAC,204
GTTGCACACATCCAAGGATC,156
CTAAGAAAGTCTAAGAGGAC,97
AACACAGAAGCCAGGGAAAG,152
TAAGAAAGTCTAAGAGGACA,102
TTGCAACTCATGGTCACCCC,125
TTTCCACCTCCACTGTGTAG,203
GAAATGGAGCAAGCCCCGTC,141
GACATAAAAAATGTGGAGGG,152
TGGGAGATCAGTCTGAATCT,92
GCTCCTACACTAACAAAAGG,197
GTTACTTCTAAACAGAAGCC,170
CAAGACCCGTGTGGTGCCAG,105
CTGCCTCTTGTCCTATTACA,158
GTCAGATGACTGGTGTGGCA,204
GCCTTGAGGTGCTAGCAATC,167
AATTCTGGCCTTTAGAATTC,119
GGAACTGACTGGTGGCTGTA,200
AAACGGCTTGTGTCTAACAA,139
AGTTTGTCTGTACCCTTCTT,187
TTTGTTTCCCAAGTGGTGAG,167
TGGGGGAAAAAAAAAGCATG,80
CCACTTGGGAAACAAACATC,163
CTGGCGCCCACAGGTGCTAG,131
GAATGAAGTCTGGGGTTGTT,176
TATGCATTGATGGTGCAGAT,140
TCATTACTGGGGGTGAAGTG,134
ACTTTAATTATACATATGTG,180
TACTGGGGGTGAAGTGGGGG,121
GGAGTTGATCCCACTGATAA,171
GGTGGGAGGGTGAGGCCCAC,159
ACGGATGGTCCAAGAATCTT,206
CATCCCTGATTATAACAGTT,166
TTTCTGAACCCAGCAGTAAA,155
CATTAGTACCTTCATGAATG,109
GCCCCCTTCAGGGGCTCCTG,58
AAGGAAGAGAAGAGAGAAAG,128
TTCCGTCCTAAACAGTGTTG,183
GCGTTCCGCATTTGGCCTAG,122
ACCAAGTTGGCTTGAATTCA,193
TAGGAGTAAAGTAGATCAAG,152
AGGGGTGTGGATGGGTGATG,178
TGTATCCAGGGGATGAGTAA,169
GAGAGCACTGGGCTCTGGAC,183
AGCCTGAGGGTAAGGCTCAA,146
TCTGGGGATAACCATTGAAA,157
CACTCACTAAAGCGGGGGGT,116
GGAACTCTGGTTCGGTCCCG,187
AGAGTTCCGCCTACAGTAGC,145
ACATTTGCACCCATACTCCG,198
AACTTGAATGTCGAGTTTGA,180
GAGTAGGCGTCCTAGGCCCT,101
AAAACCTCCCTTCAAGACCC,144
GCAGTCAGATCAGCAATTCA,172
CTGGCTCTACAAGCTGGTCA,119
CTCCAGAGGAGTCTGCAGGA,144
CATGGTCCCTATTTAACACG,134
GGAGAGCCATCTGGTTCCAT,139
GTCTGAGGGCAGCACCCCTG,131
CTTGCTTCTCCAGCAAGCAC,142
TTGACAATCAGATCCTTCTG,147
TTCATCACTCATTACCTTGC,148
TGGGTGATACAGTCATGCAC,156
TGTGGGCACAGGGCAGCTGT,140
GAAAGCTAACATGATGGATG,189
CCACCTTCGACCAGAGAACT,190
CTTGCTTGCAGAATGCAGTG,159
TACTGCTCACAAGGCCGAAC,136
TCCCTCTTTGAGCGCCCCGA,163
ATCAAGCTGGAAATTGTAGA,202
TTCCAGACACTCTCTTCAGA,156
CTTCTCTTGCCCCGGAACGC,150
GAGAAGTTAGAAATGAACCT,307
AGAAGTTAGAAATGAACCTA,133
AGAGCGTTTGCCTAGCATGC,157
CCTAGCATGCAGGAAGCCCT,178
CCCAGGGCTTCCTGCATGCT,156
AGGAAAATGGCCCTAGTCTA,175
ATGACATACAGCAATACTTC,169
GTGCCCATGGCCCTTAGACT,161
TTCTGCATCCAGAAACACCA,151
AGGGATTCTCAGAGGTCAGG,132
GCAGAAGTCAACTCAAAAAA,156
TTCCAGCCCTGCCTGGGAAG,125
CAGAATTGAAGACACCTTAG,149
AGAATTGAAGACACCTTAGG,267
GGGCAGAAGCTTGCTCCTCG,164
GAGTGCTTTATAGTTCAACA,145
CCATCTTGGCTTTGTGCCCC,164
GCCATTCCTCCAAGGGTCTG,185
TCAACCTTAGCCTAGGGGGA,157
CATCTAAAGCTAAGCCTCTG,165
TTAGCCTCAACATTCCTGGG,157
GCCCGGGATTATGATTGATA,116
AGCGGGGCGGCGGGCGAGAT,171
AAGGGTGCGACATGGGTCAG,145
GTCCTCTTAACAGAGAGACT,171
AATCCCCTGCCCTGCGGCCA,147
AGATTCAAGATTGAGTTCCA,142
TAAGGATGACGGGGGGGGGG,93
CTGCTTCAGTTCCTGCCTCC,134
TAGGGTTTGTGGTTGAGGCT,142
GATTGGGGGTGGGAAGAAGC,155
ATTGGGAGTAAAGTCTGATT,171
TATACCTGCTGGGTGTTTAG,149
CTCTAGCAGATCATCGAAGC,146
AGGCATGGGCCTGTCCACCA,153
AGGGGACAGCTGTCTCATGA,112
GAAACACATGCTTTGCAGAA,146
AGTGAGCCCAGAATTTCAGG,170
AAAGAGAAAGAGAAAGCAAG,130
TCTGGCAGGAGGCCTGGTTG,144
AGAGGCATGAGGAAGGATGG,140
CTTTCCTGGTGCGCGGGGCT,145
GTCCCTCCTATACTTGGGGG,130
CCTGAAGGTGATCCGGGATC,153
CAGGCACTGTGAGAACCAAC,98
TTCAGGATTTGCGGCTATAA,77
AGTGTGTGACATGCTCCCGA,159
CAGTGATTGCTGATGCTGGA,191
AGCATGTCACACACTATTCT,161
AACCGTCGCCCCGAGCCGCC,177
GTAATTTGGGGAATTAGACG,146
ATTTGGGGAATTAGACGTGG,164
CACTTTGTAGTGCGTGAATG,109
TACCGGTCGCAGTCTAAACA,88
CACAAAGTATTAAATGTCAC,152
TATAAAAGTCTAAAGTTTGA,102
GGAGTTGGCATTGGAGCCCA,113
GCCATCCTCAACAGAGACTT,158
CTGTCTTGCTTAGGAACATG,144
TAGTTCTCTGGCTTGCAGAG,108
GGATTCGAGGTTCTGTGACC,169
CCTAGGCTTTCATCTGGGCT,176
GTCTCCTCAGTTGAAATAAA,158
AGTACCCTTCATGTCTGCGT,228
TGTGAGTGCCGGGACTAACT,126
GACATGACTCTGAGAGAACG,147
ATCAGAGGATTCTTCTCATT,119
AGTCCAAAAACAACAACCTG,195
TCCACCCCCCCCCCAAAAAA,82
GTGTGTGTGTGTGTGTGTTG,122
GAGCCTTTGCAGTCACTAGC,141
AGATGTGAGGAAAATAGTGT,120
TGAGAACCTAAATAAACCTC,103
CTAGTCCAGCACTGGCTGGT,125
TGGACAGGGGTTGTGTTCTG,136
AAAGAAATAAATGCAAAATT,104
CTGCACATTAAAGCAGTCAA,147
ACATTAGATATTATGAAGTA,155
ATGAAAACCCAGAGCCTCTG,183
AGGAAGACAGGAAGAGTAGG,196
TCAGATGGAGAAGAAAAGAG,87
TTGACCCAGGCTATTAGTGG,151
AGGAGTTGCTGCATATAAAC,152
GTCAACGCAAAGCTCCTGAT,125
CTGATTGTAGATTCTCAGGC,128
GTCAATCACTTTAGCAGTTG,138
GGACAGGTCGGTCTTGGTTA,137
AGATGCTACCAGTGCAGCCA,145
CGGACCTCGCGGTTGTGCAC,124
GTCGAAATTATACTACAAAG,158
GCAGTGCAGGGCAGAATGAG,180
TGCCTCTGCTCTTGGTCACA,171
TGCCCTGCACTGCTTCTGCA,161
TTCAAATCCCAGCAACCACA,128
CTTTAGGTCTTGAGTCTCAG,120
GTACAAGCAGGGAAGGCCTA,156
TGGTGGCCGTTCTCTCCCTG,104
CGTTGAAGATCCTTGAGGTA,152
AACATATCGTTTCCCCATTA,180
GGGCGTTTATGGTCCTGGGG,154
TTTCTAATCTAACTGCTTTG,139
CAGGTGGGGGCAGAGATGGT,123
CTAAGAGGTCCGGGCCGTCC,90
ACCCAGAAGAGGGTCAACCT,161
GCCTCTGTTCCTCCTGACTA,198
GTGGTTTAAGCAGAGGACAC,119
GTAATTGTGACCCTGTGCAG,148
ACATAGACTTTCACAAAAAC,149
CCCATCTAAGCAAGACGTCA,186
GTGCAGGGCCTTCCCCAGCA,165
TGCTTAGATGGGCAAAGTCC,119
TGTTAACCCTGTTCACTTTG,136
TGGGCTAGGGTCAAAGAGAT,122
TTCGTCACCCTTCCCGCGGC,136
TCACAGAAAGAGACGGAGGC,115
TGCTCAATCACTCTCAACCT,134
ACACAACCTGACCATAATCA,184
TTAAGGCCCTGATTATGGTC,102
TGCTCAGCACAGCAGAGAAG,147
GAAGGAGACTGGGGCTTGAT,159
TGGATTCTTCCTCTTATTGC,68
ACCCAATATCTCCCTACAGC,171
GTGTGCCTATGATGCTGGAA,186
TGTGTGGGTTGAGAGGCTTA,145
CTGGGTTGGTAAAGTGCTTG,130
GGAGCAGGAGCGGCTAGCAA,160
GCTAGCAAGGGCAGCAGATA,149
CTGCGCCACACGGAAGGAGG,91
GTTTGCTGAATGAAGCTCAC,155
GTGCAGAGATGAGAACGCAG,111
CAGACCTGCAATGGTGGAAC,141
GAAGCCATTTGCTTTCATGT,148
TTGCACATGCTTGCGAGGAC,152
ATCCCTGCCTTGAAAGGGTC,212
GATCTAAGAGGGAAAGGAAA,119
CTTTGCAATCTTCTACAAAG,128
CGACTCTGCCTCCCTAGTGC,126
GGAGGAGGAGGAAGTGGAAA,166
TATAGTTAGTTGCAGGGATT,191
TCCTGCTTTAAAGGCGCACT,122
TGAGCCAGTCTCTGTGATTT,126
AAGCTAAGAAAACAAGGAAT,123
AGAGATGCCAAGTAGGGACC,111
GGAGGCAGAGATGCCAAGTA,165
CAGTGGAGGGATACGGGGAA,149
GCTAGAAACAGAAGGGTTAG,177
TTGTCTGTTTAATGGAAACA,97
AAGGTTCGCTGGGACCTCCT,165
GTTGAAGAAGCTTCTTTGCT,167
GATCTGGGAACTTCAGAAGG,147
AGTGTCCGACTCGCGGACCA,219
AGTCTCCAATACAAGTGAAA,157
TTGAGCTTTGGGGGATAAAG,144
CATGTGCCATCATGATGGTT,164
TCCTGGCCTAATCAAGTGCT,148
AGGGGTAGCACGTAGTGTCC,207
AACTATCTTGTCCACAGCAG,172
AAGGTGGGGTAGGACTGTCA,146
AGATGGAACTTCAGAGGGTC,147
TCTCAGAAGGTGTGTGAGAA,133
GAGATGAACAGCTCTAGCAC,98
GCTTAGGCCTTCAGTGTCTC,210
AGCTGTTCATCTCAATGCAA,129
AGTACTGAAAGGGCTATGTT,209
TTAAGAGCGGGCATGAGACC,131
TGTTCCTCGTGATTTAAGAG,112
ATTCCCAGCACCCACCCACA,237
GCAAAATAACCACACGCATT,157
CTCTGTGTGTTGTTGGAGTA,103
GCTCAGCAGGCCAGAGGCCT,135
GGGATAGAACCCAAGGCCTC,124
CCAAAAACCAACAAAAAGTC,130
GCACAGTGGCTAACACTCTG,152
TCACTGAAGCCTGGGATTAA,120
GAGGGACGGCTTGTACATGC,175
GATGACAAAAATGACCAACT,163
TGTTATAAACCCAATTGTCT,114
GTGCAACAGTTGATACTAGA,131
AGTTGCTCTCTGACCTCCAC,124
TGGTGTGAGAATGTTATCCT,165
GGGTCCCTGGGATTGAGCCC,181
GGGCACGCAAGGGAAGCGAA,158
CCTCTCTGCTCCTAGGTAAG,181
TGCGCGCGCTGCGAGCGCGC,62
GCCCTTCTTATGGTCTCCTA,183
CCCAGTTCTCACCATCCATG,162
ACCCTAGGAGACCATAAGAA,113
GCTTGCTTTACATTTCGACT,150
AGAGGTCTCCTTCATACCAC,188
AGCAAGCTTGGTAGGGTGCC,134
GCAGGCAGGTCAGGCAGGGC,113
ATCCTTGATAAGCAGTAGGA,216
TCCTTGATAAGCAGTAGGAA,199
CAAGGCTAGGATGGATCCTG,202
GACTTTCAACCGTGGGTTCC,128
AAGCAAATGGACAGAATGCA,192
CATCCGGGATTCATGGACTT,218
GTGTGCAAAGAAAGGAAGGC,96
GAAGACCCAAGACGCTCTCT,153
GACATTCTTAAGGCTTGGAA,142
GACTCCTGCCCTGAAAAGTA,149
GGGGCACTGTATGGGGAAGA,152
TCCTTGCTTGGGGATGGGAT,171
TCCCATCCCATCCCCAAGCA,146
CCACCTCTAGTGAAGCTGCC,153
CTATCTGATGGAATTTATGC,109
ATTCAGGGAGTTTCCAATTG,180
TTCTGGGTTTGAGGCCAGCC,128
ATGTCTAAAAAACATTTCAG,167
CTACAGCGTTGATAGAACAC,154
AAAACGAGGTGCGTAAGCTG,155
CTCCTGCCTCTGCTTCCTAA,121
GGGCTGTGATTTAAGTTGTG,146
CATAGCTGTTTGGCAGGGCC,116
AGAAACGTCTAGTGTAAAAG,130
GGCCAGGGAGAAACCAGAGC,141
AACGTCTAGTGTAAAAGCGG,151
TTTATTCCATATTGTTCAAC,156
GAAACAAAGCTTAGCAGGAG,187
TGGGAAACAACTTGCTCTAT,120
GGGCACCTCAGGGGAAACTG,145
TGGGGTGGGAAAGGGGAGAG,144
AACTGTGCTTCAGCTGGACC,185
TAATCTTCTTGCCTGGGGGC,114
ATCTTCTTGCCTGGGGGCGG,140
TGAGTATAATACTCTCATCT,112
CTGTGACTAGCTCAGCTCTG,151
GGGTTTCATGGATGGATGGA,130
GTTTGTTTACTTATTGAAAC,131
TGGCTATAATTCCAGCACTC,104
ATGACCTGGGTCTGGAATCA,211
AAAGAGCCGCTAATTATAGT,186
GGAAGCGGGGCAGAGGGAGG,164
AAACAGGAGTTCACATACAG,127
TCCTAGTCTATGATGGGCCT,141
AGGCCACAAAGAAAGGGGCA,120
ACTCTTAGGGCATCCTTACC,189
GTAGCTGGCCATGTGGGTGC,168
CTCTGAACTGCCGCACAGTG,95
GATGAGGAGGCTAAGACTCG,196
CTGCCCTGTCTTTCTTCAAG,211
ATTCCCTCACTAAGCTGGGC,168
ACACCCTGCCCAGCTTAGTG,167
GTCTGAATGTTTGGAAAACA,136
ACTCAGTAACCGGGTGACGT,195
GGAGAATAGTTGCTGGCACA,179
TGAATTTGTGTGACAAACAG,93
TCTGCTTGCTGAGAAGATGA,202
AGAGACCACCATCACTGAGC,202
TGGCTCACAACCATCTGTAA,124
ATAATGAGGGCTGGAGAGAT,177
GAGTGCTGGGATCAGAACTC,123
TGGAGTTCTAAGGGGGGGCG,114
GAGAGGGGAGAGGAGAGGAG,138
ATACGGAGAACATGGGTGCT,158
ATAGCTCAAAGTTAATATGC,176
TAAGGACTGTGAGATTCTAT,133
AATTGTGAAAGCTACTGCAC,180
GTACTCTTGAGGATAGATTT,117
ATAACTAGATTGCATAGTTT,220
AAGTTGCAAGCAAGAGATCC,182
CCAGTGTACTGCAGGAGGTC,164
CTGGGAGCTCCAAGAGAAGT,104
GCTCAAAGGTGTTCTGAGTT,171
GGAGGGGGCAAGTTGAGAAA,122
GAAATGGCTTCAGAGGCTGA,115
TAATCTACAAATGCCACTGA,109
CATTGAGCATGCTGTAGCCC,151
TGTGTGATTTACAGAGGGAA,148
CGTTGCAGCAAAGCAATTGC,150
AGTTTCGAGCCAATGCACAG,137
AGCCTTGGAAACTTGGTAGT,243
TTCGAAACCTAGGCCTCCTG,129
GTCCTCGAAAAACAGACAAA,139
GGCAGCGAGGAGAAAAGCCG,165
CTTTCCCATGTGTTGAACAA,165
CGCCATGCTATATGTACCTT,129
CACATGGTATCCTATACCCT,138
CCTGGGGGCTGATGGGAGCT,155
AGAAGCCATCCCTCAGTTAG,155
TCCAGAGGGACTGAGCAGCA,172
CACAAGATTAAGACAAAGGG,94
ACAGAGTGCAGGGGCTGCCT,130
CAGGCACATGGTTTCTAGTC,142
GAAGGAGTAGGGAGGGACTT,222
CATGACTTCTGAAGAAACTG,160
CTGCTGCCAACTTGGCAGAA,118
TGACGGAGAAACTTCTAGCA,121
GCAGTGATTGATTTAGCTTA,127
GCAGGGGCACTAGGTTTGGC,162
ACAGTCACTAAGTCAGTTGA,210
TTACTAGAAAACTCTCACGA,147
ACTCCTCCCTCCCCTCTTAC,144
TTAGTCCCCAGTAAGAGGGG,187
GGTCCCCCGACTCATCTAAA,148
CATCTAAAAGGGAACCCAAG,141
GCTCACTTGTCCAGGCCCAG,142
GGGCTAGGGTGGAAGCAACT,169
AGTAGGTCAGTCCAGCCTCG,171
TAGGCACATATCACAGTGCC,97
CTTGGCTCACTCTTGCTTTG,148
CTATGTAGCCCAGAATAGCA,129
TCAGCATTACACAGGGAATG,115
TCAGTTTGTGTTTGCCAGCA,151
GAGCTGTGCAGGGAATGCCA,186
GCAGAGCCTTGCCTGGGGCT,143
ATCTCCCATTTGTGATGGGA,207
AAGTGTAGCGCTGGCCTTTC,172
CACTCACATACATTCTGGCC,178
CCCAGGAGCTCTGCAGCTGC,94
TTTGTATCAGGGCAGCTTTC,159
GGGTGGTGGTGGTGTCATAT,135
CCCTGTCTCAGAGGGGGTGG,178
TTGAGATCAAAAGAGCTAGT,177
ATGGGCAGGCATTGGTGGGA,132
GATAACACATTTCCTAGATG,153
CCGGTGGGATGGAGTAAGGA,118
GCAGAAGTTTGCAAGGAGTG,190
GGATTTCGCAGAAGTTTGCA,157
ATTGCTCCATATTACAAATG,151
TTAAGTCGTGGCCATCAGAT,131
TGAAGTCACTGACCCCACAG,146
GATTCAACCCTCCACACAGG,221
GTGCACATGGAAATGACTGG,97
AAACTTTCAGATAACCACTA,126
AGGGTGCTGGCGAGATGGCT,188
GCTAGCAGGGATGAGCTAGT,249
ATGAAAGTTGGGTGGTTGGA,188
ATGGGTGGATGTGTGGGTGG,183
GGTGGGCTGGTGGATGGGAT,110
GAAACAAAGAAGTTACCCTG,175
CAGAAGGAGAGGAATAAGAA,105
GCTCGAGAATCTCCGGTGCC,212
AAAAAAAGGAAGAAAACCGG,98
CACTCCAACCGTTTCCAACT,179
TCTTTCCCTGTGAACAGTTT,142
GCAGAGGTTTGGGTGAGAAT,131
GTGAGAATGGGATTGGATAT,151
TCAAATTCAGAACTTAGTTG,129
CAGCCTCTTGCGAAGGGCGA,152
AACCACCCGATGTCACCACG,229
ACGTAGTAGCTGGGGTCCTC,146
CAGAGACAAGTGTTTCTCAG,180
ACCTAGGACTTCTGGAGACA,172
CAGGCCACGGGGACAATGAT,127
GAAAAGAAATGGCAGGCTTC,115
GCACGGAAAAACACAAAAGT,154
GTTGGACACTGCACGGACAG,185
GATACCACGTTAACATGATT,173
CCAATCCCAAAACTGCAGTA,121
CTGCGCACTCGGGACACCGA,151
CACTAGTGGAAAGTAAGATG,148
GCAAGAGTCTACGTAAGTTG,120
CGAGACCCTGTGTCTGCCGA,79
AAGTTCTTTAGTCACCCGCG,152
AGGGAGATATACACGGGCTC,124
GAAGTCTAGGGCCTCTGTGG,135
GCTAACTCTCCAATTGGGTG,159
AGAGAGTAGCAAAGACAAGT,176
GAAGCCAGGCATCCCATATT,176
GGACCAGCTGGCCTGTCTAT,153
CTCACCTCCCCAGCCTATCT,140
GAGACTAAGCCAAAAAGCAA,168
GAAATCCAACATGGAAAAAA,130
ACTGAGTCTCAGCAGGGTCT,159
TCTGCCCCCAACCCCTGTGC,129
ATACCAGACTCTTTGGAAAC,186
TCCTAACATGGGTCTCCCTC,156
GATATAGGGCACCCCCATTG,192
TGGAGCGGGCAGGAGTTTGT,126
TGTACTCAGAAGGCAGGTAC,133
TTCCCAAAAGACAGCTCTCC,150
AAAAACTGCCAATTTCTTCC,156
TCCGGCTTATTTATTCCCTG,129
TTAAAAATCCCCTAGTTAGC,131
AGTGTGTCGTGGGCTGCCAG,128
TATATTTGTGGTAGGAACGA,122
CTGTCCAGAGTGTCCTTGTC,137
AGGCATGGAGGAGAGAGAGA,209
CCCTGTGGATGACAGAAGGC,176
TAAAAGCGTTGGGAGAAGCA,123
CTGAAAGGAGCTGAAAGGAA,112
TTCACTAACTCAGCTGAGGC,184
CGTCAGATGAGAAGGGGGTT,116
AGTTCTTCTGAGTTTCCAAA,143
GAAACAGCCTCAAGGAGGTT,187
GCACTTAACTATATCACATG,151
GACGGCCAGGGTGCTGTTAG,141
GAACAGGCTCTACCAGGTCT,145
AGGCCCACCAGAAGCACACC,181
AGGCCGTGCTTACACAGCCA,141
AAGGATGTGGGGTTGGGGGG,146
TGGGGGGGGGGAGCTAGGAT,62
AGGATGTGGGGTTGGGGGGG,258
TTCAGTTTGTACACGGTTGT,178
GAGGGAGTCAGATCTCATTA,126
CCTCCTAAAACTGAATTATC,130
GATCTTGATTTGTGCCAAAA,172
GTAGGGACTGAACCCAGGCT,169
TGCCAAAATGGTAGGTACAT,105
AGACACAAAACCCAACTTCC,139
TACAGGCCTTTCAGATGCGG,126
AAGAAGAAGATGACGACAAA,101
TGGGCACACTGTATGTGCAT,108
ATTTGGACAAGCTTCTCAAA,131
CCAGGGTCTCTGTGTGGAGT,182
GGCTGCTGAGGCCTAAAAAT,147
AGGCGAATAAACCCCAGGAC,142
TTGTCTTACTGTCCATTTGT,113
TACTTAAAATCTTAGGCCTG,112
CTGGCACCCACTGGGGAAAG,107
TTAAAATCTTAGGCCTGTGG,142
CTCCTCTCTGCTGGGATCAC,130
TTAGTCTCACGCCCTGAAAA,116
ACGTTCTGACTGCGCGGCGC,166
CATTGCTGGGAATTGAACTC,170
GGAATTGAACTCAGGACCTC,158
CCCCAAAAAAGCAAAGAAAA,119
TCCCGTGAAAAGGCTCCCTA,141
TAAAAACCTTAAGCCGCGCA,78
AAAGAAACAGGTCCAGTCTT,162
TGGTAAGAATGAGAGTTGGC,157
CAAGAAGAAACTCCTATTAC,183
GTGTTATGCAGGGGTCAAGG,166
TTCTGAAAAGCCAGTGGGAA,148
TGCCTCTGGTGGTCTCTATT,117
GCTGCAAAGTTCCCGGGAAC,143
GTATCCAAAACATCACTTTA,170
TTGGATACAAGAATTGAGAC,137
GTCTTCCTTATGAAGGGAGA,161
CCACTCAAGAAAAGATACTA,147
TCAGCGACCCTCCAAACCGA,107
GAGGGAGTTGCCATGATAGG,121
GGAATACGCAATAAACTTCA,152
GGTGGTGGAATATGCTAGAG,123
TCCACAGCAGACCCTCCACT,171
GGGCTTGTTGCCTAGTTCAA,176
TTGTACAGCTATGTAAAAAG,136
GAGCAAGGGATTGGTCTGAA,141
AGGTTAATGGATGGCTTTCT,155
TTAGCCACAGAGCAAGGGAT,156
CTTTCTTAGATTATGGGGAC,144
ACTCAGATAGAAAACAGAGA,145
AGGGGTTGTGCTTGGTGATG,163
TGGTGATGGCCACACTTAGG,128
AGGGAGGATATCTTGAGTTT,117
GCCAGACCCTATCTCTCTAG,112
ATGGTCTTGGCATAAGAAAA,166
ACAGGCGTCATTTCTGAAAA,143
CCTACATCTGGAGCCCTCGT,129
AGCAGGGGACAGGGAGCATA,152
TAGATCGGCTTCACTACTCT,125
CCACGGGTCTGCACTTTACA,140
GTGGCGGGAACTCCTGGAAC,147
CGCACGCCGCTGTAAGGCTT,119
CAGACTCCCAAGCCTTACAG,111
ATTGCAAGGTCTGATCTTCC,196
GAAGGAGACCGCGTAGAATG,216
TCTGTCCCGATGCTCTGCTG,171
GAGAGTTCAGTCCAGGGCTC,174
AAGAGATACCTCATTGGTTA,182
TTTCAGTCTCAAACCGAAGA,131
GAACCACCTGATGTAGGTGC,171
GTGGTCGCAGGTGCCTATGG,180
AGTTATTGAGTAAGTCTATG,200
TTCTCACACTTCCTCACGCA,137
CACTTGTCTGGGAACTGGCG,126
CGAGATGATGGTATTAGAAG,101
GACCATCTTTAGAATCTCAA,146
CAAGTGGTGAATAAAGCTTT,110
GGAAGGCCAAGACGAGTACA,135
TTTGTCTTTACTGCCGAGTA,146
GACCCTCCAAGGAGGCCGCA,132
TGGAAGGGCCAGGTGGAGCT,120
TGGTCTCTCGGGACACTTAT,78
GACACTTATGGGACCTTTCC,154
AGAGTGTTTACACTAGGGAT,142
TCTGCCGCCTTATTAGGAAT,139
AAAGATTAGGAGCGGCATTT,168
TGTCAACACTGCCCCCTCGG,114
AGAAGTTGCTGGTGGCCCCA,118
AACCTCTATATGCTATGGAA,181
AGAGTTTGCCCAGAAGTTGC,125
TCCGGATCCTAGGAAGTCAC,158
ACTCAGGGCCAGCCCCTAAC,163
CACACCAGGCCAATTACTCG,148
TCAAGGGTATAAGTTTCAGA,140
CCAGGAGATGTGGGTTTGCC,165
TCCTGGTATTAAAATTTACC,152
GTGAGCCTTCATCTGGTTGT,160
TTTAAATACAAAACAGAGAC,153
GGATTTGAACTCCAAACCTT,150
CTTAATGACAGGCGGCTGGG,107
TTTCTTTGCGTTCCCGGAAC,176
ATGAATGCGCAAAGTCCCTG,176
TTCACTGATAATGTGAGAGG,119
CACGAAAGAACAAAAAAGAT,135
GCAAAGGGATGCATTGCCAT,144
GTCTTTATTAGGACATCCAC,159
AAAATGCAGGTGCAGGATAT,164
CTGAGCTGCAACATATCCAT,144
TTAGGAGGCATCTCTACTGT,148
GAGCAGCAGCAGGTGTTCCG,135
CGGTAGCTGAAGGCTGAGGC,120
GTGACAGGAATTTACCGTTT,132
TGACGCGTGGGGTGCGGTGA,107
GTGAACCGCAGGTCTGAGAA,161
TTTCTCCCGCTATTCTCTGA,156
GCAACTCACCATAAGTTACC,185
CAGGGCACAAGCAGCGGTCT,136
AGGGTCAGAGCACGTTCTGA,147
ACAGGGGGTGCCCCCATATC,164
GCTGAATAATCCGGATATGG,179
ATGGTTGTGAGATCCTAGAT,196
GAACAATGACAAAACTCAAC,183
GGGTCCCCCGCAAACGCAGC,129
CCCAGGACCTTTACTTTGTT,176
AGGTCCTGGGACACAGAAAC,154
ACACTTCTGAGAAAAGAAAG,139
GCAAGAGGACCACGTATTCA,177
GTAGTAGCCCAGGCTGTCTT,121
GCAAAGCTCACGGGTGATGA,190
CACAAAGGTTGGAGACCAGC,126
CTAAGAGTGTCTAGGGACTG,163
CTTGGCTCATGGCATTCTCT,187
AGGCTATGATGCCAAAGCCT,159
AGATGTGGGCCAGGCTGGAC,128
TGCCAAAGCCTTGGCCAGGA,155
CTCTTCCCAGTGACAGGAAT,0
ACTGGGAAGAGAAGACTATG,242
CAATAACAACAACTATGTGG,142
CTATGTGGAGGCTGGAGAAT,158
TAGAACTTGATATGTAGACC,108
AGAATAAGGAAGACAGACCA,112
TCAAAGTGTTTCCGGCCCTT,121
TTCTAGACCCAGGTAAGTCA,157
TAAAGTGCAGGATCCCCGGC,120
GCACTTTATCCAACACGAGT,286
ACTCGTGTTGGATAAAGTGC,286
GCCAAATTCCCACTTCTTTA,119
TAACTGTGAAGGTTAGACAC,104
AATCTTTCTAAGAAGTGAGG,153
CGAAATCTTTCTAAGAAGTG,106
CAAAGAGGAACCAGAAATAA,150
GCTTACGTCATGTGTCTCTC,213
AGGGCTAGACTGCTCACGGT,151
AGATACCACTAACTTCTGTG,143
GGAGGGGCCACTGATGAAGC,164
AACTTTAACCACCTTCATAA,110
CACCTTCATAATGGTGTTAA,115
TTCGCCTCCCCTTTGTCCTG,125
TTATTGGTAATTGACTACTG,104
GATCCTTCTAATCATTTCAT,131
GGAGGTTTAAGACAGGATCT,153
GAAGGGACTCTGTGAGTTCA,187
CCTCATTCTTCTTAGTGCTT,158
CTGGGAACGTTCCCCGCTCC,120
TCTGCTACTTCTGCTGAAGG,141
CGAAGCACTGGGAGGCAGCG,126
TCAGAGGACACTTTCTGGCT,153
ACAAGTATATCAACCAGAGC,131
AGCTCTGGTTGATATACTTG,165
TGCTTTCTGTGCTATTCATC,182
GGTGTGTCTGTGTGGTTGGT,184
TCACCACAGTGGGTGGAGGA,145
ATATATATGGCTCACCACAG,159
CATATATATCTTTGAGAGGC,102
CTTCCTGTTATGTGTCTAGC,113
GGCCTAGGAATGGATCTACT,189
GGGTGGTGACTGGGAAGAGA,122
TTGCACTCTTCATTTAAGTG,98
AGGGCTTGGAGGTAGAATTC,138
TTTCACAAAAGACAGAAGAA,124
CTGGAAACAGAAGCACAGAA,149
GTCTGAGGGCTGGAGGACCT,168
TGTTACAGAAAACGAAGACT,155
GGAACTAAAGGGCAGAGGAT,114
TGGATGACTTCATGACAGGC,121
GGTATGGGGGAGGGGGCATT,147
TTAGTATCTAAGTTGCGATT,160
TAAGCCCGAGGGGCATCATT,139
GGTGAGGTTCGGACGGAAGC,134
TAAGAGAAAGATTTGGTACA,97
TAGGCTGGATAAAAAGAAGT,133
AGCCTAATTCATCCTTACCT,144
CATGTTCATCAACTAAACTC,152
CAGAGTTTAGTTGATGAACA,142
ATGAACATATCGACTGTGCT,122
AACACATCTCAGGGGCTTTG,181
TGTGCCCCGCACAGCTCTCT,174
GGAGGTTTCACAAATGTGAG,174
TAGACCTCTGTACTCATCTC,126
AGATTATGAGGTGATTGTTG,158
GCTCTCTGCTTTGTGTGGTT,207
GCTGATTCCAGGGCTGTGGC,131
CCCCCATAGGCTCGAGTTCC,147
GAATGCTGATGCTTATGTCC,208
CTCGCAGCATCATTGTTGAG,133
ACAGCCTAGGTGCTGGCCCT,206
CTCTTACAGGCAGAGGACAG,153
AAGGGACTGGAGTCGGGGGA,151
GCAGAGGAAAGGGTGGGCGG,161
AGGAAGGAAGGAAGGAAGGA,126
ACAAATGAGAAGGGGAGAAA,183
ACGGAGACAGTAGAGAAAGA,177
AAGTGAGAGAAAGCCCAGCC,119
TGAAGCAGGGCATAAATCTG,146
ATGATGGGGAGATGATTCAG,203
TCAGGACCCTCAATCTCCTC,171
CTGAAGAGAAGGGGGGCTTG,157
ACCGGCAGAGGAGATTGTGG,209
TGGATGTCGCTCAGGATTAA,106
CTAACTGTGGTGCTGGTTTG,145
GGATTAAGGGTAGCTAACTG,149
GCAGGTGTGCGGTCCAGCCT,254
AATGGTTTACAAACATTTCT,162
GATCTGGGACAAGGCATACG,156
AGGCCACTTATTTACAGCTG,106
AGAAGTGTTTAAAGGTTGAC,118
TGCTTGTTAAAACACAGTGC,68
ATCTTGTCTTGCTGTATTAA,194
CTGGTGCCCATACTGATCCC,145
GGGACACACTACAACTGGCT,159
AGAGATCTTGTTCAGTGTTG,186
GCCAACTCCCGTCACTCCTT,179
ACTGGAGAAGTGCATCGAAG,208
CTTAAGACTGCCCATTCACC,136
AGGGTCAGGGAGAAAGCATG,103
CATCCATGGGATGTGTTCAG,176
GTAGATATAAGGAAGAGTTG,131
CATAGCTTGACTTGAGTGTG,164
AGATGATGCTCACTGCTCAT,175
CTCCATCCCATAGTCCTCTA,147
CGGTTAGAAGACGGGACACA,92
ACGGCCAAGATGGACGGCCC,164
AAAGAGGCTCATTTCAGGAG,156
TCCTAGAAGCTGTTCCTCAG,118
GAGTCTAGATGTTTAGGGTC,154
GCAGAAGAGGCAAAGCGAGC,141
GAGCAGATGTGTGAATGGAT,162
CCTCACATTTAACCGTATTT,157
AGAAAAGAAAAGAAAAGGAA,90
TTGGGGTGGTTTGTATCTGA,156
CTTAGGGAGCCATTTGCGGA,188
AAATGAAAACAGGTTTCTTT,145
TGGGCCACCATCACCAGACT,114
TGTATCTGGGAAGCAATTAA,112
AATTAATGGGATTTCGATCA,181
AGGCTTTCTCTGGGTAGCCC,132
AGCACTGGGGTGGTAGAGGC,160
TTAAAAGCCCCCAGAGGCTT,145
ACTCACTCTAGATACCAGGC,202
TTAGGGAGCCATTTGCGGAA,82
ACAAGTGTACATGTCGGTAC,206
TGCATATATACATACATTAC,83
ATGCAAACAAGTGTACATGT,174
TCCACCATAACTCAAGCACT,117
CCACAAAGTGGAGGGGAGTG,153
CTTACCAGCTGTCCCTAAGA,162
CCATACACACTGCAAGGGAG,157
CACAGTGTAAGAGGGCACAG,161
GCTATAATCCATCAAAACTC,142
AAGCCCAGACCTGATGCATT,196
AGAACCTAGACTCTCAGTGC,167
GAACCTAGACTCTCAGTGCA,147
ATTTGGGAGACAGAAGCAAG,128
TGTGTAGCCCTGGCAATCCT,124
ATAGCTAGAATTTCCAGGTC,146
GTATCTCATGCATATTCTCT,129
TTCATCACACCCCAAGTGAG,143
GGCGTGGAAGCCCCTCACTT,126
CACCGAGATCGCCCCGATCC,149
GACGGCCTGTACACCGTGTT,157
TGTAGCCAAAGAACGACCCC,152
TTATAAGAGTGTGCACTCAT,203
GGTGTGGAGTATTAGGCCAA,149
GCCATTATAGTTGGCGCTTT,155
AGCACTCAGGAGGCAGAAGC,137
GGAAAGGATGGGGCATTTGG,134
AGGGGTGAGTTGGGAGGAAG,127
TGGTTGAATCAGGGTTGTTA,108
AAAGCGAAGGGACGGTCCGT,252
AACCCGCAAAGGCGCTAGAC,148
CCTAAAATGGAGGATTTCGT,175
ACCTGGATCCCTTCTGGAAA,147
GCCCTTTCCAGAAGGGATCC,138
AGGAAGAAATCTCATTTCTA,128
GTTGTCATTCAGTGCTTTAA,164
TTACACAGGCACTGCACTTG,128
AAGTGCAGTGCCTGTGTAAT,176
ATGCGATTAAAAGTCCCTTT,168
CACCACCATTCCTTAGCTTT,159
GGCCTTGGGTGTGCCCCGAA,209
CCAGCGCTGTACCATCAGTA,150
GTGCGCTTCTTGTCATTAAA,185
GTCTGCCCTTGCCCTAAGGA,138
TGTCTGCCCTTGCCCTAAGG,171
GATAAAATGGAAAAGCAACC,144
TTACTTTGGAATCGCCTGCT,110
TTTGGAATCGCCTGCTGGGA,170
CACATGAGGAATTGTATTAA,137
ATTTCGAGGGGAGTAGGGGG,101
AAAAAGATTCCTATAGAGTA,143
ACTTTGTATGATACAGATGG,132
GAAGAGGAGGGGTAGGAAGG,150
ATGCGGGCAGAATCGACGAA,145
GGGGGGGGGGTAAATGAGCT,100
CGAGAAACTTCCTCAAGTGA,115
TGGGATGACAGGCGTCAACT,77
AAACTTCCTCAAGTGACGGG,137
GAGGGCGTACAGGACTACTG,179
TGATGGATATGGGGGTTGGG,136
GGAGGGTGGCTGTTAGCCAT,125
CCACTCTGGTTTCAAGTTCT,220
ACGAGTGGTGTCTTCCACTC,173
CAGCAGTTCTCTGGCTTGCC,128
CTTTAATCCCAGCACTCTGG,125
TACATAAGAAACGTAATTAC,80
ACTCCCTCTGTAGACCAGGC,142
AAGTAATTTCATATGAGGAT,108
AGTTAATGAGGGTGCCCAAT,157
ATTTCATATGAGGATAGGAT,154
CAAGTGACGCGAGCCTGCCC,123
GACAGACACCAGGATCCCAG,176
AGCAAGCCACTGAGCCTGTC,145
TTGCTTAGCACTGAGTGTCC,168
AGGCTGAAAGAAAAATTACA,149
GATGCTTGAAAAATACATCC,182
GACACACCAGAAGGCATTAC,155
GTCTTCAGGCACATCAGAAG,112
GTCCCAAGGGTTAGGAGCGC,132
AGGGACACCGCCGTGATATT,155
AGTGGAAGGCCAGCAGGGCT,159
CACATTGTAGAGCCAGAAAA,147
GACTGTACTGTGAGGGAGGT,313
ACTGTACTGTGAGGGAGGTG,313
AGGAAGGCACATCTCTTGTG,180
GGAGTATCATGAAACAGACT,160
AGTCTTGGCTGACCTGGAAC,204
GTCAGTCGCTAAAACCGAGA,156
AATTTAGTTTATCAAGTGTG,170
AGGACTGGCTTGGGAGGTCC,225
CTAGTGTTGGGGAGTCGGGA,103
CGTGTGGAAACTGATGCAGG,160
GTGTCTCTTCATTTCAGTAG,151
TCTTTCTGCTGACAGTAAAG,143
GGCCAGGTGCCATCGGGGGA,134
GCGAGGGTGAGTGAAAGTTG,204
GACTAGTTGTGGATTACATA,133
TGGGGACAGCCTTGATACTG,143
CTAAATGTAAAAGCTAGCCG,121
TTCTCGGAGCGTCCTATCTA,113
GTACAGCGGGAGTCCCTCTC,165
GAGAGGATGAAGATGATGAT,199
GAGATGGAGATGACTCTCAG,140
AAGGAGCTGGTGCCGCGGGG,189
CCAGATGCAACTCTTGAATA,154
CAAAACGGATTCCACAGACG,135
TGCTTTGTTCCATTCCGGGT,86
TTTCACCCGACAAAGCGCGG,175
CGTGGGTCCCCGCACGATGG,115
GCACGGCCTTCCCATTTCCT,163
TCCCTGGCCCTCCCCGATCC,144
TGGGTATCAAGTATCTGGCA,89
TCTTAACCTGACGATGAACA,167
CATCTGTCAAGGTGTCTCTT,149
AGCAGGAGCAGATAGCACGC,195
CTAAGCCGGGATTTCTGTGA,122
GGACCCGCAGCACAGCACAG,145
TTAGGGCCTAACATTTGGCA,129
AGAGCATAATTCATGGCCAT,130
GACTAGAGTACAGCCGGGCG,181
TCAGAGGCAGGTGGATTTCG,113
CCTTCAGAAGGGGCCCATCA,193
TCTCCTGTTCCAGACCATGT,178
TAGAGATGCTTCTCATAAGA,131
ATGTGAGGTGGAGACAGCAG,150
CACCGTTGTGAGTATTCACA,148
CTGAGGGTGTAGGGAATGTG,124
CCGGTCCCTCCCTTTAACCT,145
CGAGTAATCCGTTGGTAGTC,143
TGTTGCATTCTGGATGCGGA,128
AGAGTGAGAGGTTGAAACAT,113
TCTTCCCGGAACTTCGGAAA,183
TTTGAGATTTCTCGGCTGCT,126
TGGCCTTTGCCGCATCGTGC,159
ATAACGCAGGAAAGCAGGAC,188
TGGAAAAGTCCAGGGATCCG,106
CTATTCACTGTGCCTATTAA,131
AAACCAGCCTGGCACGCGCA,112
TTCAGACGTATCAGGACATG,182
GTACTTTAAGGGGAACTGGC,134
ACTAGATTAAAAGTTTAAAG,120
GAGCCAGCGTGTGCATCTGT,138
CAACTCTCCTTACCAGTCTG,133
GGGGACTACAAAAGAGTGAA,168
GGCACATATCATCAGCTACT,169
GACCTCGAACTTGGACCTGC,186
ATAGAAATGGTGCCCTGGGA,149
GTCTTAAGAATCTTTGGACC,161
CATGCTCAAGTTTGGCGGTA,151
TTTGGAACGGTTGCAAAGTG,168
GGCAGTCGGATCTCTGAGTT,137
CTTAGCATGTCTGAAATCCT,145
CTCAGAAATCCTCCTGCCTC,152
AAGGACACAAGGACCAGCCC,140
GGATGCGGCTCAAGGGTAAG,171
CAAGCAAGGGATGCGGCTCA,160
ATGCTGAGACCAGCTCTACC,187
GACAGGAACGGACAACGCAG,127
TTGGCACCTCCTAGAGCACT,184
GGACATTAACACTTAACCAA,159
AGGACATTAACACTTAACCA,132
TACGCACATAGCCTTAAGCT,127
CAGCTGCAGGGTGGATTTGC,161
GGCAGGGGGTGTCTGGAGAG,181
GCTATCTTGCTGTATCCTAT,140
TTGGAACTGATGGCGAGACG,148
CGGTGGGAGTGGGAGGTCTT,113
ATGGGTGGCTCAAGAAAATG,193
GTCTGTCTAAGGTTCAGCCT,160
CCTCACACCTAGTCTGAGGT,154
TACAACCAGCAGAGGAGCCC,83
GGTGGCAGGAAATGTTTGGC,154
TGCGTAGGCAAACTGCAAAC,128
ACAGCTTGATAGGATTTGCC,187
CTGTGTCGGAGTCTGAGGTC,127
TACTAGACACAGCAACCCTC,149
ATACTTTCCAGTCTCCAGCG,167
GGGAGTGGGGTAATAGAAGG,177
AGAGGCCTCCAGTCTGAGAG,154
TACTTTGACTAGGCCCACGT,85
AGGAGGGATGTTTCTTACAC,180
CTTACACAGGCCATGTCGTC,159
GATTCCAAGTTGGGTGGGAT,189
GCCAATTTCCCATGCTTCCT,143
CCAAGTCCCCCTAGGAAGCA,143
ACGACAGAGTTGTCGTAAGC,142
GGCTCAGGTGTGCTGAGCGA,165
CGAGCCTTCCCAGTACTACC,135
TAAGAACCAGAGACTTGCAG,129
GAAAGACCCCGGCTTCGGCG,174
CAGGGCTCTCGGAACAGGGG,119
ACGGGCGAGCTTTGCTTAGC,158
GGGCTGGTGAGATGGCTCAG,188
GACTGACTTCCAGGCAACTG,191
CAGTCCATTATTATCAAGGT,125
AGGCCTGTAATTTCAGCTCT,168
GGACAGTTCCTGGGGAGCCA,148
GTCCAGGTCCAGCTGTAGTC,140
CTGCTTAGCGCAGCGAAATG,134
TCGGGGCGGCTCACGGGAAA,100
GAACTAAGCACCAATGTCCT,132
CATGTACAAATGGGCAGATG,102
TGTACCTGTTCATGTACAAA,121
TCCCGAACGCTAGACCAGCA,158
CATCCTTCTTGGCCAAAGCC,163
TTACAAACTAGGACAAACAC,118
GCAGCGCTCCCGCAATGAAT,105
CGGACCTGCTGCGGGCCGCA,143
CTGCATACAATCAACCAACC,123
TCTTCTCATAGAGGTAACCA,170
TCTTGGGTCCAGAGCAGGGC,155
TCTGCTTGTTAACCTCTGCT,144
AATTCCTCCCAGGTGGCTGC,180
AAGATGCAGAAATGGAGAAA,105
CAGGGAGTCCAGAGGAATGA,120
AATGCTTTGGATTGAACTCA,192
ACCACACTGTTCTCCCTGAC,260
GAACAAACAGTGGTAAGATG,152
TACACTAAGGGGTTTGTGAA,141
GTCAGGCTCCTTTGGGGCTC,171
AGTCGATTTAGCACCTAGTA,120
AGAATGAGGAATGGCCATTT,175
GAAAACAAGAACAGAAGTCG,150
TTTACAGTTACTCCCCAGGA,123
AGATAAAATGAGAGGGAGAC,134
AATTTCGTCCTCCTTTGCTC,119
TTCGTCCTCCTTTGCTCTGG,92
AGCAGGCTCTGGATGCTGAA,141
TGACATCAGGCAGAGCCTCC,119
AGCGCTGGGCGTCTCCACGC,197
TGAGACTAAGAACTGCGCCT,137
AAGTGTCTTACCACTGAGTT,151
TTCAGGAGGAACTGTATTAA,130
GCGGCTGGTACTCAGTGTGG,135
ACATAGTGAAGAGGGGGAGG,155
TGAGGATTTCACTTCGGGAT,116
TAGCCCCTGCAAACCCTGGA,130
AGACAGGCGAATTTCTGAGT,105
TATAACATACAGGGTCAGCT,103
TTACTAGAAAAGCTGAGTGT,151
GCCTAGCATGCATGAGGCCC,138
CTCCAAAAGCACTAAAGGAA,131
GACCCACACACACACAACAT,148
CTAGAAGAGGAGCATTTGGC,142
AAAAAGGAAAGCGACGTTGT,144
TCTGGCGACTCCAGGTCAGT,130
ATATATGTGTATGTGAATGG,161
ATAAAAGGCTGAGCCTGGTG,157
TCACAACTCCATGCCCATAA,182
GGATGAGGAAATGAATTTGT,185
TTCAGCCAGCTCTTGAAATA,146
TGTGCTCTGTGCCTTGCCTA,164
TTGCCACCACTCTGGCAGCC,141
AGCGACCATGCCCCCTCACT,139
GAAGGCTGAGCTGAGTGTGG,174
TCTCAGGTCTTGTTACCCTT,135
CTTCTGTTTAAACTCTCAGC,158
TTCCTGCTGAACTTGCCAGC,150
ACTTGCCAGCAGGAAGAGGC,159
CACTCGTGGCTAAGGTTCTA,116
CTTCATCCATGGCAAAGGTG,155
GAAAGAAATTCCTGGATACA,157
GCTACGCCCAGTCCGCCACC,139
CCCATAGCTCCACTATAGTA,146
GTGTGGAGGGAGAGCTATTT,135
ATAGGAAGACTCAAGAAAGG,179
CTAATGTGTGCAGTAACCTC,105
GAGCCTAGAGGACAAGGTAT,176
TGAGCCACCACGTGGGCGCT,85
TGTCTGCAGCTCCAGTTCTG,147
TGACCCTTAAAAAGAAAAGT,123
GGTTGCCTAAGAGGAGACAC,185
AGAACAGCCTAAAGGCTCCT,118
ATGAGAAAATCCTGCCTGAC,203
AGGGTAGATGCAGGAATGAA,145
TGGAGAGGGCTAGTTACTTA,99
AGACATCTAGGAACCCAATC,150
GATAGAGCAGCCAGGAGGAC,168
TGTCAAGAGGTAGGAGACAT,147
ACACTTGTGTGCGGCTGAAA,203
CAGACCCAGCAGGAATATTT,114
ATGAGTAGAAACAGAGCCAA,177
TCAAGGCCCTCGCAGAGAAA,134
GAAAAGAAAGAAAAGAAAAA,91
TAGAAAAAGAGGGAGGAGCC,120
CAGGTCGGCGCCCAATCCAC,109
TGGTTTCGGGACTCGGGTCT,137
TTTCAGAGAGATGGCCCCGC,125
TTGAGAGGAGATGAAGCCAC,155
AAAAAAAAAAACTAGAAGCG,73
GCAAGGATGGAAGGCTATCG,204
GTCCTGAAACCCAGTACCAA,99
GGGTAAAACTCTCCCACCGG,122
TATTCTTACTGGGGACAAAA,120
AAGCATCTGGTGGGTTTGCT,200
CATTTCTAGGTGACTGGATC,133
GAGATTTGGTTCCCAGGTTG,187
GGCTGCAGCCCCATTCAATC,108
AAGATGTCAGGGGCAAGCTG,124
CCCGTGCTTAGTGTCCTCTT,152
TGGAGTTAATCGGTAGATTG,128
AATCATGGAAGACATAGAAA,133
GTTGGGAAGGGTTGTATAGA,140
GTGAGGAAGACAAATATACT,129
TATACTAGGCTGGGTTGGGA,104
TTTATTCTTTAGACATCTGT,123
TCGTGAGGAAGGAACAGAGA,127
CTTCTTCCCTCCCTCTCCTC,167
AATCCTCTTCTGTAGAGACC,179
ATACGAAAACGCGAACGAAG,156
TCCAGAGCTCAGAGGCAAAG,164
CTCTCCCGCCATCGTCCTCT,163
ACATCTTTCTCGAAGGTCTT,159
GGAAAAGATTCATCGAAAAG,157
CAAACAAGTGACTTGGGAGG,103
TAGATAGCAAACAACCTTCA,92
AGTATAACCAGAAAACGCAC,106
AGCATCTTCAGGGGCAGATC,117
CTAAATCTGAGAAATCCAAC,115
AGGCAGGTGGGGCTCCTCCA,128
AACAAGATATATTCTCGGTG,169
AGAAAAACAAGATATATTCT,128
ATGAGTCAGGAAGTATGTGA,180
ACAAGTCACCAATACCAGAC,191
TTTCTAAAGGTTTATGGAGG,147
TTTCTGCGCAGCTCTGGCCT,137
TCCTAATTGCTGAAGAGAAA,143
TTGAAGGCAACACGTGAGGC,120
TCAGAAAGCATAAAGGAATT,114
TGAGCACATGAATTCTGTAA,106
TCCTGGCCTCTTGAAGCACT,130
CTGCAGCTGGGTAGGTGGGT,148
TGTTGGACGTCTCGCCCGCG,143
ACAAGACAGAGCACAGCTTT,169
TTAATCTCTAGGCCTCCCCC,154
GCACAATACGATCCCTAAAT,134
TTAATAAGGGTATAAAAATG,125
TGAGTAGAGTGCAAGTACTC,123
ATTAAGTTTCTTCTATAGCC,132
GCTAAACCCGATTCAGGTCC,131
AGAAGAAACTTAATTCAGAA,118
AAGTCACCAGAAATAGTAGC,171
ACTATTTCTGGTGACTTCAG,203
GACTCAATGGACAGGAAAGC,125
GACAGGAAGAACCAGTTGAA,178
CTCAGAAAGCTTGATTAACT,170
GGCCTGAGCTCTCAGCATTC,163
TTCCAGAATGCTGAGAGCTC,161
TTTACATGATGGTGGTCAGA,173
CCCTCATAAGCAGTGCCCAC,175
CATTTGGTTGCAATACTTTC,124
GTGCCCATTTCTAAATCTTG,130
GGCGTCCCGGCTCGCGCCGG,129
AAGTCAGGGCAGCAGTTCTG,172
TCCACCTTTGGTGACCTGGT,135
ATCGGTGTTTGTATAAATTT,158
TCCAGTGAAAACGCAGTCGA,145
TGCGACAGAACTGGCCAAAG,151
CCCTTCCATCAGCTCCCCCG,139
ATACAGTGGTAAGCACTAGG,179
TGGTAAGCACTAGGAGGAAG,117
GATGCAAAATGTGTGCCGAG,186
ACTGGGGCATCCTGACCCGG,177
GGAAATGAGACGGAGGTGCG,201
AAACTTAAGTTGTCCAGAGT,146
CCCAGTAGTAAAAAAAAAGG,160
AGGGGTCAGGGGAGACCTCT,129
GGGGGACCTTGACACCACAG,161
AAGACACGAGTCAAGGCGAC,164
CTTCGGCCTTGGAACGCGGG,156
GCAGGCTGGCCTGGAACTTG,193
TTTAAACACGTTCATGGGCC,163
AGGGTCTCATTCAATAGCGC,105
AGAGACACACAGCCTGTGGT,214
GGAAAAGGGGAGCTGAAGGG,146
TTTGGAGAATCTGTTTCCAT,179
CGTGACGTCAACTCGGCCGA,149
GAAGGAGAATGCTCCTTAAG,125
GGATTTGAACTCAGGACCTT,130
TGGCTGGCGAGATAGCTAAG,127
GTCTTCAGACACCCCAGAAT,176
GGGAGCCACCATTTGGTTGC,160
TACCCTAGTAACAGCCCACC,150
CTTAAGTAATTGCCCAGTGA,141
AAAATAACAATAAAAAGGTA,109
GATCAAGCCTGCCAATACTC,158
GGCTCAGTGGTAAAGAGCAC,166
TGAGATCTGATGCCCTCTTC,105
AGCACTGGCTGCATTTCTGA,215
CTACCCTAGTAACACCCCAG,123
CCCCTCGGACAGAGATCATT,166
GATGGTTGTGAGTCACCATG,147
GTGAGTCACCATGTGGTTGC,136
TCATCCGATCTCAATACAGA,119
GATCAAGCCTGCCAGCACTC,159
TCAAGTTCCATAACAGAAGA,99
TCTATATGTTCACCCTGGAA,134
AAACTTGTACTGGGTGCACG,168
AGAATAGCCAGCTTCAGTTG,112
TACAGTCTGTCAGACATAAA,115
TTGCTATGCTGTGCTAAAAG,146
CTCAATGTCTACTCACTAAA,88
CCTAGAATCTCCACATCTAC,173
GACACAAGAAAGGCACAGGT,131
CCTCAAACACTACATTGCTC,194
ATATTCATTAAATAAAAGGG,109
GTCCATGCCAGAGTGCTGGC,135
GGCTATGCTGTGCTGAAAGG,137
TACCCTAGAAATAGCCCAGC,128
TGACCTGCTGGGCTATTTCT,140
CTGTGTTCCAACCCTCCTGA,147
GTTGTCCACCTTCAGAAGCT,156
TCAGTTCCAGGGACTCACTC,125
AAAAAAAAAAAGCGCGCGGG,110
GGGGTCGTTGCCCCTCGGGG,161
ATCCCTGAAACAGACTTGGG,207
ACATGTACATAATTAGACTT,208
AAAGTCAAAATGCCTGCTTT,131
TTTAGGCAGATAAGCAACAC,177
TAGAGCCTGGGTGGCACAAA,125
GGGTGGGACCATCTCTGGGC,135
AATTAGTGATCAAGGAGGAA,157
TGCACTGTTTAGGGCATACT,136
TCTCCCGCTGTAGAGTTACC,202
GTTCCGGGTGGGGCTAGGCA,159
GAAAAGCACAGGAAGTGAGA,127
GAAATCACATTCTTTCTCTA,120
GAGATATCTGTGAACCCCTG,130
AGGAGTAGCCATGAAACCTA,164
TCTTTGCTTAGGTGGTACAT,113
GGGAAAAACACCAGGGCCCT,154
TTAAAGTTTGTGGTTTAAGT,163
GAAGCAGAGAAGAGGCATGT,231
TTGGACCCACGAAAAAACTG,139
ATGTTCTGGAAGAGTCCTTC,165
AAGAACTGTAGAGAAAGAAC,154
GGTATACATAAAAACATCTG,153
CCTCTGCATTTCATTTCAGG,163
GTGTCTTGCCCCCAGGGTGG,159
CCCGATTCCTGCTGAGATCT,152
ACTTACTAGTTAAAAAGCCT,154
GGCAGTTTCAAAAATTGTGG,174
ATAGGAACCCCATGAAAAGT,92
CGGTGTCTACACTAGAGGAC,93
CCAAACGGTGTCTACACTAG,135
ACCTCCCTATCGCCTTCCCC,201
TCTTCATGCATACCAAAAGA,156
AAACCTATGGGCTGGATGTG,372
AAAACCTATGGGCTGGATGT,162
TACAGTCATAATCATAGGGT,118
GTGAATGGGGACACTACAGA,124
TGGGGACACTACAGATGGAG,116
CGCCAAGCACTGTATAAAAG,113
TTCTCAAATTCTGTAAAGGC,124
ACTTTGACAGAACTGTTTCC,173
AGGAGAGAGAGAGAGGGAGA,86
CGGTGTGATGTTTGGACGTC,92
GTTCTAGAATTCTCACTACA,127
CATGACTTCTGTGTAAACAC,191
TGGCAAGAGAGCTTGGGGAT,119
TATCTTTGAATTCTCAGCAC,124
AGACTCCTTTCCCTCGCGTG,187
AAGGGAAAACAGTAAGTTCC,146
GGTTGCTGGGAAATGAACTC,135
TTCTGACTTCTGTGGGCACC,171
ATACACATATGCACATATGC,161
GATCTTCTTCTGACTTCTGT,187
TTCCCAGCCCCAGGAATGGC,140
AGTCAGGGCCATGTCTTTCC,138
GAGAGAACCGGAAATTTAAA,133
GCCCCTCACTTATATAAGTT,170
CTTCAACAAGACTCCTGGCT,157
GCCAGGAGTCTTGTTGAAGC,336
AGAAGAAGAAACCCGCAAGC,151
AACCCGCAAGCGGGAGGATG,153
ATTCCCGTTCGCGAAGGACG,188
ACTCACTTTGTAGACCAGGC,155
AGGGTTTCTCTTTATAGCCC,121
ACTTGGGAGGCAGAGGCAGG,161
AGTGAGATCAAGGCCAGCCT,132
TCACAGAGCTCTGTCTAGCT,134
GGAGACTCTCAGAGTTCACC,141
ATTGCCATGAATTATTGGTC,174
GTCTCTGAAGGTCTTTGAAA,198
AGACCAATAATTCATGGCAA,122
TCTGGGGGACAGAGGTTTGG,160
TAAGGGACTCCAGAAAGGAA,130
CCTCGCCACAGCGGGAGTTG,196
CGCTGTGGCGAGGGTGCACT,153
GTGGGGACATAACAACTCCA,98
GGCCTTGGGGCCAAGAGAGA,188
TTTGGCATGTTTGAAACCCA,143
CCTTGACTTTGTCCCTCTTG,142
GCGAGGATAGGGAGACTGGT,164
GTCGTATTCACAGGACGTGA,162
AGTAAGCAAATGGGTGCTCC,177
GTCTGTGTTCATATAAGTGG,141
GGCTGCTATAGACTCAGGTC,179
TGGCTGCTATAGACTCAGGT,87
GGGCTTTGCGTAGGGCATGA,146
AAGTTAGTGCGCATAGATGT,167
TCCCTGTGAGAAATGAGTAG,163
GCTCTGACAGTCAGTCTCTT,191
ACACCCAAACCCGAGGGCAG,225
CGAGTCCCAAATCCTAGCCC,106
TAACACCTGCATGCCAGAAG,89
GGTTGCTGGGAATTGAACCC,179
CCCCAAAGGGGAAAAAGTGG,173
AAAGACAAGAGGGGAGGGTG,131
AGGCAGGTACATCACACTCT,135
AGAGAAAGTCAACCCACCCC,162
TCGTCCTGCGATGCAACAGT,134
GGATCTCCACGGAGAAAAAA,136
CACGAGGGACCGGGAGGCTG,133
TGCAATGATGCTGTGGGGGC,97
CTTTACAAACACTTCGTACA,106
AATACTATCCTGGAACAAGA,143
AATAAACAGTGAGAAGCTTG,140
CAATTAAGATCACAATATCA,76
GACTCCTAAGTCAGCGTTTA,145
TGGGAAAGTAGCTGGCAAGA,103
AAAGTAACTGAATTCACTCA,206
CTGTCCGTAACTCCAGTTCT,160
TGTATCATCATATGTATGCC,126
AACAGGTAGAAGAAGGACAT,141
ACTGCTGTAAGAGTGGCAGA,209
GTGCCATTTCTTAAGGTTGT,177
AGTTAACTGCCGAGCCGGTG,179
ATAAACTCAGGGTACAGAGG,162
TGAGATTTGTTATTGTGGGT,119
TTCCTGAGAGTTCAAAGGTT,147
TGTTGAGCCCAGCTTGGAAA,120
GGCAAGGCAGGCAGCAGCCA,172
TCGAATTGTTGAGCCCAGCT,107
TGGCATCCGTTATCCTTCTG,117
CGCGTCCTGCGGCCTTAGTC,116
TTAGTCCGGTCTGGCACCAC,156
ATGTGTAGATGATGTGGGGG,199
GTGTGTCTATTGTATGATGG,163
CGTGTGTGTGTGTGTGTTGT,114
AAAACGAGATCATTTCTAGG,128
AGTAGCTGACTTTAATGAAT,195
TAGCAAAAGCCTACAGAAAG,114
TTAGATTTCACAATAGAAAA,149
GCATGCTTTCCTAACGTGCA,194
GAATGTGGCATGGGGGGGTG,166
ACACCCTCTCCCCCTCAGCC,189
AAGCAGCGATTCCCAGGCTG,177
TTGCAGATGAAGGGGATGAA,147
GCTTCAGGCATCATAGGGAG,173
AATGAGGCTTTGAGAACACC,169
ATGTGTAACATAAACTCCCT,170
TCCCACTAACGATGAGAAAA,127
TGGTGCACATTTGGCACAGG,141
CATCGGGGGCCGGGCGGTTC,206
ACCACTGTACTGAAGGGTCT,191
GGGGGTCACCACTGTACTGA,153
TAGAGGTTCACAAGCTCATG,121
TGGAGCCAGTAGATTGGATT,133
CGTGGCTTGTCGCTTCACTG,119
TTGGGAAACATTGTGTTCTG,118
CAAGGGAGGGAAGCACAGTA,135
ATAAAGTGTGGCCAGAACTA,178
TCCTGACAGCAGCGTGAGCC,109
CCTTAACAGTCGAAAGCATC,202
TGGGATCAGATGCCCTCTTC,135
GGGTGCTGGGAAGTGAACCT,165
CCGTGTCAGGTGCTTGCACT,184
TACATTCTCTGGGGTATAAT,147
GGGTATAATCGGGCCTCTCG,125
GGAATATTACAGGGGGAGAG,99
TTGTCTAGCAAGATGGTGCA,124
GCTTTGGCTCACAGATAGCT,152
GGGGACCAGTGTCAAGGCTC,172
TGGAGTGACATTTGCTCCTA,121
AGGCAAAGGGCAAGGGAGCC,162
AGAGTGGAGGCAAAGGGCAA,119
CCTGCTACTAGGCCTTGACT,232
ACTAGAGGGTGAGTGTTGCT,140
GGCTGCTCTGCGGTCTCTTC,167
AAGGGGCGTGCTGGGGATCT,114
TTCTAACAGTATGGAGGCAA,133
CAAGAGATCTCAAGAAGCGA,146
GGAGGAAATTGGTTTCCTTT,172
TGTCGGGTGGCGCCCGCGTT,124
AGGTAGACCAGCTTCGGGGT,139
CGCGGGCGCCACCCGACACC,130
ATTAGCACTTCAGAAGTTTC,190
GGAGCAGAATGGCTGGAGCG,155
AAGAAAAGAAAGGGAGGGGA,147
GGCATGGAGTTCGGAGTTAA,149
ATTCTGTGTCAGCTGATCAT,174
TAAATTAATAGATGGATGGA,92
GACAAGGTAGTAGTACTGGG,127
AAACATGACTATGAATATCC,162
AGGAGATTGCCTGGGAGTAA,163
CATAGACAATACATGCACAT,179
ATCTTCTACAGAATAGTCAA,169
CCTGAGAGTTAACAATACCA,179
TCTCCAAGGGGAGGTGATGA,151
CAGACAGGTGACCAAGCAAG,107
CCACTCCCAAGTTAAAAGTC,122
TTTAACCCTTCAAGGGGCGA,147
CCGAGTTCAGAAACAAAAGT,132
TAAACTCCAGCAATCAAATA,88
ATTGCTGGAGTTTAAGCTGG,227
AACCAGAATTGAAGTGCTGT,135
TAGCAGGTCAGTGCCGACAG,124
CTCCTTCAGGTGTCAGGGTA,132
CTTACCCTGACACCTGAAGG,165
TCACCTGGTGGGACACCGAT,175
GTTCGAGTGAACTTTGAGGA,198
CACTCTAGCAAGTCACCTGG,176
ACTTGTTTCTCAGAGGCCTA,147
AAAACACAGATTCACACTGT,195
TCTCAGAGGCCTAAGGCTGA,169
GGCTCATCTCCACTGACAAA,129
TTTCAGTTCATAAAACTGTT,176
AGAGGAGCTGAACAGCGGTG,194
TGCTCCAGGAAATGTCTACC,114
TAGCCCAGGTAGACATTTCC,119
CTCAAATGTTTAGAGACCCT,146
GGGAGTTAAAATGGCCTTTA,153
TAAAATGGCCTTTAGGGATG,97
CAGGCAGACAGATGAACCCA,134
AACATGTTTACGGAGGGGTG,165
ACCTTGAACATGTTTACGGA,174
GACCTTGAACATGTTTACGG,375
TGGGGTCCGAGATCAGAGCC,145
CCTGATTGAGTGCGGTGATA,204
CAACTGAAAGGGATTCCTAA,139
AGTGAACCCTGACTAATACA,139
AGGGACCCAGTACCCTCTTC,186
ACTGGGTCCCTGTATTAGTC,201
TACAGATGGATGCTTAGGGA,136
GGGTGGTCAGGACCACACCC,127
GTTGTGGCCCTTTATGAGTG,189
GTAAGAGAACATCTTTAGCC,145
TGCCAGGGATGGCATTTGAT,138
CCGTGGAGTATTTCTTCTTC,122
GAAAATTGAGACAAGAGGAT,161
TCGTGAATTCCAGGCCAATC,128
GCGATCTCTATGGAGGACTG,132
GTTTCCACGTTCTGAGGGGG,147
AGAGATCACCCGACTCTGCC,183
GAGGGGGTGGAGAGGACAAG,144
CTCGGTGTACATGTCTTTGA,149
ACCCGGCCCAAAAAAAGAAT,207
GATCTCCTAGAACTTTAAAT,138
ATCGTAAGGAAATCCGCACC,218
TCTTTCAAGGCTTCAATTTG,148
CTGGCACTGCTCTAAAGCCT,139
CCCTAGTGTGGAGCGGGATG,140
CGCCGGGAAGCGTGTGCGTC,129
CTGCACGCTGTGTTCCACCA,129
AAGGTGGTCACAAGTACATG,161
CTTTAACTTAAAGAACTGAA,162
ACACTGCTCGGCAGTAGGGG,198
AAGCCACCTTCAGAGTGTGA,136
CAGCTGTTGGGTTTCACGGC,143
AGCCAGAGCACACAGTTCGA,129
CTGCCATTCCCCGCCCACTG,160
ATGCGTTATCAAGTGTTTCC,168
AGTTACAGCTTGATATCTGA,180
AAAAAGGGAAGGAGGGGGGA,150
CTGGGTGCTATTAAGGAAAA,96
GGGAGCAGTCAGGAAAGTGA,81
TGTGTATCCCTGGCTGTAGC,126
ATTCAGTTTCAGCCGAGGAG,143
TCAGAAAAACAAGAGGCGAA,138
TTCTTGGCATTTCCACTACT,116
ATTCTTTGTGTAACTTGTCG,166
GGGGTTACTCTCTGGGATCC,133
TCTCCCCCATATGGGACTTA,178
GACTAGCCACAGCAGCTTGC,156
GAGTTCCTTAAGTCCCATAT,157
CTACAGGAAAGGAAAGGGAA,91
TTCTGATAAAAGGAACAGAA,105
TATTGTCTAACCTTTGCACC,180
CAGGCCGTAGCACTCTTGAG,117
GCTTTGCTTTGTTTCTTCCT,175
AACAAAGGGGCAGCTGAGTT,181
GGAGGCTGCCATACCTTTGA,166
TGCTTCTGCCTTTCTATTAT,122
CCAGACAGTGTGCTTGGCTC,153
TCTGGTCCTGTCTAAGCACT,179
AAAGTTGGGGGTTGGGGGGG,141
TTCAGACACTCAACAGGAAA,140
CCACCACAGCCCTGGCCAGA,195
AAAAAAGCGACGTTGTCGCC,188
GCCCGGGCGGCTCACTGCAC,174
GTTGCAGGGATGGCCCCAAG,144
TCTCGTGTGCCCGGGCACTC,133
TACACTTCACTCTACACAGC,117
CAAAGAACAGCAGAGATCTG,141
TGCAGGTCTGTCTGCGGCTC,168
TTCAAAGAACAGCAGAGATC,156
AGGGGAGGGAATGTGGAGAT,173
CTGAGCTTCAGGTTCCTCCG,146
GTGAGCAACTGTAGGAGTGT,176
ACAGGGCGGAGTCAGGGCTG,162
CGTCATCCGAAGCAACCCTG,120
ATCCGCTCGTGTCCTGTCTT,204
TGCAGGTGGCATGCCCTGCC,131
AACTCCAGAGTTTGTTTCCT,158
TGTTTCCAAAGAACTCTAGT,159
TCTCGCTGGTCTCCGATTCC,140
TGTGTTGGCCTCTGACTTGG,191
CTGTGTAGCCCTGGCTGTCC,152
ACTCGGGAGGCAGAGGCAGG,166
GAGCCCTGAGACTCTAGGGA,132
TCTGAACTACGTGTAGTGAG,144
CTTCTGAACTACGTGTAGTG,178
ACTAGCTAGCTTAGCCATCC,206
TCTGTACCTGTAGAATAGCA,95
TGGGTGGCAGTAGAAGCTGC,120
CCCATCCAGGTGAGTGAGGC,145
GGCATCCATGAACTCACCGG,190
ACGGACAGGTCCACAAACTC,115
TCTTCAACAGCAGGCGGAGG,141
AGAGCAAGAGCGCGCGTGCT,160
ACTTGCGATCGGAGCACTCT,189
AGAACTCCAGGAGCTGAGGC,124
CAGGCACATTACAGCCAAAC,96
GCAGGAGGATCAAGAGCTTG,167
TGAGGGAGAGCTGGGCTGAG,123
TCTGTGGTTCATGGAGAGCT,131
AAAATAAAAATTAGGAAAGA,94
AAAATCAAGGCACAGGGAGC,149
TGATTTGGTGTATGTGTGTG,147
GGCAACACTGCCAACCCACC,151
TACACTCTGAGAGATTCCAA,109
TCCGTATGTGTCGCTGTACT,179
TTTGATGAACTGAAGAGGGC,168
TCACAGGCCTGCTAAGGTAG,160
GGCCCACATGAGCTATTGTG,212
TCGATTAAAATGCTTCTGTG,72
GGAAGAAGCAAATCTCAGGA,219
GAATATAAAACCCCAAAAGG,113
AGACTTTAAATTAGAGCCCA,145
GAGTCCCAGCATGGAGGCAT,182
ACCAGTTCACTGTTTACTTC,194
AGATCCTAGGGACAGCCCTT,159
GCAAAGAATTATTGCCAGAG,201
CTCCACCACTCCCACCTCTC,148
GGCCGGTAGAGTTGAGGTCA,128
TAAGAAGATGTCCAGCGATC,130
CCTGGTTTGCCGGAGACTGA,185
AGTGTGTGTGTGTGGGGGGG,146
ACTCCCGAGGGGAGGAGCTT,151
CACCCATTTGACCACTTGAC,127
GGAGGGACAGCAGCGGTAAA,179
TCTTCAGGTTGTGGTTATTG,162
TTGTTTGGATGCAATATTTG,169
CTGCCAGCCACTGCCACCCA,171
TGCCAGCCACTGCCACCCAA,122
GCAGCTGGGTGTTTGGCAGT,115
TCAAAAAGCAACTTTCTCCT,126
AAATTCGAGTTTGTGAAAAA,156
GGGTTCAACAATATACACAA,108
TCACACTCTTGCGGCTCCTA,132
AAGGTACTATGAGGGAAACT,147
AAGTGGACAGAGAAGTGGGC,149
CTGTCTCTCGCCCATGGGTC,149
GTGAACTGTGGCTTGTGGCT,145
TAATACAAAAAAAATTCCAA,83
TCTAACCAAATCAGTGCACC,134
AAGACCAAAGAAGCATTTGC,143
TCTTAAGGACTAGTTGCAGT,110
AGGCCCTCGTGGTACCCTAA,137
ATTAGATCTGCCTGCTTCAT,161
GGTCCGAGCAGCCCCACCTG,181
CAGGCTCCACCAGAGGACGC,111
GTTCCCAAGTGAGTTAGAAA,163
AAGAGGGAGTGTTGGAGGTC,147
TTGATGGTGATCATGGGGCT,153
TGCCGGGGAGACCATCACAG,133
CCTGATGTGTTCACACTCAT,166
TGAGGGGATGTGCAGGAACG,120
GGTCGGGAGTTCAAGATCCT,179
ACGACAGCAGATCCGAGGCA,183
GCCGCCAGGATCGTGGTCTC,193
AGGGTTTGAAAATGTCAGCC,183
GAAGTGCCACTCGGTCTCCA,135
TGGAAAGGGGCTGAGGCTGC,118
GTGGATATAGGAGCAAATGC,100
AAAAGGTAGTGTGGGGTTTA,157
AACGTCCTGCGTTTGCCCCG,198
GGCTGGCGAGGACCGGAAGG,198
GGCCGCGGTTGCCATGACGC,147
ACTGTCTGTAAGATGCCCCG,212
ACTTAAGCAACTCTGAACAA,181
CTTAAGCAACTCTGAACAAG,343
GGAGGGCTGCAGAGTTCACC,150
TGGTGCTGGGGATCAAGCCC,120
GAACAGAGTAAACAAACTAG,138
CATGCCTTAACTCCGGTCTC,167
GGTGTCTACTGCCTTGAGTG,186
GGGGTTGGGGAAAATGCACA,150
AGGAACACCCTCATAGAAGC,124
ATGGGCAGATTTACTGAATG,169
GGTGCTGCCTGCACAGTACC,175
TGGGTAGCCGAGGTTGGTGC,133
CAGACACTAAAGGTGGGGCC,159
CCTCTGTAAGCAGACACTAA,182
AAATGCCACGGGCCAGAGGG,165
GAACGAAGGCAGGGGGGTTG,189
AGCATTGTTGTGTCCAAAGA,192
GAACGTGGCCCGAGAGGTCA,189
CCAGGAGGCCAGCTGGAACG,145
AGCACCCTTTCCCATCTGTC,197
TAGCCCTCTTTGGAGAGACT,118
AGAAAACAACTTCTGACTAA,132
CATCCTTTACAAAACAAATA,159
ACCTTGAAATAGGAGCTGTA,173
GCTTTACCTAACCCGGCCAG,142
GGGTTGGTATGTAGTTTACT,134
TTTGCAGCAGTTGCCAACCT,135
TCCACCCAGAAGGTAGAGGG,180
AGAGACAGTGGTGACCTCTC,156
GCCCCTGCCTCCCAAGTGCC,157
TTGTCACTCTCAGGGCAGCT,172
TGGCTCTACACAGTGAAACA,118
GGACTGACTGCGGGACAGCC,142
AAGGCAGGGTGGGCTACACA,190
GTTAGAACAAATCTTCGTAC,112
TGCGAGTGTGCCTTGTCTTT,154
AGACGAGATCTCTGCACCCT,140
CAGAGATCTCGTCTAACCCA,196
GGTGATCACTAGGTCTCTAG,161
GCCATGTTCTGGTGATCACT,202
GGACCTGAGGCCTGAGCATC,142
AAGACCCTCTCCATTCCAAA,144
AATTAGACTGCGTAGACTAA,218
GGGCGACCTCGAGTAGAGAT,213
GTGGTTAATGATAGGAAAAG,149
GGGACAGAAGAGAGGCGGGC,159
ACAGCCATTTCTGGATACAA,161
CTTGAGCTGGCCTCTGGACG,120
GGTGGTCACAGTGTTCAGGG,145
GAGCATCCAAAGGGAATGCA,123
AGCTCCCGGTGCATGGTACT,143
GGGGATCATGAAAACTAAAC,134
AGGAATAATGCAAGTGAGAA,114
AATAGCAATGGAGGAATGGA,146
ACAAATCCCCAAATCCAAGA,125
ATGGAAGGAAAGTGTCCCAA,171
TTCTTTGATTACTGATACTG,141
ATCTGAAAGATGACCAACCA,180
ACATATTTGGGAAGAGTGGA,191
CACAAATTCAAGGTGAGCCT,146
GAAAACAAGAAACAAGTAAG,173
TCTCCCCACAGTCACACAGC,133
GGTGGTGAAGGGTGAGAGGC,209
AAAGGGGCGTGGCCTGAGAT,171
AGGCGGGGCCTAGATGGGGG,150
CCTGCTACTAAAGTTATAGG,130
TCAATAAATGACTCTGTCCA,112
ACCTTGCCTCAGAAACAAAC,188
GAGTTCCAGGCTGGCCAAGA,124
AGTTTCTAAGGTTAAAGCTA,144
TGCCTCTGCTTCCTGAGCTC,156
ACAAGGCACAGGACAGTCAG,168
GGCAGAAACAAACAAGGCAC,160
ATCACTGAAGAGGTTAGGTA,185
AGGGTCTCAGGGCATCTCCT,162
CTCCTAGGGGCAGAACCTTC,142
CTAGCCATAGTACGCCCCTC,165
ATGTGTCTGCAGATCTATCC,160
GTCCCACCCCTCAGGGTCTC,148
CGTTCCCAGTTTGCGAAGTT,146
CACAAACTAAATGAAACGCC,168
TTGAAGCAGCCTGTGACTCG,158
GAATAAGATGTGTACAGAAT,165
TGAATGGTCTGATTGAAGAG,128
CACCACTTTAGGGCTGCAGG,99
AGAGGCTGGAACTCTTCCCG,147
TTTCACTTGCTTCTAAGTGC,169
TTCTGACTCTCTGCCGTAAT,122
TTACAAGGCTGAGTCCTATC,157
GGCCGCAGGGCAGAGGGACA,138
ACCACATGTGTGCAGGTGTG,199
CGATCATATAGTGACTGGCC,123
CCAGCGGGAGGCACCCGGGC,127
CTATGAGTGTTTGGCCTGCT,298
CCAAAGAGAGTGAGTACTCT,153
CAGCAGGCCAAACACTCATA,298
TTTATCCCGGCTGGCTTAAA,160
TGGTAGAAAGGGCTAATAAA,113
ACACAGGAGCGCACACTCAC,193
GTGTTGTTGGCGCTCTGAGC,105
GTGTGGTGGTGGTGGTGGTG,125
AAAAGAGAACACATAAGAAA,131
TTTACAGCTGTGGGAAAGAA,189
AAAAATGAGCAAAAGTGGAA,155
GTGCGTGCAGATACTCTCAA,155
CAATAGTCATCAGTTGTGGC,123
AACTGATGACTATTGTGCAG,143
GAGCCTCCTGGTCCAGGGCC,147
GTCTGCAAGAGTCACTAGAG,150
CCTCAAACTCAGTCGTTCCC,193
TTTCCTGGTAAGCCAGCAAA,172
TCCCCTCTTTCTGCATCTGT,177
TGCCTACAGATGCAGAAAGA,184
TTCTACAAGCACTTGTAAAA,144
AGGGCCTACAGGGCTCTGGT,150
GTGGGTCTGGATGACGATGA,160
CAGCCCCTTGCATTTGCTTC,141
TCTGCTTGATCATGAAAACC,136
GTGTGTGTGTTTGTGTGTGG,144
AAAGTGTCTGAGACTTGTAC,150
GGAGTCACTGAGGGACTCCA,122
TGGTGGGCAGAGCCTGGTTT,113
AGATCAGAAGAGTTCTCATA,125
TACAAATGGGAATTAACTCG,126
GTGCAGGTCTGCAGCAAGAA,183
AGTGATAAGCTGCCTAACTT,148
GCCTGTAACTCCACCTCTAA,200
TCTTTGGAAGAAACTAAAAC,165
CCAGCCTTCTCCTGCAACCT,160
CCTGTACCTGATGGTGTGTG,206
ACCATCAGGTACAGGGGATG,239
