GCAAGAAGGAGAAAGACGCG,105
ATCTCTCAACAGATAGACAC,107
GCCGAGTTTGATTAGAAACC,101
GACAACACACAAATAAGCCC,79
ATTCTTGTTACTAAGAGCTA,90
GGGAAAAGTGCAGGGGGGCG,85
TGGGGAACAGTGAAGGGGGG,27
TTTCCCCACGATATGTATCC,80
TACAGGAAACCAAGCCTCCC,79
ACCGAACAGATGACACTGGG,89
CCTCGTGAAATTATTAGGGA,70
CAATCAACTGTTCACAGTCC,77
AATCCAAGCTAGGGAAAGAG,125
CATTCAGGACTACTAGATCG,93
AGACGTCGCTGCCTGCGGTC,122
CTAGGAAGAACGCCAATTCC,74
TTCTTTATCGAGCTAGGGAT,76
CAACTTTCACATAGTTTGCC,77
GGAGCTCAGAACCCCGCGCC,69
TCCACCTCAAGGATAGGGGT,95
GCAGTAAAGGAGAGGAAAGC,65
GGCGGCCCTGGCAGCAGCAA,75
TGGCCTCTCTGCGCCACCTC,77
CTAATAGCTGCCATTTCTTC,89
TGGGCCCAGTCAGAAACATC,74
TAATCGTCCTTGTGTGTATT,71
ACTGCATCTGCCCAAACAAT,84
AATGTGGTCAGAGGTGCGGC,129
CATCTTCTGTTTGGTGTCAT,103
ATCGGATACATCAGAAAATG,100
AGGGTACCCCGAAGGTGCGG,81
AAGTGGTAGGTGCTGTCGTG,84
GGGTAAGCAGTGATACTGGA,78
AAGGAACCCTGGATTATCAC,80
TACGGAGAATCAGTTGTCTC,79
CGATCAAAAACGTTCCATCC,71
ATAAGCATATACAGACTGAT,81
ATGATGCAGGACGTGTAACC,91
TGCATCATTTCACCAATCCC,77
CACGTAGAAGGAAAGTTACC,100
TAATCAGTGGTGACCATTCT,59
TGGAACTCACTTTGTAGGCC,58
ACCCTGTACCTCAGTGGGGG,118
AAAGCCTCTGGCCCCTACCC,98
CTTTCCTCACTGGGATCTGT,79
TGTGGGTGAGGTGAGACCCG,73
GTTGAGATGACTCCAAATAT,83
GCTGACTCCAAAGATAGGGA,109
TCTGATTGCATCCTTAGATA,121
TAGATGTTAGTCTCTACATG,90
CTCTGCTGTGGGTTGTGGAG,50
CAAGCTGGAAGCCGACCGTT,90
GAGCGAGGCCTGGCAGCCCA,119
ACCCTGATGCCTACCACAAT,44
CAGGGGCATTGTCACATTCC,72
AGTTCCCTCAAGTGCAGGGG,101
GATGAACCCTGTAGGACACG,102
AACTGTGTCCTTAGTGAAGT,91
TAGACCAGAAACAAAGGTTA,56
TCCTCCCTAACCTTTGGGTC,92
CCTCTGTTGGTTCTGGTGTG,81
GGCCTAGGGTTAGGGATAAG,71
AAACAAACTTGTACATATTT,99
GTGGCCAAGGGTTAGGGATT,83
CGTTGCTGAAATAGAAGGTG,61
AGCGCAGAGCCCAGACTATC,76
TGAGAGTTCTCGGTTACCCA,74
TGGCAGGAACTGGATGGGGC,58
GCCTAGGATATCAGGTTGCC,110
AAGGAAGGATGATTAAGAGT,89
CTCAAGTGTGAACTACTCTT,93
GCTCAGTTCTTGGAGTGGGC,96
TGAGAGTCTTGGGAGGATGG,59
TACCCATATATGTCACTCAA,71
ATAGGCCAAGGGTAATGTAA,73
AGGATAAACTGCGTGGCTGA,69
CATTCAAGGGCCTGACACTT,78
GAGCTGCCAGAGGACAGGTT,89
ACCCCTCACCCCGCCAGGTC,113
CACGCAGCTTAATTCCAGTC,101
TTGCTACGTCCCACATCTTT,76
TGTCGGAGCGGATCCTTGTT,98
CCAACTATGTCAGGATTCCA,66
CTTGGAGTAAAATCAAAGAG,88
AATCACTGCAGAGGGCTCGA,88
TATGCCCCAGGGGGGCCCTC,74
CTTGGGTAAGAGCTGACGTG,94
AGGTGTTGGGTACCCTTGAG,89
TGTCTAACTAGCTCTCTGGC,69
ACATCTAAAGCAAACATCCA,105
ACACAAGAAAGACAGTGCTG,103
TCCCACCCTCAAAAACTGCA,86
AGACTTTCCTATTTAACTGC,105
GATAGAGACACAAGAATTCT,74
CTCACCCCCTCCTCCGGGAA,83
GAGGAGCTAGAAAGAGGAGT,66
ATTAGAAAGGAAGGGAAAAT,91
AGAGTAAGCCCTTCTGGAAG,27
TTGGGGGACAGAAGGCTCGA,84
TAAGTGGCAATGAATAAATG,77
GGTGATTGTCTGTATATTGG,75
CAGTAGACAGACAATCACCC,63
GAACGCAGCAGAAATGGGCG,100
GAGAGAGTTTCAGGACAGTC,109
AGGGAAACCCACAATGTTTC,102
TCTGAGCATGGGGAGTGGGG,81
TGCCTGTTATTCTAGCATTT,73
CTAGCATTTGGGCAGCAGAT,72
ATGGTTCGGTGGGAGGCTGG,88
GATGGTGCGGCGGGAGGCTG,89
TGCTGTCCTTTTTGATGGTG,88
GCTGGCTGTGAGTATAAAAT,82
ACCCCTTCACATCATTCACA,91
GAAACTCCCTGAAAAGCCAG,73
CTATGCATCACAGAATGACC,54
TTCTGCCGGGCGGGGGGGGT,59
CCAGCACCGGGAATGTGAGC,109
GATGGTCGTGAGCCACCTTG,109
GGGCTGGAGAGACGACTCAG,90
TGAGCCACCACGTGGTTGCT,59
TCGCCTACACTGAGCTGCTA,91
ATATTGTCTGACAGCTATTA,99
AAGCAGCGTTCAGTCCTTTT,97
ATAATAGCATAGCTCCTAGG,90
ACTGGGAGGATAAGCCAAAA,101
TGCTTAAGTGCTGGGGTCGG,54
TGCAGGCACAGTTTCTGTTT,86
GGCATGCGGAGGAGAGATCT,95
CCAGCCCATTACCAGAAAAG,94
GGTCTCTCCTCCGCATGCTC,92
TGCAGCACCGCGACAAAGCG,82
ACAAACGGACCAACTCCTGG,91
AGGGTTTCACTATATAGACC,96
TTACATCTCAGTGGGAATCC,70
GTTAAGTTCAGGCCAGTCTG,65
CTTCTTGAGGGGAACCAGGA,79
GGGGTTCCCAGAATGAGAAT,78
TCCTTCCCAGTTCCCATTCT,60
GGCATCCCCACCACTGGCTC,111
AAGCAGGGCTTCCCCACCAC,77
GTTGCACACATCCAGGGATC,110
CTAAGAAAGTCCAAGAGGAC,86
AACACAGAAGCTAGGGAAAG,80
TAAGAAGGTCTAAGAGGACA,49
TTGCAACTCATGGTCATCCC,65
TTTCCACCTCTACTGTGTAG,67
GAAATAGAGCAAGCCCCGTC,74
GACATAAAAAATGTGGATGG,65
TGCGAGATCAGTCTGAATCT,69
GCTCGTACACTAACAAAAGG,111
GTTACTTCTAAACACAAGCC,84
CAAGACCCGTGGGGTGCCAG,68
CTGCCTATTGTCCTATTACA,87
GTCAGATCACTGGTGTGGCA,109
GCCTTGAGGTGCTCGCAATC,91
ATTTCTGGCCTTTAGAATTC,99
GGAACTGACCGGTGGCTGTA,72
AAACGGTTTGTGTCTAACAA,112
AGTTCGTCTGTACCCTTCTT,87
TTTGGTTCCCAAGTGGTGAG,81
TGGGGGAAAAAAAAAGCATC,46
CCAGTTGGGAAACAAACATC,100
CCGGCGCCCACAGGTGCTAG,76
GTATGAAGTCTGGGGTTGTT,68
TATGCATTGACGGTGCAGAT,86
TCATTACTGGGGGAGAAGTG,86
CCTTTAATTATACATATGTG,66
TACTGGGGGTGACGTGGGGG,98
GGAGTTGATGCCACTGATAA,104
GGTGGGAGGGTGAGGCCCAT,94
ACGGATGGTCCAAAAATCTT,69
CATCCCTGATTAAAACAGTT,102
TTGCTGAACCCAGCAGTAAA,112
CATTAGTACCTGCATGAATG,72
GCCCCCTTCAGTGGCTCCTG,84
AAGGAAGAGAAGAGTGAAAG,107
TTCCGTCCTATACAGTGTTG,59
GCGCTCCGCATTTGGCCTAG,74
ACAAAGTTGGCTTGAATTCA,72
TAGGAGTAAAGTAGACCAAG,68
AGGTGTGTGGATGGGTGATG,92
TGTATCCAGGGGATGAATAA,94
GAGAGCACTGGGCTCTCGAC,60
AGTCTGAGGGTAAGGCTCAA,79
TCTGGCGATAACCATTGAAA,61
CACTCACTAAAGCGGGGGGC,81
GGAACTCTGGTTTGGTCCCG,96
AGAGTTCCGCCTACGGTAGC,100
ACATTTGCACGCATACTCCG,75
AAGTTGAATGTCGAGTTTGA,104
GAGTAGGCGCCCTAGGCCCT,83
AAAACCTCCCTTCAAGACCG,112
GCAGTCAGATCAGCGATTCA,75
CTGGCTCCACAAGCTGGTCA,72
CTCCAGAGGAGTCTGGAGGA,98
CATGGTCGCTATTTAACACG,71
GGGGAGCCATCTGGTTCCAT,85
GTCTGAGGGCTGCACCCCTG,100
CTTGCTTCTCCAGGAAGCAC,91
TTGACAATCAGATCCTACTG,71
TTCATCACTCAATACCTTGC,94
CGGGTGATACAGTCATGCAC,68
TGTGGGCACAGGGCAGCCGT,67
GAAAGCTAACATGGTGGATG,106
CCACCTTCGTCCAGAGAACT,109
CTCGCTTGCAGAATGCAGTG,63
TACTGGTCACAAGGCCGAAC,83
TCCCTCGTTGAGCGCCCCGA,70
CTCAAGCTGGAAATTGTAGA,115
TTCCAGAAACTCTCTTCAGA,64
CTTCTCTTGCCCCGGATCGC,81
GAGAATTTAGAAATGAACCT,80
AGAAGTTAGAAATCAACCTA,70
AGAGCGTTTGCCTAGCATTC,74
CCTAGCATGCAGGAGGCCCT,85
CCCAGGGCTTCCTGCGTGCT,74
AGGAAAATGGACCTAGTCTA,98
ATGACATACAGCAACACTTC,87
GGGCCCATGGCCCTTAGACT,69
TTCTGTATCCAGAAACACCA,40
AGGTATTCTCAGAGGTCAGG,72
GCAGAAGTCAACTCAAAGAA,85
TTCCTGCCCTGCCTGGGAAG,73
CAGAATTGAATACACCTTAG,65
AGAATGGAAGACACCTTAGG,86
AGGCAGAAGCTTGCTCCTCG,93
GAGTGCTTTATAGTTCAATA,57
CCATCTTGGCTTTGTGCCTC,107
GCAATTCCTCCAAGGGTCTG,71
TCAACCTTAGACTAGGGGGA,88
CATCTAGAGCTAAGCCTCTG,106
GTAGCCTCAACATTCCTGGG,65
GCCCGGGATAATGATTGATA,123
AGCGGGGCGGCGGGCGGGAT,60
AAGGGTGCGACATGGGCCAG,71
GTCCTCTTAACAGAGAGACC,87
AATCCCCTGCCCTGCTGCCA,79
AGATTCAAAATTGAGTTCCA,89
TAAGGATGACGGGTGGGGGG,56
CTGCTTAAGTTCCTGCCTCC,75
TAGGGTTTGTTGTTGAGGCT,61
GATGGGGGGTGGGAAGAAGC,61
ATTGGGAGTAAAGTCGGATT,69
TATACCTGGTGGGTGTTTAG,83
CTCTAGCAAATCATCGAAGC,114
AGGCATGCGCCTGTCCACCA,86
AGGGGACAGCTGTCTCATCA,80
GAAACACATGCTTTGCCGAA,107
AGTGAGCCCAGAATTTCCGG,102
AAAGAGAAAGAGAATGCAAG,78
TCTGGCAGGAAGCCTGGTTG,101
AGAGGCATGAGGACGGATGG,87
CTTTCCTGTTGCGCGGGGCT,87
GCCCCTCCTATACTTGGGGG,120
CCTGAAGATGATCCGGGATC,129
GAGGCACTGTGAGAACCAAC,88
TTCAGGATTTGCGGCGATAA,74
ACTGTGTGACATGCTCCCGA,105
AAGTGATTGCTGATGCTGGA,97
AGCATGTCACACACCATTCT,102
AACCGTCGCCCCGGGCCGCC,71
GTAATTTGGGGAATTCGACG,82
ATTTGGGGAATTAGACGTCG,87
CACTTTGTAGTGAGTGAATG,88
TACCGGCCGCAGTCTAAACA,49
CACAAAGTGTTAAATGTCAC,65
TATCAAAGTCTAAAGTTTGA,97
GGAGTAGGCATTGGAGCCCA,89
GCCCTCCTCAACAGAGACTT,87
CTGACTTGCTTAGGAACATG,83
TAGTCCTCTGGCTTGCAGAG,71
GGATTCGAGGTTATGTGACC,99
CCCAGGCTTTCATCTGGGCT,71
GTTTCCTCAGTTGAAATAAA,88
AGTACCCTTCATGACTGCGT,120
TGTGAGTCCCGGGACTAACT,53
GACATGACTCTGAGAGAAGG,63
ATCAGAGGATGCTTCTCATT,128
AGTCCAAAAACAACAACCGG,72
TACACCCCCCCCCCAAAAAA,45
GTGTGTGTGTGTGTGTGCTG,108
GAGCCTTTGCAGCCACTAGC,63
AGATGTGAGGAAAATAGAGT,70
TGAGAACCTAACTAAACCTC,76
CTAGTCGAGCACTGGCTGGT,70
TGGACAGGGATTGTGTTCTG,85
AAAGATATAAATGCAAAATT,77
CTGCAAATTAAAGCAGTCAA,67
ACATTAGATGTTATGAAGTA,64
ATGAAAACCCAGTGCCTCTG,108
AGGAAGACAGGATGAGTAGG,110
TCAGATGGAGAAGAAATGAG,60
TTGACGCAGGCTATTAGTGG,86
AGGAGTTCCTGCATATAAAC,72
GTCAACGCAAAGCTCCTGAC,91
CTGATTGTAGATACTCAGGC,104
GTCAATGACTTTAGCAGTTG,82
GGACAGGTCGGTCTTAGTTA,83
AGATGCTACCAGTGTAGCCA,76
CGGACCTCGCGGTGGTGCAC,61
GTCGAAATTATACTACTAAG,69
GCAGTGCAGGGCAGAATGAC,74
TGCCTCTGCTCCTGGTCACA,67
TGCCCTGCGCTGCTTCTGCA,94
TTCAAATCCCAGCTACCACA,80
CTTTAGGTCTTGAGTCCCAG,92
CTACAAGCAGGGAAGGCCTA,76
TGGTGGCCGTTCGCTCCCTG,79
CGTTGAAGGTCCTTGAGGTA,95
AACATATCGCTTCCCCATTA,73
GGGGGTTTATGGTCCTGGGG,67
TTTCAAATCTAACTGCTTTG,111
CATGTGGGGGCAGAGATGGT,109
CTAAGAGGTCCGGGCCGTCT,63
ACCCAGAAGAGAGTCAACCT,89
GCCTCTATTCCTCCTGACTA,93
GTGGTTCAAGCAGAGGACAC,94
GTAATTGTGGCCCTGTGCAG,79
ACACAGACTTTCACAAAAAC,59
CCCATTTAAGCAAGACGTCA,85
GTGCCGGGCCTTCCCCAGCA,82
TGCTTAGATGGGCAAAATCC,62
TGTCAACCCTGTTCACTTTG,104
TGGGCTAGGGTCAAAGGGAT,52
TTCGTCAACCTTCCCGCGGC,49
TCACAGAAAGAGCCGGAGGC,84
TGCTCAATCAGTCTCAACCT,72
ACACAACCTGACCATAATCC,72
TTAAGGCCCTGATTATGATC,79
TGCTCAGCACAGCAGAGATG,82
GAAGGAGATTGGGGCTTGAT,71
TGCATTCTTCCTCTTATTGC,75
ACGCAATATCTCCCTACAGC,107
ATGTGCCTATGATGCTGGAA,100
TGTGTGGGTTGAGACGCTTA,77
CTGGGTTGGTAAGGTGCTTG,83
GGAGCAGGAGCGGCTATCAA,74
GCTAGCAGGGGCAGCAGATA,50
CTGCGCCACGCGGAAGGAGG,56
ATTTGCTGAATGAAGCTCAC,91
GTGCAGCGATGAGAACGCAG,95
CAGACCTTCAATGGTGGAAC,73
GAAGCCATGTGCTTTCATGT,78
TTGCACATGCCTGCGAGGAC,65
ATCCCTGCCTAGAAAGGGTC,96
GATCTAAGAGGGAAAGGGAA,94
CTTTCCAATCTTCTACAAAG,75
CGATTCTGCCTCCCTAGTGC,64
GGAGGAGGCGGAAGTGGAAA,89
TATAGTTAATTGCAGGGATT,53
TCCTGCTTTAAAGGCCCACT,77
TGGGCCAGTCTCTGTGATTT,62
AAGCTAAGAATACAAGGAAT,90
AGAGGTGCCAAGTAGGGACC,88
GGAGGCAGAGAAGCCAAGTA,85
CAGTGGAGGGATACGGGGAC,100
GCTAGAAACAGAAGGGTCAG,77
TTGTCTGTTTAATGGAAACG,70
AAGCTTCGCTGGGACCTCCT,63
GTTGAAGAAGCTTCTTCGCT,72
GATTTGGGAACTTCAGAAGG,73
AGTGTCCGACTCGCTGACCA,74
AGTCTCCAATACAAGTGGAA,104
TTGAGCTTTGGGGGGTAAAG,63
CATGTGCCATAATGATGGTT,74
TCCTGGCCTAATCAAGTGAT,91
AGGGCTAGCACGTAGTGTCC,115
AACTATCCTGTCCACAGCAG,93
AAGGTTGGGTAGGACTGTCA,99
AGATGGAACTTAAGAGGGTC,78
TCTCAGAAGGTGGGTGAGAA,67
GAGATGAACAGCTCTAGCGC,76
GCATAGGCCTTCAGTGTCTC,76
AGCAGTTCATCTCAATGCAA,119
AGTAGTGAAAGGGCTATGTT,130
TTAACAGCGGGCATGAGACC,92
TGATCCTCGTGATTTAAGAG,61
ATTCCCAGCAACCACCCACA,114
GCAAAATAACCACACGCGTT,90
CTCTGTGTGTAGTTGGAGTA,97
GCTCAGCCGGCCAGAGGCCT,87
GGGATAGAACCCCAGGCCTC,85
CCAAACACCAACAAAAAGTC,91
GTACAGTGGCTAACACTCTG,85
TCACTGAAGCGTGGGATTAA,87
GAGGGAAGGCTTGTACATGC,106
GATGACAAAAATGACAAACT,91
TGTTATAAACCCAATTATCT,60
GTGCAGCAGTTGATACTAGA,61
AGTTGCTCGCTGACCTCCAC,72
TGGTGTGAGAATGGTATCCT,68
GGGTCCCTTGGATTGAGCCC,64
GGGCACGCAAGGGAAGCGCA,113
CCTCTCTGCCCCTAGGTAAG,112
TGCGCCCGCTGCGAGCGCGC,61
GCCCTTCTAATGGTCTCCTA,110
CCGAGTTCTCACCATCCATG,111
ACCCTAGGAGACCAGAAGAA,123
GCTTGCTTTACATTTCAACT,98
AGATGTCTCCTTCATACCAC,100
ATCAAGCTTGGTAGGGTGCC,123
GCAGGCAGGTCAGGCAGGGT,86
ATCCTTGATAAGCCGTAGGA,109
GCCTTGATAAGCAGTAGGAA,97
CAAGGCTATGATGGATCCTG,81
GACGTTCAACCGTGGGTTCC,115
TAGCAAATGGACAGAATGCA,64
CTTCCGGGATTCATGGACTT,79
GTGTGCAATGAAAGGAAGGC,84
GAAGACTCAAGACGCTCTCT,98
GACATACTTAAGGCTTGGAA,56
GGCTCCTGCCCTGAAAAGTA,85
GCGGCACTGTATGGGGAAGA,65
TCTTTGCTTGGGGATGGGAT,56
TCGCATCCCATCCCCAAGCA,77
CCACCTCTATTGAAGCTGCC,100
CTATCTGATGGAATTTATGG,61
ATTCAGCGAGTTTCCAATTG,91
TTCTGGGTTTCAGGCCAGCC,76
ATGTCTAATAAACATTTCAG,79
CTACCGCGTTGATAGAACAC,80
AAAACGAGGTGCGTAAGCTA,109
CTCCTGCCTCTGCTCCCTAA,97
GGGCTATGATTTAAGTTGTG,53
CATAGCTGTTTGCCAGGGCC,88
AGAAACGTCTAGTGTAAAAA,65
GGCCTGGGAGAAACCAGAGC,86
AACGTATAGTGTAAAAGCGG,80
TTTATTACATATTGTTCAAC,62
GAAACAAAGCTTAGCAGGAT,53
TGGGAAACAACTCGCTCTAT,73
GGGCACCTCAGGGTAAACTG,91
TGGGCTGGGAAAGGGGAGAG,56
AACGGTGCTTCAGCTGGACC,113
TAATTTTCTTGCCTGGGGGC,66
ATCTTTTTGCCTGGGGGCGG,103
TGAGTATAATACTCTCATCG,56
CTGTGACTAGCGCAGCTCTG,122
GGGTTTCATGCATGGATGGA,80
GTTTGTTTACTTATTGTAAC,73
TGGCTATAATTCCAGCATTC,62
ATGACCTGGCTCTGGAATCA,95
AAAGTGCCGCTAATTATAGT,85
GGAAGCGGGTCAGAGGGAGG,69
ACACAGGAGTTCACATACAG,102
TCCTAGTCTATGATGGGCCC,80
AGGCCACATAGAAAGGGGCA,86
ACTCTTAGGTCATCCTTACC,99
GTAGCTGTCCATGTGGGTGC,97
CTCCGAACTGCCGCACAGTG,79
GATGAGGAGGCTAAGAATCG,69
CTGCACTGTCTTTCTTCAAG,57
ATTCTCTCACTAAGCTGGGC,112
ACACCCTGCCTAGCTTAGTG,93
GTCTGAATGTTTGGAAATCA,79
ACTCAGTAACCGGGGGACGT,113
GGAGAATAGTTGCTGGCACT,89
TGAATTTGTATGACAAACAG,56
CCTGCTTGCTGAGAAGATGA,125
AGAGACCACCATCACTGACC,91
TGGCTCACAACCATCTGGAA,93
ACAATGAGGGCTGGAGAGAT,84
AAGTGCTGGGATCAGAACTC,83
TGGAGTTCCAAGGGGGGGCG,109
GAGAGGGGAGAGGGGAGGAG,91
ATCCGGAGAACATGGGTGCT,94
ATAGGTCAAAGTTAATATGC,71
TAAGGACTGTGAGATTCTAG,62
AATTGTGAAAGATACTGCAC,112
GTACTCTTGAGGCTAGATTT,78
ATATCTAGATTGCATAGTTT,77
AAGTTGCAAGCAAGAGATCG,83
CCAGTGTACTGCACGAGGTC,96
CTGGGAGCCCCAAGAGAAGT,59
GCTCACAGGTGTTCTGAGTT,91
GGAGGGGGCTAGTTGAGAAA,80
GAAATGGCTTTAGAGGCTGA,83
TAATCAACAAATGCCACTGA,80
CATTGAGCATGCTGTAGTCC,78
TGTGTGATTTACAGCGGGAA,71
CGTTGCAGGAAAGCAATTGC,88
AGTTTCGAGCCAATGCATAG,71
AGCCTTGGAAACTTGGTAAT,78
TTCGAAACCTAGGCCTCATG,58
GTCCTCGAAAAACGGACAAA,81
GGCAGCGAGGAGAAAATCCG,76
CTTTCCCATGTGATGAACAA,117
CGCCATGCTATTTGTACCTT,66
CACGTGGTATCCTATACCCT,72
GCTGGGGGCTGATGGGAGCT,69
AGAAGCCATCCCTTAGTTAG,78
TCCAGAGGGACTGAGCTGCA,77
CACAAGATTAAGGCAAAGGG,74
GCAGAGTGCAGGGGCTGCCT,99
CAGGCACATGGTTTTTAGTC,65
CAAGGAGTAGGGAGGGACTT,113
CATGACTGCTGAAGAAACTG,91
CTGCTGCCAACTTGGCTGAA,91
TGACGGAGAAACTTCTAGCG,86
GCAGTGATTAATTTAGCTTA,91
GCAGGGGCACTAGGTTTGCC,131
ACAGTCACTAAGTCAGTGGA,103
TTACTAGAAAACGCTCACGA,83
ACACCTCCCTCCCCTCTTAC,122
TTAGTCCCGAGTAAGAGGGG,76
GGTCCCCCGACTCTTCTAAA,84
CATCTAAAAGGGAACCTAAG,78
ACTCACTTGTCCAGGCCCAG,96
GGGCTAGGGTGGATGCAACT,94
AGTAGGTCAGTCCAGCTTCG,130
TAGGCATATATCACAGTGCC,59
CTTGGATCACTCTTGCTTTG,63
CTATGTAGCCAAGAATAGCA,56
TCAGCATTACAGAGGGAATG,65
TCAGATTGTGTTTGCCAGCA,81
GAGCTGTGCCGGGAATGCCA,82
GCTGAGCCTTGCCTGGGGCT,65
ATCTCCCATTGGTGATGGGA,125
AAGTGTATCGCTGGCCTTTC,93
CACTCACATACATTGTGGCC,93
CCCAGGAGCTCTGCAGCTAC,84
TTTGTATCAGGGCACCTTTC,76
GGGTGGTGGTGGTGGCATAT,79
CCCTGTCTCAGAGGGTGTGG,128
TTGAGATCAAAAGAGATAGT,78
ACGGGCAGGCATTGGTGGGA,111
GATAACACCTTTCCTAGATG,103
CCGGTGGGGTGGAGTAAGGA,76
GCAGAAGTTTTCAAGGAGTG,57
GGATTTCGCAGAACTTTGCA,73
ATTGCTCCTTATTACAAATG,85
TTAAGTCGTGGCCAACAGAT,85
TGAAGTCACTGACCCCCCAG,79
GTTTCAACCCTCCACACAGG,99
GTGCACATGGAAATGGCTGG,74
AAACTTTCAGATAACCACAA,98
CGGGTGCTGGCGAGATGGCT,59
GCTAGCAGGGATCAGCTAGT,88
ATGAAAGTAGGGTGGTTGGA,102
AAGGGTGGATGTGTGGGTGG,117
GGTGGGCTGGTGGATGAGAT,80
GAAACAAAGAATTTACCCTG,50
CAGAAGGAGAGCAATAAGAA,89
GCTCGAGAATCGCCGGTGCC,114
AAAAAAAGGAAGTAAACCGG,92
CACTTCAACCGTTTCCAACT,93
CCTTTCCCTGTGAACAGTTT,62
GCAGAGGTTTGGCTGAGAAT,81
GTGAGAACGGGATTGGATAT,86
TCAAATTCAGAACTAAGTTG,70
CAGCCTCTAGCGAAGGGCGA,93
AACCACCCGATGTCACGACG,51
ACGTAGCAGCTGGGGTCCTC,70
CAGAGACAAGTGTTCCTCAG,105
ACCTAGGACTTCTGGGGACA,107
CAGGCCACGGGGATAATGAT,63
GAAAAGACATGGCAGGCTTC,95
GCACGGAAAAACACACAAGT,58
GGTGGACACTGCACGGACAG,78
GATACCACGTTACCATGATT,90
CCAATCCCACAACTGCAGTA,92
CTGCGCACTCGGGACACTGA,75
CACTAGTGGTAAGTAAGATG,87
GCAGGAGTCTACGTAAGTTG,88
CGAGACCCTGTGTATGCCGA,81
GAGTTCTTTAGTCACCCGCG,90
ACGGAGATATACACGGGCTC,66
GAAGTTTAGGGCCTCTGTGG,94
ACTAACTCTCCAATTGGGTG,80
AAAGAGTAGCAAAGACAAGT,84
GAAGCCAGGGATCCCATATT,84
GGACAAGCTGGCCTGTCTAT,90
ATCACCTCCCCAGCCTATCT,103
GAGACTAAGCCAATAAGCAA,79
GAAATCCAACATGGAAAAAC,71
ACTGAGTCTCAGTAGGGTCT,99
ACTGCCCCCAACCCCTGTGC,126
ATACCAGACTTTTTGGAAAC,98
TCCTAACATGGGTATCCCTC,79
GATAAAGGGCACCCCCATTG,66
TGGAGCGGGCAGGAGTGTGT,79
TGTGCTCAGAAGGCAGGTAC,89
TTCCCAAAAGACGGCTCTCC,88
AAAAACTGCCAATTGCTTCC,66
TCCGGCCTATTTATTCCCTG,81
TTAAAAATCCCCTAGGTAGC,85
AGCGTGTCGTGGGCTGCCAG,103
TATATTTGTGGTAGGAAAGA,84
CTGACCAGAGTGTCCTTGTC,90
AGGCATGGAGGAGTGAGAGA,92
CCCTGTGGATGACAGAAAGC,107
TAAATGCGTTGGGAGAAGCA,78
CTGAAAGGAGCTTAAAGGAA,89
TTCACTAACTGAGCTGAGGC,80
CGTCAGAAGAGAAGGGGGTT,73
AGTTCTTCTCAGTTTCCAAA,87
GAAACAGCTTCAAGGAGGTT,101
GCACATAACTATATCACATG,85
GACGGCCAGGGTGCTTTTAG,93
GAACAGGCTCTACTAGGTCT,122
AGGCCCGCCAGAAGCACACC,94
AGGCCGTGCATACACAGCCA,84
AAGGATGTGGGTTTGGGGGG,95
TGGGGGGGGGGAGTTAGGAT,36
ATGATGTGGGGTTGGGGGGG,67
TTCAGTTTTTACACGGTTGT,88
GAGGGAGTCAGATATCATTA,66
CCTCCTAAAACTGAATTAGC,131
GATCTTGATTTGTGCCAATA,70
GTAGGGACTGAGCCCAGGCT,87
TGCCAATATGGTAGGTACAT,87
AGACAGAAAACCCAACTTCC,91
GACAGGCCTTTCAGATGCGG,73
AAGAAGAAGATGACGACATA,94
TGGGCAGACTGTATGTGCAT,65
ATTTGGACAACCTTCTCAAA,88
CCCGGGTCTCTGTGTGGAGT,64
GGCTGCTGAGGCCTAAAGAT,79
AGGCGAATAAACCACAGGAC,86
TTGTCTTACTGGCCATTTGT,79
TACTTAACATCTTAGGCCTG,61
CTGGCAGCCACTGGGGAAAG,50
TTAAAAGCTTAGGCCTGTGG,75
CTCCTCTCTGCTGGGATCAT,76
TTAGTATCACGCCCTGAAAA,74
ATGTTCTGACTGCGCGGCGC,98
CATTGCTGGGAATTGACCTC,110
GGAATTGAACTCAGGACGTC,98
CCCCAAGAAAGCAAAGAAAA,75
TCCCGTGGAAAGGCTCCCTA,97
TAAAAACCTTAAGCCGCGCG,50
AAAGAAACAGGTCCAGGCTT,93
TCGTAAGAATGAGAGTTGGC,97
CAAGAAGATACTCCTATTAC,103
GTGTTATGCAGGGGCCAAGG,87
TTCTGAATAGCCAGTGGGAA,64
TGCCTCTGGTGGTCTCAATT,100
GCTGCAAAATTCCCGGGAAC,57
GTATCCAAAACAGCACTTTA,99
TTGGATACACGAATTGAGAC,67
GTCTTCGTTATGAAGGGAGA,105
CCACTCATGAAAAGATACTA,91
TCAGCGAGCCTCCAAACCGA,76
AAGGGAGTTGCCATGATAGG,74
GCAATACGCAATAAACTTCA,72
GGTGGTGGAATATGCGAGAG,77
TCCACAGCAGACCCTCCAAT,74
GGGCTTGTTGCCTAGTACAA,86
TTGTACAGCTATGTAAAAAA,95
GAGCAAGGGGTTGGTCTGAA,89
AGGTTAACGGATGGCTTTCT,104
TTAGCCACAGAGCAAGCGAT,110
CTTTCTTAGATTATAGGGAC,76
ACTCAGATAGATAACAGAGA,103
AGGGGTTCTGCTTGGTGATG,110
TGGTGATGGCCAGACTTAGG,65
AGGAAGGATATCTTGAGTTT,89
GCCAGACCCTATCTCCCTAG,98
ATGGTCTTGGCACAAGAAAA,106
ACAGGCGTCATGTCTGAAAA,110
CCTACTTCTGGAGCCCTCGT,105
AGCAGGGGACATGGAGCATA,88
TAGATCGGCTTCACTTCTCT,77
CCACGGCTCTGCACTTTACA,84
GGGGCGGGAACTCCTGGAAC,92
CGCATGCCGCTGTAAGGCTT,62
CAGACTCCCAAGCCTCACAG,104
ATTGCAAGGTCTGGTCTTCC,84
GAAGGAGACCGCGTAGTATG,103
TCTGTCCCGATGCTCTGCGG,91
GAGAGTTCAGTCCAGGGCTT,138
AAGAGATACCTCATTCGTTA,106
TTTCAGTCTCAAACAGAAGA,63
GAACCCCCTGATGTAGGTGC,114
GTGGTCGCAGGTGCTTATGG,74
AGTTATTGAGTAAGTCTAGG,86
TTCTCACACTTCCTCACTCA,63
CACTTGTCTGGGAAGTGGCG,91
CTAGATGATGGTATTAGAAG,85
GACCATCTTTAGAATCTCAT,111
CAAGTGGTGAATATAGCTTT,86
GGAAGGCCAAGTCGAGTACA,87
TTTGTCTTTACTGCCGCGTA,65
GACCCTCCAAGGAGGGCGCA,79
TGGAAGGGCCAGGTGGATCT,93
AGGTCTCTCGGGACACTTAT,62
GACACTTATGGGACCGTTCC,85
AGAGTGTTTACAATAGGGAT,79
TCTTCCGCCTTATTAGGAAT,76
AAAGATTAGGAGCGGCATGT,103
TGTCAACACTGACCCCTCGG,89
AGAAGTTGCTGGTGACCCCA,80
AACGTCTATATGCTATGGAA,87
AGAGTTTGCCCAGACGTTGC,90
TCCGGATCGTAGGAAGTCAC,96
ACTTAGGGCCAGCCCCTAAC,113
CATACCAGGCCAATTACTCG,96
TCAAGGGTATAAGTTTCGGA,86
CCAGGAGATTTGGGTTTGCC,75
TCCTGGTGTTAAAATTTACC,79
GTGAGGCTTCATCTGGTTGT,61
TTTAAATACTAAACAGAGAC,54
GGATTTGAGCTCCAAACCTT,94
CTTAATGACAGGCAGCTGGG,69
TTTCTTTGCGTTCCCGGCAC,58
ATGAATGCGCAAAGTACCTG,87
TTCACTCATAATGTGAGAGG,81
CACGAAATAACAAAAAAGAT,71
GCAATGGGATGCATTGCCAT,90
GTCTTTATTAGGATATCCAC,79
AAAATGCACGTGCAGGATAT,92
CCGAGCTGCAACATATCCAT,104
TCAGGAGGCATCTCTACTGT,87
GAGCAGCAGCAGGTCTTCCG,75
CGGTAGCTGAAGGCTGTGGC,51
GTGACAAGAATTTACCGTTT,77
TGACGAGTGGGGTGCGGTGA,74
GTGAACTGCAGGTCTGAGAA,81
TTTCTCCCGCAATTCTCTGA,68
GCAACTCACCAGAAGTTACC,109
CAGGGCACAAGCAGCGGTGT,78
AGGGTCAGAGCACGTACTGA,80
ATAGGGGGTGCCCCCATATC,62
GCTGAATAATCCAGATATGG,97
ATGGTTGTGAAATCCTAGAT,135
GAACAATGACAAAACTCTAC,97
GGGTCCCCGGCAAACGCAGC,88
CCCAGGACCTCTACTTTGTT,95
AGGTCCTGGGACAAAGAAAC,84
ACACTTTTGAGAAAAGAAAG,87
GCAAGAGGATCACGTATTCA,78
GTAGTAGCCCAGACTGTCTT,97
GGAAAGCTCACGGGTGATGA,82
CGCAAAGGTTGGAGACCAGC,66
CTAAGAGTGTCTAGGGACTT,60
CTTGCCTCATGGCATTCTCT,104
AGGCTATGATGCCAAAGCCC,73
AGATGAGGGCCAGGCTGGAC,92
TACCAAAGCCTTGGCCAGGA,73
CTCTTCCCAGTGACAGGAAC,1
ACTGGGAAGAGAAGTCTATG,84
CAATAACAACAAGTATGTGG,75
CTATGAGGAGGCTGGAGAAT,100
TAGAGCTTGATATGTAGACC,83
AGAACAAGGAAGACAGACCA,83
TTAAAGTGTTTCCGGCCCTT,73
TTCTAGACCCAGGTGAGTCA,65
TAAAGTGCAGGATCTCCGGC,68
GCACTTTATCCGACACGAGT,102
ACTCGTGTTGGCTAAAGTGC,147
GCGAAATTCCCACTTCTTTA,79
TATCTGTGAAGGTTAGACAC,78
AAGCTTTCTAAGAAGTGAGG,101
CGATATCTTTCTAAGAAGTG,57
CAAAGAGGAACCAGGAATAA,76
GCTTACGTCACGTGTCTCTC,74
AGGGCTAGACTGCGCACGGT,84
AGATACCACTAACTGCTGTG,96
GGAGGGGCCACTGATGAATC,83
AACTTTAACCACGTTCATAA,65
CACCTTCATAATGGTGTTAC,94
TTCGGCTCCCCTTTGTCCTG,77
TTTTTGGTAATTGACTACTG,86
GATCCTTGTAATCATTTCAT,97
GGAGGTTTAAGACAGGATGT,88
GAAGGGACTCTGTGCGTTCA,115
CCTCATTCTTCTTAGTGCTG,97
CTGGGAAGGTTCCCCGCTCC,112
TCCGCTACTTCTGCTGAAGG,85
CGAAGCACTGGGGGGCAGCG,64
TCAGAGGACACTTTCTGGCC,61
ACAAGTATATCAACCAGATC,83
AGCTCTGGTTGATATACTTC,102
TGCTTTCTGTGCTATACATC,98
CGTGTGTCTGTGTGGTTGGT,86
TCACCACAGTGGGTGGGGGA,77
AGATATATGGCTCACCACAG,63
CATATATATCTTTGACAGGC,56
CTGCCTGTTATGTGTCTAGC,98
GGGCTAGGAATGGATCTACT,85
GGGTCGTGACTGGGAAGAGA,84
TTGCACACTTCATTTAAGTG,77
AGGGCTTGAAGGTAGAATTC,81
TTTCACAAAAGACAGAACAA,85
CTGGAAACAGGAGCACAGAA,81
GTCTGAGGGCTGGAGGACGT,83
TTTTACAGAAAACGAAGACT,80
GGAAATAAAGGGCAGAGGAT,61
TGGATGACTTCATGAAAGGC,56
GGTATGGGGGGGGGGGCATT,30
TTAGTATCTAAGTTGCTATT,82
TAAGCCCGGGGGGCATCATT,67
GGTGGGGTTCGGACGGAAGC,76
TAAGAGAAAAATTTGGTACA,55
TAGGCTGGAGAAAAAGAAGT,44
AGACTAATTCATCCTTACCT,89
CATGTTCATCAATTAAACTC,76
CAGAGTTAAGTTGATGAACA,85
ATGAACATATCGACTGTCCT,73
AACACATCTCGGGGGCTTTG,122
TGTGGCCCGCACAGCTCTCT,67
GGAGGTTTCACAAATGTAAG,115
TAGACCTCTGTACTCACCTC,57
AGATTATGAGGTGATTGTTA,74
GCTCTCTGCTTTTTGTGGTT,93
GCTGATTGCAGGGCTGTGGC,125
CCCCCATAGGCTCGAGATCC,92
GAATGCTGATGCTTATATCC,73
CTCGCAGCATCATTGTTTAG,70
ACAGCCTAGGTGTTGGCCCT,82
GTCTTACAGGCAGAGGACAG,91
AAGGGGCTGGAGTCGGGGGA,79
GCAGAGGAAAGGGTGGCCGG,60
AGGAAGGAAGGACGGAAGGA,105
ACAAATGAGTAGGGGAGAAA,81
ACGGAGACAGTAGAGGAAGA,79
AAGTGAGAGAAAGCCCGGCC,94
TGAAGCAGGGCATAAATCGG,69
ATGATGGGGATATGATTCAG,106
TCAGGACCCGCAATCTCCTC,71
CTGAAGAGAAGGGCGGCTTG,70
ACCGGTAGAGGAGATTGTGG,107
TGGATGTCGCTCTGGATTAA,56
CTAACTGTGGTTCTGGTTTG,80
GGATTAAGGCTAGCTAACTG,88
GCAGGTGTGCGGTCCAGACT,104
AATGGTTTATAAACATTTCT,76
GATCTGGGACAACGCATACG,111
AGGCCACTCATTTACAGCTG,83
AGAACTGTTTAAAGGTTGAC,98
TGCTTGTTAAAACCCAGTGC,75
ATCTTGTCTTGCTGTATTAC,79
CTGGTGCCCACACTGATCCC,60
GTGACACACTACAACTGGCT,59
AGAGATCTGGTTCAGTGTTG,96
GCCAACTGCCGTCACTCCTT,94
AATGGAGAAGTGCATCGAAG,112
CGTAAGACTGCCCATTCACC,69
AGGGTCAAGGAGAAAGCATG,95
CATCCATGGGATGCGTTCAG,71
GTAGATATAAGGAAGAGTTT,93
CATAGCTTGACTTGCGTGTG,88
TGATGATGCTCACTGCTCAT,69
CTCCATCCCATAGTCCTCTT,87
CGGTTAGAACACGGGACACA,87
ATGGCCAAGATGGACGGCCC,110
AAAGAGGCTTATTTCAGGAG,80
TCCTAGAAGCTGTTCATCAG,79
GAGTCTAGATGTTTAGGGGC,108
GCAGAAGAGGCTAAGCGAGC,103
GAGCAGATGTGTGACTGGAT,87
CCTCACACTTAACCGTATTT,86
AGAAAAAAAAAGAAAAGGAA,66
TCGGGGTGGTTTGTATCTGA,86
CTTCGGGAGCCATTTGCGGA,68
AAGTGAAAACAGGTTTCTTT,46
TGGGCCACCCTCACCAGACT,90
TGTATCTGGGAAGCAACTAA,95
AATTAATGGAATTTCGATCA,79
AGGATTTCTCTGGGTAGCCC,93
AGCACTGGGATGGTAGAGGC,80
TTGAAAGCCCCCAGAGGCTT,90
ACTCACTCTTGATACCAGGC,81
TTCGGGAGCCATTTGCGGAA,109
ACGAGTGTACATGTCGGTAC,116
TGCATATATACATAAATTAC,44
ATGCAAACAATTGTACATGT,101
TCCACCGTAACTCAAGCACT,96
CCACAAAGTGGAGGGGAGTT,100
CTTCCCAGCTGTCCCTAAGA,91
CCATACTCACTGCAAGGGAG,85
CACAGTGTAAGAGGGCACAT,85
GCTATAATCCTTCAAAACTC,96
AAGCCCAGACATGATGCATT,121
AGAACCTAGGCTCTCAGTGC,70
GAACCTAGATTCTCAGTGCA,89
ATTTGGGAAACAGAAGCAAG,100
TGTGTAGCACTGGCAATCCT,83
ATAGCTAGAATTACCAGGTC,117
GTATCTCATGCATATTCACT,78
TTCATCACCCCCCAAGTGAG,67
GGCGTGGAAGACCCTCACTT,96
CACCGAGATCGCCGCGATCC,118
GAGGGCCTGTACACCGTGTT,84
TGTAGCCAAAGAACTACCCC,110
TTATAAGAGTGTGCACTCCT,68
GGTGTGGAGTATTTGGCCAA,85
GCCATTATAGTTGGCGCTTC,85
AGCACTCAGGAGGCAGAAGA,113
GGAAAGGATGGGGCATTTCG,76
AGGGGTCAGTTGGGAGGAAG,89
TGGTTGAAACAGGGTTGTTA,66
AAAGCGAAGGGACGTTCCGT,72
AACCCGCAAAGCCGCTAGAC,89
CCTAAAATGGAGCATTTCGT,91
ACCTGGATCCTTTCTGGAAA,85
GCCCTTGCCAGAAGGGATCC,109
AGGAAGAAATCTCATTTCCA,92
GTTGTCATTCACTGCTTTAA,90
TTACTCAGGCACTGCACTTG,63
AAGTGCAGTGCGTGTGTAAT,102
ATCCGATTAAAAGTCCCTTT,131
CAGCACCATTCCTTAGCTTT,102
GGCCTTGGGTCTGCCCCGAA,111
CCAGCGCTGTACCAGCAGTA,91
ATGCGCTTCTTGTCATTAAA,97
GTCTGCCGTTGCCCTAAGGA,86
TGTCTGCCCTTGCCCAAAGG,40
GATAAAATGAAAAAGCAACC,87
CTACTTTGGAATCGCCTGCT,77
CTTGGAATCGCCTGCTGGGA,77
CACCTGAGGAATTGTATTAA,94
CTTTCGAGGGGAGTAGGGGG,94
AAAAGGATTCCTATAGAGTA,71
ACTTTGTGTGATACAGATGG,101
GAACAGGAGGGGTAGGAAGG,104
AGGCGGGCAGAATCGACGAA,102
GGGGGGGGGGTAAAGGAGCT,36
GGAGAAACTTCCTCAAGTGA,71
TGGGATGACAGGTGTCAACT,54
AAACTTCATCAAGTGACGGG,114
GAGGGCGTACAGTACTACTG,103
GGATGGATATGGGGGTTGGG,62
GGAGGGTGGCTGTTACCCAT,113
CCACTCTGGTTTCGAGTTCT,97
ACGAGTGGTGTCTTCCAGTC,96
CAGCAGTTCTTTGGCTTGCC,55
CTTTAATCTCAGCACTCTGG,76
TACATAAGAAACGTAATTAT,73
ACTCCCGCTGTAGACCAGGC,133
AAGTAATTTCATATCAGGAT,91
AGTTAATGAGGATGCCCAAT,89
ATTTCATATGAGGATAAGAT,106
CAAGTGACGCGAGCCTGCCA,101
CACAGACACCAGGATCCCAG,93
AGCAAGCCACTGAGTCTGTC,110
TTACTTAGCACTGAGTGTCC,75
AGGCGGAAAGAAAAATTACA,65
GATGCTTGAAAAATACATCT,85
GACACACCGGAAGGCATTAC,40
GTCTTCAGTCACATCAGAAG,76
GTCCCAAGCGTTAGGAGCGC,92
AGGTACACCGCCGTGATATT,76
AGTGGAAGCCCAGCAGGGCT,100
CACATTGTAGAGCCAAAAAA,67
GACTGTGCTGTGAGGGAGGT,72
ACTGTACTGTGAGGGAGGGG,114
AGGAAGGCACATCTCTTGGG,93
GGAGTATCATAAAACAGACT,84
AGTCTCGGCTGACCTGGAAC,125
GTCAGTCGCTAAGACCGAGA,108
AATTTAGTTTACCAAGTGTG,85
AGGACTAGCTTGGGAGGTCC,84
CTAGCGTTGGGGAGTCGGGA,62
CGTGTGGAACCTGATGCAGG,62
GTGTCTCTTCATTTGAGTAG,98
ACTTTCTGCTGACAGTAAAG,91
GGCCACGTGCCATCGGGGGA,85
GCGAGGGTGACTGAAAGTTG,58
GACTAGTCGTGGATTACATA,92
TGGGGATAGCCTTGATACTG,87
GTAAATGTAAAAGCTAGCCG,87
TTCTCGGAACGTCCTATCTA,54
GTACAGCGGCAGTCCCTCTC,80
GAGAGGATCAAGATGATGAT,85
GAGATGGAAATGACTCTCAG,82
AAGGAGTTGGTGCCGCGGGG,75
CCAGATGCAACTCTTGAATT,76
CTAAACGGATTCCACAGACG,74
TGCTTTGTTCGATTCCGGGT,98
TTTCACCCGACAAAGTGCGG,78
CGTGGGTCCGCGCACGATGG,72
GCACGGCCTACCCATTTCCT,98
TCCCTTGCCCTCCCCGATCC,85
TGGGTATCATGTATCTGGCA,86
TCTTAACCTGATGATGAACA,77
CATCTGTCAAGGTTTCTCTT,68
AGCAGGAGCAGATAGCACCC,81
CTAAGCCGGGATTTCTGTTA,81
TGACCCGCAGCACAGCACAG,76
TTAGGGTCTAACATTTGGCA,76
AGAGCATAAGTCATGGCCAT,97
GACTAGAGTACAGCCGGGGG,112
GCAGAGGCAGGTGGATTTCG,77
CCCTCAGAAGGGGCCCATCA,105
TCTCCTGTTCGAGACCATGT,80
TAGAGATGCTGCTCATAAGA,78
ATCTGAGGTGGAGACAGCAG,81
TACCGTTGTGAGTATTCACA,122
CTGAGGGTGTAGGGAATGGG,50
CCGGTCCCTCCGTTTAACCT,79
CGAGTAATACGTTGGTAGTC,73
TGATGCATTCTGGATGCGGA,61
AGAGTGAGAGTTTGAAACAT,78
TCTTCCCGGAACTTCGGAAT,69
TTTGAGATGTCTCGGCTGCT,64
TGGCCTTTGCCGCATCGGGC,56
AGAACGCAGGAAAGCAGGAC,89
TGAAAAAGTCCAGGGATCCG,40
CTACTCACTGTGCCTATTAA,81
AAACCAGCCTGGCACGCGTA,63
TTAAGACGTATCAGGACATG,76
GTACCTTAAGGGGAACTGGC,88
ACGAGATTAAAAGTTTAAAG,65
GAGCCAGCGTGTGCATCGGT,106
CAACTCTCCTTAGCAGTCTG,92
GGGGACTACCAAAGAGTGAA,58
GGCACATATCATTAGCTACT,86
GAGCTCGAACTTGGACCTGC,76
ATAGACATGGTGCCCTGGGA,80
GTCTTAGGAATCTTTGGACC,90
CATGCTCGAGTTTGGCGGTA,125
TTTTGAACGGTTGCAAAGTG,83
GGCAGTCGGATCTCTGCGTT,115
CTTAGCATGCCTGAAATCCT,86
CTCAGAATTCCTCCTGCCTC,79
AGGGACACAAGGACCAGCCC,94
GGATGCGTCTCAAGGGTAAG,72
CAAGCAAGGGATACGGCTCA,80
ATGCTGAGACCAGCTCGACC,74
GACAGGTACGGACAACGCAG,100
TTGGCACCTGCTAGAGCACT,75
GGACATTAACACTTAACAAA,97
AGGACAGTAACACTTAACCA,73
TACGCACATAGCATTAAGCT,62
CAGCTGCAGGGAGGATTTGC,84
GGCAGGGGGTGTGTGGAGAG,99
GCTCTCTTGCTGTATCCTAT,78
TTGGAACTGATGGCGATACG,83
CGGTGGGAGTGCGAGGTCTT,93
ATGGGTGGCTCATGAAAATG,82
GTCTGTCCAAGGTTCAGCCT,83
CCTCACACCTAGTCTAAGGT,108
TACAACCAGCAGAGGTGCCC,78
GCTGGCAGGAAATGTTTGGC,132
TGCGTAGGCAAATTGCAAAC,61
ACTGCTTGATAGGATTTGCC,127
CTGTGTCGGAGTCTGAGATC,110
TACGAGACACAGCAACCCTC,52
ATACTTCCCAGTCTCCAGCG,80
AGGAGTGGGGTAATAGAAGG,93
AGAGTCCTCCAGTCTGAGAG,104
TACTTTGACTAGGCCCACGC,70
AGGAGCGATGTTTCTTACAC,62
CTTACCCAGGCCATGTCGTC,73
GATTCCAAGTTGGGTGCGAT,113
GCCAATCTCCCATGCTTCCT,90
CCAACTCCCCCTAGGAAGCA,93
ACGACAGAGTTGTCCTAAGC,64
GGCTCAGGTGTGCGGAGCGA,126
CGAGCCTTCCCGGTACTACC,66
TAAGAACCAGAGATTTGCAG,62
GAATGACCCCGGCTTCGGCG,76
CAGGGCTCTCGGAACAGGCG,65
ACGGGCGAGCTTTGGTTAGC,123
GGGCTGGTGAGTTGGCTCAG,76
AACTGACTTCCAGGCAACTG,124
CACTCCATTATTATCAAGGT,102
AGGCTTGTAATTTCAGCTCT,91
GGACAGTTCCTGCGGAGCCA,106
GTCCAGGTCCAGCTGTGGTC,72
CTGCTTTGCGCAGCGAAATG,74
TCGGGGCGCCTCACGGGAAA,58
GAACTAAGTACCAATGTCCT,97
GATGTACAAATGGGCAGATG,76
TGTACCTGTTTATGTACAAA,52
TCCCGAACTCTAGACCAGCA,73
CATCCTTCTTGGCCAAACCC,78
TTACAAACTAGGACAAACTC,63
GCAGCGCTCCCGCAAGGAAT,84
CGTACCTGCTGCGGGCCGCA,118
CTGCATACAAACAACCAACC,78
TCTTCTCATAGAGGTAACCG,74
TCTTGGGTACAGAGCAGGGC,77
TCAGCTTGTTAACCTCTGCT,68
AATTCCTCCCAGGTGGCTGG,107
AAGATGCAGAAATTGAGAAA,74
CAGGCAGTCCAGAGGAATGA,97
AATGGTTTGGATTGAACTCA,113
ACCACACTGTTCTCCCAGAC,102
GAACAAACAGTGGTTAGATG,108
TACACTAGGGGGTTTGTGAA,67
GTCAGGCTGCTTTGGGGCTC,73
AGTCGATTTTGCACCTAGTA,98
AGAATGAGGAATGGCCGTTT,55
GAAAACAAGAACAGAAATCG,69
TTTACTGTTACTCCCCAGGA,65
GGATAAAATGAGAGGGAGAC,84
AATTTCGTCCTCCTTTGGTC,117
TTCCTCCTCCTTTGCTCTGG,87
AGCAGGCTCTGGATGCTGAG,78
TGACATCAGGCAGAGCCTGC,83
AGCGCTGGGCGTCACCACGC,105
TGAGACTAAGAACTGCGTCT,61
AAGTGTCTTACCACCGAGTT,139
TTCAGGAGGAACTGGATTAA,77
GCGTCTGGTACTCAGTGTGG,90
ACATAGTGAAGATGGGGAGG,127
TGAGGATTTCACTTCGGGAG,83
TAGCCCCTGCAGACCCTGGA,66
AGACTGGCGAATTTCTGAGT,101
TATAACATACAAGGTCAGCT,68
TTACTTGAAAAGCTGAGTGT,95
GACTAGCATGCATGAGGCCC,77
CTCCAAAAGCCCTAAAGGAA,109
GACCCACACACACCCAACAT,113
CTAGAAGAGGCGCATTTGGC,62
AAAAAGGAAAGCGACGGTGT,94
TCTGGCGACTCCAGGTCACT,96
ATTTATGTGTATGTGAATGG,80
ATAAAAGGCTGAGCCCGGTG,112
GCACAACTCCATGCCCATAA,82
GGATGAGGAAATGAATGTGT,96
TTCAGCCAGCTCTTGAAAGA,97
TGTGCTCTGTACCTTGCCTA,79
TTGCCACCACTCTGGCCGCC,64
AGCGTCCATGCCCCCTCACT,124
GAAAGCTGAGCTGAGTGTGG,89
TCCCAGGTCTTGTTACCCTT,98
CTTCTGTTTGAACTCTCAGC,91
TTCCAGCTGAACTTGCCAGC,101
ACTTGCCAGCACGAAGAGGC,101
CACTTGTGGCTAAGGTTCTA,65
CTTCATCCATGGAAAAGGTG,86
GAAAGAAATTCCTTGATACA,77
GCTAGGCCCAGTCCGCCACC,79
TCCATAGCTCCACTATAGTA,100
GTGTGGAGGGGGAGCTATTT,72
ATAGGGAGACTCAAGAAAGG,101
CTAATGTCTGCAGTAACCTC,76
GAGCCTAGAGGACAACGTAT,95
TGAGCCACTACGTGGGCGCT,45
TGTCTGCAGCTCCAGTACTG,97
TGACCCTTAAAAAGAAAAGG,46
GGTTGCCTAAGAGGAGAGAC,93
AGAACAGACTAAAGGCTCCT,57
AGGAGAAAATCCTGCCTGAC,102
AGGGTAGGTGCAGGAATGAA,60
TGGAGAGGGCAAGTTACTTA,52
AGACCTCTAGGAACCCAATC,107
GTTAGAGCAGCCAGGAGGAC,75
TGTCAACAGGTAGGAGACAT,77
ACAGTTGTGTGCGGCTGAAA,103
CAGACCCAACAGGAATATTT,85
ATGAGTAGAAACAGAGCTAA,63
TCAAGGCCCTCGCAGAGAAC,69
GAAAAGAAAGAAAACAAAAA,61
TAGAAAAAGAGGGAGTAGCC,54
CAGGTCGGAGCCCAATCCAC,84
TGGTTTCGGGACTTGGGTCT,74
TTTCAGAGAGATGGCCTCGC,80
TGGAGAGGAGATGAAGCCAC,69
AAAAAAAAATACTAGAAGCG,53
GCAAGGCTGGAAGGCTATCG,104
GACCTGAAACCCAGTACCAA,105
GGGAAAAACTCTCCCACCGG,92
TATTCTTACTGGGGAGAAAA,83
AAACATCTGGTGGGTTTGCT,86
CATTTCTAGGTGACGGGATC,66
GAGATTTGGTTCCCAGGTCG,84
GGCTGCAGTCCCATTCAATC,86
AAGATGGCAGGGGCAAGCTG,94
CCCGTGCTTAGTGTCCTCAT,103
TGGAGTTAATCGGTTGATTG,76
AATCATGGAAGATATAGAAA,93
GTTGGGAAGGGTTGTAAAGA,69
GTGAGGCAGACAAATATACT,71
TATACTAGGATGGGTTGGGA,64
TTTATTCTTTAGACATTTGT,67
TCGTGAGGAAGGACCAGAGA,76
CTTCGTCCCTCCCTCTCCTC,81
AATCCTCTTCTGTAGAGAAC,82
ATACGAATACGCGAACGAAG,96
TCCAGACCTCAGAGGCAAAG,99
CTCTCCCGTCATCGTCCTCT,69
ACATCTTTCCCGAAGGTCTT,95
GGAAAAGATTCATCGAATAG,56
CAAACAAGTGACTTGAGAGG,82
TAGACAGCAAACAACCTTCA,74
AGTACAACCAGAAAACGCAC,100
GGCATCTTCAGGGGCAGATC,104
CTAAATCTGAGAAATCCACC,66
AGGTAGGTGGGGCTCCTCCA,71
AACAAGATATATTCTTGGTG,92
AGAAAAACGAGATATATTCT,56
ATGAGTCAGGAAGTATGAGA,117
ACAAGTGACCAATACCAGAC,125
TTTCTAAAGGTTTATGGAGA,82
TTTCTGCGCAGCTCTGGGCT,108
TCCTAAATGCTGAAGAGAAA,89
TTGAAGGCAACACATGAGGC,75
TCAGAAACCATAAAGGAATT,75
TGAGCACATGAATCCTGTAA,71
TCCTGCCCTCTTGAAGCACT,77
GTGCAGCTGGGTAGGTGGGT,73
TGTTGGACGTCTCGCCTGCG,81
ACGAGACAGAGCACAGCTTT,102
CTAATCTCTAGGCCTCCCCC,69
GCACAATGCGATCCCTAAAT,100
TTAATAAGGGCATAAAAATG,61
TAAGTAGAGTGCAAGTACTC,91
ATTAAGTGTCTTCTATAGCC,97
GCTAAGCCCGATTCAGGTCC,127
AGAAGAGACTTAATTCAGAA,85
AAGTCACGAGAAATAGTAGC,87
ACTATTTCTGGTGATTTCAG,105
TACTCAATGGACAGGAAAGC,75
GACAGGAAGAAGCAGTTGAA,79
CTCAGAAAGCTTGATTAACG,79
GGCCTGAGCTCTCAGCCTTC,95
TTCCAGAATGGTGAGAGCTC,95
TTTACATGATGGTGGTCAAA,93
CCCTCATAAGCAGTGCCCTC,95
CTTTTGGTTGCAATACTTTC,78
GTGCCCATTTCTAGATCTTG,83
GGCGTCCCGGCTCGAGCCGG,86
AAGTCAGGGCAGCAGTACTG,118
TCCACCTTCGGTGACCTGGT,67
ATCTGTGTTTGTATAAATTT,95
TTCAGTGAAAACGCAGTCGA,65
TGCGACACAACTGGCCAAAG,83
CCCTTCCAGCAGCTCCCCCG,97
ACACAGTGGTAAGCACTAGG,90
TGGTAAGCACAAGGAGGAAG,82
GATGCAAAATGTGTGCCGAC,92
ACTGGGGCATCCTGACCAGG,71
GGAGATGAGACGGAGGTGCG,93
AAACTTAAGTTGTCCAAAGT,80
CCCAGTAGTAAATAAAAAGG,69
AGGGGTCAGGTGAGACCTCT,100
GCGGGACCTTGACACCACAG,106
AAGAAACGAGTCAAGGCGAC,121
CTTCGGACTTGGAACGCGGG,108
GCAGGCTGGCCTGTAACTTG,90
TTTAAACACGCTCATGGGCC,73
AGGGTCTCATTCGATAGCGC,69
GGAGACACACAGCCTGTGGT,113
GGAAGAGGGGAGCTGAAGGG,108
TTTGGAGAATCTATTTCCAT,74
CGTCACGTCAACTCGGCCGA,70
GAAGGAGAATGCGCCTTAAG,93
GGATTTGAACTCAGGGCCTT,91
TGGCTGGCGAGATAGGTAAG,82
GTCTTCAGGCACCCCAGAAT,125
GGGAGCCACCATTTGGTTGT,83
TACCCCAGTAACAGCCCACC,87
CTTAAGTAATTGCCCAGTTA,64
AAAATAACAATAGAAAGGTA,44
GATCAAGCCTGCCAATCCTC,85
GGCTCAGTGGTAAAGATCAC,113
TGAGATCTGATGACCTCTTC,48
AGCACTGGCAGCATTTCTGA,114
GTACCCTAGTAACACCCCAG,77
CCCCGCGGACAGAGATCATT,118
GATGGGTGTGAGTCACCATG,101
GTGAGTCACCATGTGGTTGG,81
TCATCGGATCTCAATACAGA,95
GATCAAGCCTGCCAGCACCC,68
TCAAGTTCCGTAACAGAAGA,106
TCTATCTGTTCACCCTGGAA,68
AAACATGTACTGGGTGCACG,97
AGAATAGCCAGCCTCAGTTG,64
AACAGTCTGTCAGACATAAA,105
TTGCTATGCTGCGCTAAAAG,75
CTCAATGTCTATTCACTAAA,109
CCTAGAATCTCCACATCTCC,85
GAAACAAGAAAGGCACAGGT,65
CCTCAAACACCACATTGCTC,105
ACATTCATTAAATAAAAGGG,102
GTCCATGCCAGAGTGCAGGC,80
GGCTATGCTGTGCTTAAAGG,81
TCCCCTAGAAATAGCCCAGC,87
AGACCTGCTGGGCTATTTCT,108
CTGTGTTCCAACCCTCCTTA,83
GTTGCCCACCTTCAGAAGCT,93
TCAGTTCCAGGGACTAACTC,74
AAAAAAACAAAGCGCGCGGG,67
GGGATCGTTGCCCCTCGGGG,78
ATCCCCGAAACAGACTTGGG,122
ACATGTACATAATGAGACTT,80
AAAGTCAAAATACCTGCTTT,108
TTTCGGCAGATAAGCAACAC,90
TAGAGCCTGAGTGGCACAAA,55
GGGTGGGTCCATCTCTGGGC,77
AATTAGTGGTCAAGGAGGAA,65
TGCACTGTTCAGGGCATACT,103
TCTCCCGCTGTAGAGTTACT,88
GTTCCGGGTGGCGCTAGGCA,99
GAAAAGCACGGGAAGTGAGA,72
GAATTCACATTCTTTCTCTA,84
GAGATATCTGTGAAGCCCTG,84
AGAAGTAGCCATGAAACCTA,98
TCTTTGCTTAGGTGGTACAG,76
GGGAATAACACCAGGGCCCT,78
TTGAAGTTTGTGGTTTAAGT,74
GAAGCAGAGAAGGGGCATGT,113
TTGGACCCACGAAAGAACTG,45
ATGTTCTGGAAGAGTCCGTC,128
AGGAACTGTAGAGAAAGAAC,79
GGTGTACATAAAAACATCTG,75
CCTCTGCATTTCATATCAGG,64
GTGTCATGCCCCCAGGGTGG,60
CCCGATTCCTGCTGAGATCA,95
ACTTACTAGTAAAAAAGCCT,113
GGCAGTTTCGAAAATTGTGG,93
ATAGGAACCCCAAGAAAAGT,74
CGGTGTCTACACTAGAAGAC,75
CCTAACGGTGTCTACACTAG,86
ACCTCCCTATCGACTTCCCC,128
GCTTCATGCATACCAAAAGA,64
AAACCTATGGGCTGAATGTG,114
AAAACCTATGCGCTGGATGT,86
TACAGTCATAATCGTAGGGT,59
ATGAATGGGGACACTACAGA,83
TGGGGTCACTACAGATGGAG,73
CGCCAAGCTCTGTATAAAAG,62
TTCTGAAATTCTGTAAAGGC,54
ACTTTGACAGAAATGTTTCC,80
AGGAGAGAGAGAGAGGAAGA,87
TGGTGTGATGTTTGGACGTC,71
GTTCTAGCATTCTCACTACA,76
CATGACTCCTGTGTAAACAC,83
TGGCAAGAGAGGTTGGGGAT,55
TATCGTTGAATTCTCAGCAC,74
AGACTCCTTTCCCTCGGGTG,64
AAGGGAAAACATTAAGTTCC,84
GGTTACTGGGAAATGAACTC,86
TTCTGACTTCTGTGGGCCCC,100
ATACACATATGCACCTATGC,117
GATCTTCTTCTGACTCCTGT,93
TTCCCAGCCCCAGAAATGGC,81
AGTCAGGGCCATGTCTTTAC,104
GAAAGAACCGGAAATTTAAA,72
GCCCCTCACTTATGTAAGTT,93
CTTCAACAAGACTCCTGCCT,129
GCCAGGAGTCTTGTTGAAGA,73
AGAAGAAGAAACCCCCAAGC,85
AACCCTCAAGCGGGAGGATG,117
ATTCCCGATCGCGAAGGACG,95
ACTCACTTTGGAGACCAGGC,83
AGGGTTTCTCCTTATAGCCC,107
ACTTGGGAGGCAGAGACAGG,121
AGTGAGGTCAAGGCCAGCCT,97
TTACAGAGCTCTGTCTAGCT,92
GGAGACTCTCAGAGTTCCCC,90
ATTGCCATGAAGTATTGGTC,132
GTGTCTGAAGGTCTTTGAAA,81
AGACCAATACTTCATGGCAA,100
TCTGGGGGACAGACGTTTGG,77
TAAGGGACTCCAGCAAGGAA,78
CCTCGCCACAGCGGGAGCTG,88
CGCTGTGGCGAGGGCGCACT,64
GTGGGGACATAACAACTCCT,74
GGCCTTGGCGCCAAGAGAGA,87
TTTGGCATGCTTGAAACCCA,109
CCTTGACTTTGTTCCTCTTG,109
GCGAGGATAGGGAGACGGGT,59
GTCGTATTCACACGACGTGA,92
AGTAAGCAAATGGGTGCTGC,77
GTCTGTGTGCATATAAGTGG,90
GTCTGCTATAGACTCAGGTC,84
TGGCTGCTATAGACACAGGT,52
GGGCTTTGCGTAAGGCATGA,94
CAGTTAGTGCGCATAGATGT,59
CCCCTGTGAGAAATGAGTAG,88
GCTCTGACAGACAGTCTCTT,111
ACACCCAAACCCGAGGGCAA,100
GGAGTCCCAAATCCTAGCCC,73
TAACAACTGCATGCCAGAAG,93
GGTTGTTGGGAATTGAACCC,67
CCCCAAAGCGGAAAAAGTGG,90
AAGGACAAGAGGGGAGGGTG,97
AGGCAGGTACATCAAACTCT,107
AGGGAAAGTCAACCCACCCC,77
TCGTCCTGCGATCCAACAGT,68
GGATCTCCACGGAGAGAAAA,96
CACGAGCGACCGGGAGGCTG,70
TGAAATGATGCTGTGGGGGC,47
CTTCACAAACACTTCGTACA,69
AATACAATCCTGGAACAAGA,109
AATAAACTGTGAGAAGCTTG,102
CGATTAAGATCACAATATCA,87
GACTCCTAAGTCATCGTTTA,94
TGGGAAAGTAGCTGGCTAGA,53
AAAGTAACTGCATTCACTCA,94
ATGTCCGTAACTCCAGTTCT,96
TGTATCATAATATGTATGCC,85
AACATGTAGAAGAAGGACAT,95
ACTGCTGTAAGAGTGTCAGA,120
GTGCCTTTTCTTAAGGTTGT,62
GGTTAACTGCCGAGCCGGTG,79
ATACACTCAGGGTACAGAGG,94
TAAGATTTGTTATTGTGGGT,90
TTCCTGATAGTTCAAAGGTT,92
TGTTGAGCCCAGGTTGGAAA,69
GGCAAGACAGGCAGCAGCCA,85
TCGAATTGTTGAGCCCAGGT,79
TGGCATCTGTTATCCTTCTG,76
CGCGTCCTGCAGCCTTAGTC,84
TTAGTCCGGTCTTGCACCAC,59
ATGTGTTGATGATGTGGGGG,102
GTGGGTCTATTGTATGATGG,50
CGTGGGTGTGTGTGTGTTGT,66
AAAACGCGATCATTTCTAGG,66
AGTAGCTGACTATAATGAAT,69
TAGCAAAAGCCTAAAGAAAG,57
TTAGATTTCACTATAGAAAA,58
GCATGCTTTCCTAACGTGCG,95
GAATGTAGCATGGGGGGGTG,94
ACAGCCTCTCCCCCTCAGCC,91
AAGCAGCGATTCCCAGGGTG,88
TCGCAGATGAAGGGGATGAA,74
GCTTCAGGAATCATAGGGAG,65
AACGAGGCTTTGAGAACACC,108
AAGTGTAACATAAACTCCCT,93
TCCCACTAACGATGAGTAAA,67
TGGTGCACATTTGGCACAGC,66
CATAGGGGGCCGGGCGGTTC,75
ATCACTGTACTGAAGGGTCT,128
GGGGGTCACCACAGTACTGA,96
TAGAGGTTCACAATCTCATG,50
TGGAGGCAGTAGATTGGATT,91
CGTGGCTAGTCGCTTCACTG,70
TTGGGAAACATAGTGTTCTG,72
CAACGGAGGGAAGCACAGTA,69
ATAAAGTGTGGCCAGAACTT,93
TCCTGACCGCAGCGTGAGCC,93
CCTAAACAGTCGAAAGCATC,118
TGGGGTCAGATGCCCTCTTC,79
GGGTGCTTGGAAGTGAACCT,84
CCGTGTCAGGTGCTTGCAGT,74
TACATTCTCTGGGGTATCAT,62
GGGTATAATCGGGCCTCCCG,71
GGAATATTACGGGGGGAGAG,62
TTGTCTAACAAGATGGTGCA,108
GATTTGGCTCACAGATAGCT,105
GGGGACCAGTGTCAAGTCTC,80
TGGAGTGACATTTCCTCCTA,112
AGTCAAAGGGCAAGGGAGCC,102
AGAGTGGAGGCACAGGGCAA,77
CCTGCTACTGGGCCTTGACT,122
ACTAGAGGGTTAGTGTTGCT,134
GGCTGCTGTGCGGTCTCTTC,102
AAGGGGCTTGCTGGGGATCT,73
TTCTAACAGTATGGAGGCGA,71
CAAGAGATCTCAAGTAGCGA,83
CGAGGAAATTGGTTTCCTTT,98
TGTCGTGTGGCGCCCGCGTT,99
AGGTAGACCACCTTCGGGGT,70
CGCGGGCGCCACCCGAAACC,71
ATTAGCACTTCAGCAGTTTC,115
GGGGCAGAATGGCTGGAGCG,96
AACAAAAGAAAGGGAGGGGA,64
GACATGGAGTTCGGAGTTAA,86
ATTCTCTGTCAGCTGATCAT,109
TAAATTACTAGATGGATGGA,55
GACAAGGTAGTCGTACTGGG,72
AAACATGACCATGAATATCC,84
AGGAGATTGCCTGGGAGAAA,79
CATAGACAATACATGCGCAT,82
ATCGTCTACAGAATAGTCAA,115
CCTGAGAGTGAACAATACCA,84
TCTCCAAGGGGAGGAGATGA,90
AAGACAGGTGACCAAGCAAG,104
CCACACCCAAGTTAAAAGTC,80
TTTAACCCTTCAAGGCGCGA,77
CCGAGTTCAGAAATAAAAGT,73
TAGACTCCAGCAATCAAATA,72
ATTGCTGGCGTTTAAGCTGG,81
AACCAGAATTGAAGTTCTGT,87
TAGCAGGTCAGTGCAGACAG,63
CTCCTTCGGGTGTCAGGGTA,104
CTTACCCTGACACCTGAAGC,78
TCACCTGGCGGGACACCGAT,67
GTTCGCGTGAACTTTGAGGA,72
AACTCTAGCAAGTCACCTGG,84
ACTTGTTTCACAGAGGCCTA,108
AAACCACAGATTCACACTGT,94
TCTCAGAGGCCCAAGGCTGA,86
GGCTCATCTCCACTGACGAA,94
TTTCGGTTCATAAAACTGTT,67
AGAGGAGCTGAACAGCGGAG,108
TGCTCTAGGAAATGTCTACC,59
TAGCCCAGGTAGACGTTTCC,89
CTCAAATGTTTAGAGACCCG,88
GGGAGTTAAAATGGCCATTA,71
TAAAATGGCCATTAGGGATG,90
CAGACAGACAGATGAACCCA,68
AACATGTTTACGGAGGGGAG,60
GCCTTGAACATGTTTACGGA,68
GACCTTGAACATGTCTACGG,79
TGGGGTCCAAGATCAGAGCC,71
CCTGATTGAGTTCGGTGATA,106
CAACTGAAAGGGATTCCCAA,64
ACTGAACCCTGACTAATACA,84
AGTGACCCAGTACCCTCTTC,99
ACAGGGTCCCTGTATTAGTC,89
TCCAGATGGATGCTTAGGGA,114
GAGTGGTCAGGACCACACCC,69
GTTGTGGCCCTATATGAGTG,116
GTAAGAGAACATCTTAAGCC,80
TGACAGGGATGGCATTTGAT,70
CCGTGGAGTATTTCTTATTC,84
GAAAATTTAGACAAGAGGAT,68
TCGTGAATTCCAGGCCAGTC,66
GCGATCTCCATGGAGGACTG,82
GTTTCCACGTTCTGAGGGCG,101
AGAGATCACCCGACTCAGCC,108
GAAGGGGTGGAGAGGACAAG,102
CACGGTGTACATGTCTTTGA,72
ACCCGTCCCAAAAAAAGAAT,108
GACCTCCTAGAACTTTAAAT,72
ATCGTAAGAAAATCCGCACC,108
TCTTTCAAGGCTTAAATTTG,82
CTGGAACTGCTCTAAAGCCT,88
CCCTAGTGTGGCGCGGGATG,83
CGACGGGAAGCGTGTGCGTC,76
ATGCACGCTGTGTTCCACCA,89
AAGGTGGTCACAAGTACATC,86
CTTTAACTTAAAGACCTGAA,78
ACCCTGCTCGGCAGTAGGGG,107
AAGCCCCCTTCAGAGTGTGA,102
CAGCTGTTGGATTTCACGGC,76
AGCCAAAGCACACAGTTCGA,92
CTGTCATTCCCCGCCCACTG,44
ATGCGTTATCAAGTGTTTCT,108
AGTTACAGCTTGATATCTTA,69
AAAAAGGGAAGGAGGCGGGA,98
CTGGGTGCTATTAGGGAAAA,70
GGAAGCAGTCAGGAAAGTGA,80
TGTGTATCCCTAGCTGTAGC,94
ATTCAGTTTCAGCCGAGAAG,101
TCAGAAACACAAGAGGCGAA,72
TTCTTGCCATTTCCACTACT,63
ATTCTTTGTGTAACTTGTTG,92
GGGGTTACTCTCTGCGATCC,74
TCTCCGCCATATGGGACTTA,69
TACTAGCCACAGCAGCTTGC,82
GAGTTCCTTAAGTCACATAT,75
CCACAGGAAAGGAAAGGGAA,63
TTCTGATAAAAGGAACTGAA,88
TATGGTCTAACCTTTGCACC,82
CAGGCCGTAGCACTTTTGAG,103
GCTTTGCTTTGCTTCTTCCT,78
AACAAAGGGGCAGCTGGGTT,104
GGAGGCTTCCATACCTTTGA,86
TGCTTCTCCCTTTCTATTAT,79
CCAGAGAGTGTGCTTGGCTC,82
TCTGGTCCTGTCTAAGCACC,112
AAAGTTGGGGGTTAGGGGGG,81
TTCAGACACACAACAGGAAA,61
GCACCACAGCCCTGGCCAGA,62
AAAAAAGCGATGTTGTCGCC,95
GCTCGGGCGGCTCACTGCAC,114
GTCGCAGGGATGGCCCCAAG,60
TCTCGTGTGCCCGGGCACTA,73
TACACTTCACTCTGCACAGC,88
CAAAGAACAGCAGAGATCTT,110
TACAGGTCTGTCTGCGGCTC,94
TTCAAAGACCAGCAGAGATC,92
AGGGGAGGGAATGTGGAGGT,73
CTGAACTTCAGGTTCCTCCG,78
GTGAGCAACTGTAGGAGTGG,96
ACAGGGCGGAGTCTGGGCTG,109
CGTCATCCGACGCAACCCTG,68
ATCCGCTCGTGTCCTGACTT,126
TGCAGGTAGCATGCCCTGCC,60
AACTCCAGGGTTTGTTTCCT,76
TGTTTCCAAAGAGCTCTAGT,59
TCTCGCTGGTCTACGATTCC,113
TGTTTTGGCCTCTGACTTGG,89
CTGTGTAGCCCAGGCTGTCC,96
ACTCGGGAGGCAGAGTCAGG,93
TAGCCCTGAGACTCTAGGGA,68
TTTGAACTACGTGTAGTGAG,57
CCTCTGAACTACGTGTAGTG,103
ACTAGCTACCTTAGCCATCC,104
TCTGTTCCTGTAGAATAGCA,60
AGGGTGGCAGTAGAAGCTGC,90
CCCATCCAGGTGAGTGATGC,105
GGCATCCATGAACTCACTGG,77
ACGAACAGGTCCACAAACTC,88
TCTTCATCAGCAGGCGGAGG,76
AGAGCAAGAGCTCGCGTGCT,86
ACTTGCGATCGTAGCACTCT,93
AGAACTCTAGGAGCTGAGGC,92
CAGGCACATTACAACCAAAC,86
GCAGGAGAATCAAGAGCTTG,76
TGAGGGAGAGCCGGGCTGAG,86
TCTGTGGTTGATGGAGAGCT,98
AAAATAAAAATTTGGAAAGA,68
AAAATCAAGGCACAGGGGGC,65
TGATTTGGTGTATGTATGTG,68
GGCAACCCTGCCAACCCACC,129
CACACTCTGAGAGATTCCAA,75
TCCGTATGCGTCGCTGTACT,89
TTTGATGAAATGAAGAGGGC,90
TCACAGGCCTGCTAAGGTTG,81
GGCCCACATGTGCTATTGTG,94
TCGATGAAAATGCTTCTGTG,100
GGAAGAAGCAAATTTCAGGA,112
GATTATAAAACCCCAAAAGG,66
AGACTTTAAATGAGAGCCCA,91
GAGTCCCAGCATGCAGGCAT,99
ACGAGTTCACTGTTTACTTC,177
AGATCCTAGGGACCGCCCTT,76
GCAAAGAATTATTGCCAGAA,54
CTCCACCACTCCCACCACTC,124
GGCCGGTAGAGTTTAGGTCA,95
TAAGAAGATGTCCAGCGAGC,87
CCGGGTTTGCCGGAGACTGA,79
AGTGTGTGGGTGTGGGGGGG,86
ACCCCCGAGGGGAGGAGCTT,138
CACCCATTTGACAACTTGAC,90
GGAAGGACAGCAGCGGTAAA,58
TCTTGAGGTTGTGGTTATTG,70
TTATTTGGATGCAATATTTG,68
CTGCCAGCAACTGCCACCCA,69
TGCCAGCCACTGCCAGCCAA,94
GCACCTGGGTGTTTGGCAGT,83
ACAAAAAGCAACTTTCTCCT,113
AAAGTCGAGTTTGTGAAAAA,78
GGATTCAACAATATACACAA,62
TCACACTCTTGCGGCTACTA,48
AAGGTACTACGAGGGAAACT,93
AAGTGGACAGAGAAGTGGGA,81
CTGTCTCTCGCCCATGAGTC,60
GTGAACTGTGGCTAGTGGCT,73
TAATACAATAAAAATTCCAA,51
TCTAGCCAAATCAGTGCACC,73
AAGACCAGAGAAGCATTTGC,117
TCTTAAGGAATAGTTGCAGT,78
AGGTCCTCGTGGTACCCTAA,86
ATTAGATCTGCCCGCTTCAT,127
GGTCCGAGCTGCCCCACCTG,126
CCGGCTCCACCAGAGGACGC,82
GATCCCAAGTGAGTTAGAAA,94
AAGAGGGTGTGTTGGAGGTC,100
TTGATGGTGATCATGGGGCA,73
TGCCGGGGAGACCATCACAA,50
CGTGATGTGTTCACACTCAT,66
TGAGGGGATGTGCAGGAGCG,83
GGTCCGGAGTTCAAGATCCT,140
ACGACAGCAGTTCCGAGGCA,104
GCCGCCAGCATCGTGGTCTC,94
AGGGTTTGAATATGTCAGCC,84
GAAGTGCCACTCGGTCTCCG,81
CGGAAAGGGGCTGAGGCTGC,68
GTGGATATAGGAGCCAATGC,81
AAAAGGTAGTGAGGGGTTTA,78
AACGTCCCGCGTTTGCCCCG,115
GGCTGTCGAGGACCGGAAGG,95
GGTCGCGGTTGCCATGACGC,83
ACTGTCTGTAAGACGCCCCG,67
ACTTAAGCAACTCTAAACAA,76
CTTAAGCTACTCTGAACAAG,108
GGAGGGCTGTAGAGTTCACC,77
TGTTGCTGGGGATCAAGCCC,90
GAACAGAGTAAAGAAACTAG,78
CATGACTTAACTCCGGTCTC,85
GGTGACTACTGCCTTGAGTG,118
GGGGTTAGGGAAAATGCACA,82
AGAAACACCCTCATAGAAGC,61
ATCGGCAGATTTACTGAATG,103
GGTGCTGCCTGCACACTACC,117
TGGGTAGACGAGGTTGGTGC,50
CAGACACTAAAGGTGGGGAC,110
CGTCTGTAAGCAGACACTAA,78
AAATGCCACGGGCCAGAGTG,98
GAACGAAGGCACGGGGGTTG,92
AGAATTGTTGTGTCCAAAGA,53
GAACGTGGCCCGAGAGTTCA,100
CGAGGAGGCCAGCTGGAACG,73
AGCACCCGTTCCCATCTGTC,113
TAGCCCTCTTCGGAGAGACT,69
AGAAAACAACTTCTGACTAT,87
CATCCTTCACAAAACAAATA,85
ACCTTGAAATAGTAGCTGTA,116
GCTGTACCTAACCCGGCCAG,122
GGGTTGGTATGTAGTTTGCT,85
TTTGCAGGAGTTGCCAACCT,96
TCCACCGAGAAGGTAGAGGG,90
AGAGACCGTGGTGACCTCTC,90
GCCCCTGCATCCCAAGTGCC,100
TTGACACTCTCAGGGCAGCT,87
TGGCTCTAAACAGTGAAACA,66
GGACTGACTGCGGGACAGTC,90
ATGGCAGGGTGGGCTACACA,127
GTTAGAGCAAATCTTCGTAC,92
TGCGAGTGTGCTTTGTCTTT,81
AGACGAGATCTCTGCACCCC,57
CAGACATCTCGTCTAACCCA,95
GGTGATCACAAGGTCTCTAG,96
GCCATGTTCAGGTGATCACT,66
GCACCTGAGGCCTGAGCATC,100
AAGACCCTCTCCATTCAAAA,74
AATTAGACTGCGTTGACTAA,66
GGGCGACCTCGAGTAGAGCT,97
GTGGTTAATGATAGAAAAAG,67
GGGACAGAAGAGAGGCTGGC,64
ACAGCCATTCCTGGATACAA,103
CTTGAGATGGCCTCTGGACG,94
GGTGGTCACAGTGTTCAGTG,97
GAGCATCCAAAGGGCATGCA,99
AGCTCCCGGTGCACGGTACT,80
GGGGATCATCAAAACTAAAC,83
AGGAATAATGCAAGTGTGAA,76
AATAGCAATGGAGGCATGGA,67
ACAAATCACCAAATCCAAGA,98
ATGGAAGGAAAGGGTCCCAA,85
TTCTTTGATTACTGATACCG,63
ATCTGAAAGATGAACAACCA,129
ACTTATTTGGGAAGAGTGGA,101
CACAAATTCAAGGTGAGGCT,71
GAAAACAAGAAACAAGTCAG,69
TCTCCCCACAGTCACACAGG,52
GCTGGTGAAGGGTGAGAGGC,104
AAAGTGGCGTGGCCTGAGAT,91
AGGCGGGGCCTAGATGGGGA,110
CCTGCTACTAAAGTGATAGG,95
TCAATAAATTACTCTGTCCA,68
ACCTTGCCTGAGAAACAAAC,104
GAGTTCCAGGCTGGCCAAGC,101
AATTTCTAAGGTTAAAGCTA,70
TGCATCTGCTTCCTGAGCTC,82
ACAAGGCACAGGACAGTGAG,119
GGCTGAAACAAACAAGGCAC,101
ATCACTGAAGAGGTTAGGAA,91
AGGGTCTCAGGGCATCTCCA,76
CTCCTAGGGGCAGTACCTTC,76
CTAGCCATAGTACACCCCTC,92
ATGTGTCTGCAGCTCTATCC,118
GTCCCACCCCTTAGGGTCTC,92
CGTTCCCAGTTTGCGAAGTG,83
CACAAACTAAGTGAAACGCC,88
TTGAAGCAGCCTGTGACTAG,84
GAATACGATGTGTACAGAAT,88
TGAGTGGTCTGATTGAAGAG,76
CACCACTTTAGGGCTGCCGG,76
AGAGCCTGGAACTCTTCCCG,80
TTTCACTTGCTGCTAAGTGC,93
TTCTGACTCTCCGCCGTAAT,83
TTACAAGGCTGGGTCCTATC,83
GGCCGCAGGGCAGAGGGCCA,126
ACCACAAGTGTGCAGGTGTG,94
CGATCATATAGTGACTGTCC,65
CCAGCGGGAGGCACCCTGGC,87
CTAGGAGTGTTTGGCCTGCT,74
CCAAAGAGAGTGAGTACTCA,87
CAGCACGCCAAACACTCATA,63
TTTATCCCGGCTGGCTTGAA,93
GGGTAGAAAGGGCTAATAAA,41
ACACAGGAGCGCACACTGAC,104
GTGTTTTTGGCGCTCTGAGC,97
GTGTGGTGGTGGTGGTGGCG,70
AAAAAAGAACACATAAGAAA,61
TTTACAGATGTGGGAAAGAA,108
AGAAATGAGCAAAAGTGGAA,90
GTGCGTGCAGATACTCTGAA,106
CAATAGTCATCAGTTGTGGT,76
AACTGATGCCTATTGTGCAG,125
GAGCCTCCTGTTCCAGGGCC,115
GTCTGCAAGAGTCACTGGAG,93
CCTCAAACTCAGACGTTCCC,89
TTTCCTGGTAAGCCACCAAA,74
TCCCCACTTTCTGCATCTGT,72
TGGCTACAGATGCAGAAAGA,80
TTCTACAAGCACTCGTAAAA,94
AGGGCCTACAGGCCTCTGGT,71
GTGGGTCTGGATGACGACGA,93
TAGCCCCTTGCATTTGCTTC,94
TATGCTTGATCATGAAAACC,125
GTGTGTATGTTTGTGTGTGG,90
AAAGTGTCTGAGACTTGAAC,102
GGAGTCACTGATGGACTCCA,109
TGGTGGGCAAAGCCTGGTTT,70
AGATCAGAAGAGTTCTCATC,62
TACCAATGGGAATTAACTCG,76
GTGCAGGGCTGCAGCAAGAA,83
AGTGATACGCTGCCTAACTT,151
GCCTGTAACTCCACCCCTAA,86
TCTTTGGAAGAAACTACAAC,87
CCAGCCTTCTCCAGCAACCT,46
CCTGTACCTGATGGTGAGTG,127
ACCATCAGGAACAGGGGATG,131
