GCAGGAAGGAGAAAGACGCG,133
ATCTGTCAACAGATAGACAC,151
GCCGAGTTTGATTAGGAACC,100
AACAACACACAAATAAGCCC,93
ATTCTTGTTCCTAAGAGCTA,159
GGGAAAAGTGAAGGGGGGCG,163
TGGGGAAAAGTGAAGGGGGG,263
TTTCCCCACGATATGCATCC,148
TCCAGGAAACCAAGCCTCCC,128
ACCGAACAGCTGACACTGGG,143
CCTCGTGAAATTATTGGGGA,136
CACTCAACTGTTCACAGTCC,116
AATCCAAGCTAGGAAAAGAG,164
CCTTCAGGACTACTAGATCG,136
AGACGTCGCTGCCTGCTGTC,151
CTAGGAAGAACGCCAAGTCC,147
TTCTTTATCGAGCTAGAGAT,125
CAACTTTCACAAAGTTTGCC,108
GGAGCTCAGAACTCCGCGCC,136
TCCACCTCAAGGATAGGGGA,133
GCAGCAAAGGAGAGGAAAGC,109
GGCGTCCCTGGCAGCAGCAA,162
TGGCCTCTCTGTGCCACCTC,151
ATAATAGCTGCCATTTCTTC,113
TGGGCCCTGTCAGAAACATC,102
TAATCGTCCTTGTGTGAATT,107
ACTGCATCTGCCCCAACAAT,118
GATGTGGTCAGAGGTGCGGC,132
CATCTTCTGATTGGTGTCAT,144
ATTGGATACATCAGAAAATG,155
AGGGTACCCCGCAGGTGCGG,95
AAGTGGCAGGTGCTGTCGTG,168
GGGTAAGCAGTGATACTGGT,150
AAGGAAGCCTGGATTATCAC,171
TACGGAGAATCTGTTGTCTC,78
CGATCAAAAACGTTCCATAC,110
AGAAGCATATACAGACTGAT,131
ATGATGCAGGATGTGTAACC,151
TGCATCATTTCACTAATCCC,71
CACGTAAAAGGAAAGTTACC,120
TAATCAGTGGTGACCTTTCT,108
TGGAACTCACTTTGTAGACC,103
ACCCTGTACCTCAGTGGTGG,161
AAAGCCTCTGGCCCCTGCCC,151
CTTTCCTAACTGGGATCTGT,147
TGTGGGTGAGGTGAGCCCCG,92
GTTGAGATGACTCCAAAGAT,165
GATGACTCCAAAGATAGGGA,115
TCTGAGTGCATCCTTAGATA,126
TAGATGTTAGTCTCTACAGG,83
CTCTGCTGTGGCTTGTGGAG,131
CAAGCTGGAAGCCGACCTTT,95
GAGCGGGGCCTGGCAGCCCA,111
ACCCTGATGCCAACCACAAT,156
CAGGGGCATTGCCACATTCC,104
AGTTCCCTCAAGTGCAGGGA,173
GAGGAACCCTGTAGGACACG,141
AACTGTGTCCTTAGTGAAGG,181
TAGACCAGAACCAAAGGTTA,116
TCCTCCCTAACCTTTGGTTC,132
CATCTGTTGGTTCTGGTGTG,117
GGCCAAGGGTTAGGGATAAG,110
AAACTAACTTGTACATATTT,83
GTGGCCAAGGGTTAGGGATA,133
CGTTACTGAAATAGAAGGTG,133
AGGGCAGAGCCCAGACTATC,111
TGAGAGTTCTCGGTGACCCA,117
TGGGAGGAACTGGATGGGGC,94
GCCTAGGATACCAGGTTGCC,135
AAGGAAGGAGGATTAAGAGT,142
CTCAAGTGTGAACTACTGTT,156
CCTCAGTTCTTGGAGTGGGC,134
TGAGAGTCTTGGGAGGAGGG,91
TACCCATATGTGTCACTCAA,121
ATAGGCCAAGGATAATGTAA,119
AGGATCAACTGCGTGGCTGA,132
CATTAAAGGGCCTGACACTT,143
GATCTGCCAGAGGACAGGTT,125
ACCCCTCACCCAGCCAGGTC,149
CACGCAGCTTACTTCCAGTC,107
TTGCTACGTCCCAGATCTTT,101
TGTCGGAGCGGATCCTTGTC,102
CCAACTATGGCAGGATTCCA,105
CTTGGAGTAAAATCAAAGTG,126
AATCACTGCAGAGGGGTCGA,157
TATGCCCCAGGAGGGCCCTC,150
CTTGGGTAAGAGCTGACCTG,152
AGGTGTTGGGTAGCCTTGAG,163
TGTCTAACTAGCTGTCTGGC,134
ACATCTAAAGCAAACATGCA,137
ACACAAGAAAGACAATGCTG,153
TTCCACCCTCAAAAACTGCA,106
AGTCTTTCCTATTTAACTGC,173
GATAGAGACATAAGAATTCT,159
CTCATCCCCTCCTCCGGGAA,159
GAGGAGTTAGAAAGAGGAGT,161
AGTAGAAAGGAAGGGAAAAT,133
AGAGTAAGGCCTTCTGGAAG,133
TTGGGGGACAGAAGGCTTGA,108
TAAGTGGCAATGAATAGATG,102
GGTGATTGTCTGTATACTGG,187
CAGTATACAGACAATCACCC,326
GAACGCAGCAGAAATGGGCA,164
GAGGGAGTTTCAGGACAGTC,109
AGGGAAACCCACAAAGTTTC,152
TCTGAGCATGGGGAGTGGAG,105
TGCCTGTTATCCTAGCATTT,119
CTAGCATTTGGGAAGCAGAT,157
ATGGTGCGGTGGGAGGCTGG,271
GATGGTGCGGTGGGAGGCTG,270
TGCTGTCCTTTCTGATGGTG,121
GCTGGCTATGAGTATAAAAT,109
ACCCCATCACATCATTCACA,130
GAAACTCCCTGAAAAGGCAG,139
CTATGCATCACAGGATGACC,122
TTCTGCTGGGCGGGGGGGGT,101
CCAGCACCGGGAATGTGAGA,115
GATGGTCGTGAGCCACCATG,163
GGGCTGGAGAGACGGCTCAG,155
TGAGCCACCATGTGGTTGCT,115
TTGCCTACACTGAGCTGCTA,132
ATATTGTCTGACAGCTATCA,165
AAGCAGCGTTCAGTCCTTTG,135
ATAATATCATAGCTCCTAGG,127
ACTGGGAGGATCAGCCAAAA,223
TGCTTTAGTGCTGGGGTCGG,110
TGCAGGCAAAGTTTCTGTTT,86
GGCATGCGGAGGAGAGACCT,151
CCAGCCCATTACCAGACAAG,113
GGTCTCTCCTCCGCATGCCC,248
TGCAGCACTGCGACAAAGCG,134
AAAAACGGACCAACTCCTGG,150
AGGGTTTCACTATGTAGACC,111
TTACATCTCAGTAGGAATCC,135
GTTGAGTTCAGGCCAGTCTG,150
CTTCTTCAGGGGAACCAGGA,94
GGGGTTCCCAGAATGGGAAT,159
TCCTTCCCAATTCCCATTCT,100
GGCTTCCCCACCACTGGCTC,137
AAGCTGGGCTTCCCCACCAC,157
GTTGCACACATCCAAGGATC,146
CTAAGAAAGTCTAAGAGGAC,100
AACACAGAAGCCAGGGAAAG,113
TAAGAAAGTCTAAGAGGACA,79
TTGCAACTCATGGTCACCCC,98
TTTCCACCTCCACTGTGTAG,145
GAAATGGAGCAAGCCCCGTC,121
GACATAAAAAATGTGGAGGG,147
TGGGAGATCAGTCTGAATCT,103
GCTCCTACACTAACAAAAGG,166
GTTACTTCTAAACAGAAGCC,164
CAAGACCCGTGTGGTGCCAG,109
CTGCCTCTTGTCCTATTACA,162
GTCAGATGACTGGTGTGGCA,140
GCCTTGAGGTGCTAGCAATC,143
AATTCTGGCCTTTAGAATTC,93
GGAACTGACTGGTGGCTGTA,179
AAACGGCTTGTGTCTAACAA,147
AGTTTGTCTGTACCCTTCTT,139
TTTGTTTCCCAAGTGGTGAG,171
TGGGGGAAAAAAAAAGCATG,96
CCACTTGGGAAACAAACATC,148
CTGGCGCCCACAGGTGCTAG,118
GAATGAAGTCTGGGGTTGTT,157
TATGCATTGATGGTGCAGAT,128
TCATTACTGGGGGTGAAGTG,118
ACTTTAATTATACATATGTG,115
TACTGGGGGTGAAGTGGGGG,106
GGAGTTGATCCCACTGATAA,123
GGTGGGAGGGTGAGGCCCAC,138
ACGGATGGTCCAAGAATCTT,147
CATCCCTGATTATAACAGTT,107
TTTCTGAACCCAGCAGTAAA,137
CATTAGTACCTTCATGAATG,93
GCCCCCTTCAGGGGCTCCTG,58
AAGGAAGAGAAGAGAGAAAG,107
TTCCGTCCTAAACAGTGTTG,120
GCGTTCCGCATTTGGCCTAG,121
ACCAAGTTGGCTTGAATTCA,147
TAGGAGTAAAGTAGATCAAG,136
AGGGGTGTGGATGGGTGATG,165
TGTATCCAGGGGATGAGTAA,118
GAGAGCACTGGGCTCTGGAC,162
AGCCTGAGGGTAAGGCTCAA,93
TCTGGGGATAACCATTGAAA,162
CACTCACTAAAGCGGGGGGT,87
GGAACTCTGGTTCGGTCCCG,140
AGAGTTCCGCCTACAGTAGC,126
ACATTTGCACCCATACTCCG,159
AACTTGAATGTCGAGTTTGA,155
GAGTAGGCGTCCTAGGCCCT,94
AAAACCTCCCTTCAAGACCC,131
GCAGTCAGATCAGCAATTCA,124
CTGGCTCTACAAGCTGGTCA,113
CTCCAGAGGAGTCTGCAGGA,110
CATGGTCCCTATTTAACACG,123
GGAGAGCCATCTGGTTCCAT,113
GTCTGAGGGCAGCACCCCTG,116
CTTGCTTCTCCAGCAAGCAC,130
TTGACAATCAGATCCTTCTG,107
TTCATCACTCATTACCTTGC,144
TGGGTGATACAGTCATGCAC,124
TGTGGGCACAGGGCAGCTGT,137
GAAAGCTAACATGATGGATG,146
CCACCTTCGACCAGAGAACT,159
CTTGCTTGCAGAATGCAGTG,117
TACTGCTCACAAGGCCGAAC,112
TCCCTCTTTGAGCGCCCCGA,140
ATCAAGCTGGAAATTGTAGA,187
TTCCAGACACTCTCTTCAGA,148
CTTCTCTTGCCCCGGAACGC,119
GAGAAGTTAGAAATGAACCT,258
AGAAGTTAGAAATGAACCTA,126
AGAGCGTTTGCCTAGCATGC,139
CCTAGCATGCAGGAAGCCCT,172
CCCAGGGCTTCCTGCATGCT,136
AGGAAAATGGCCCTAGTCTA,155
ATGACATACAGCAATACTTC,171
GTGCCCATGGCCCTTAGACT,129
TTCTGCATCCAGAAACACCA,134
AGGGATTCTCAGAGGTCAGG,102
GCAGAAGTCAACTCAAAAAA,154
TTCCAGCCCTGCCTGGGAAG,120
CAGAATTGAAGACACCTTAG,127
AGAATTGAAGACACCTTAGG,251
GGGCAGAAGCTTGCTCCTCG,153
GAGTGCTTTATAGTTCAACA,134
CCATCTTGGCTTTGTGCCCC,149
GCCATTCCTCCAAGGGTCTG,162
TCAACCTTAGCCTAGGGGGA,119
CATCTAAAGCTAAGCCTCTG,158
TTAGCCTCAACATTCCTGGG,133
GCCCGGGATTATGATTGATA,125
AGCGGGGCGGCGGGCGAGAT,124
AAGGGTGCGACATGGGTCAG,145
GTCCTCTTAACAGAGAGACT,135
AATCCCCTGCCCTGCGGCCA,130
AGATTCAAGATTGAGTTCCA,115
TAAGGATGACGGGGGGGGGG,81
CTGCTTCAGTTCCTGCCTCC,121
TAGGGTTTGTGGTTGAGGCT,128
GATTGGGGGTGGGAAGAAGC,125
ATTGGGAGTAAAGTCTGATT,140
TATACCTGCTGGGTGTTTAG,98
CTCTAGCAGATCATCGAAGC,134
AGGCATGGGCCTGTCCACCA,145
AGGGGACAGCTGTCTCATGA,108
GAAACACATGCTTTGCAGAA,125
AGTGAGCCCAGAATTTCAGG,146
AAAGAGAAAGAGAAAGCAAG,116
TCTGGCAGGAGGCCTGGTTG,126
AGAGGCATGAGGAAGGATGG,114
CTTTCCTGGTGCGCGGGGCT,129
GTCCCTCCTATACTTGGGGG,137
CCTGAAGGTGATCCGGGATC,140
CAGGCACTGTGAGAACCAAC,78
TTCAGGATTTGCGGCTATAA,79
AGTGTGTGACATGCTCCCGA,143
CAGTGATTGCTGATGCTGGA,169
AGCATGTCACACACTATTCT,132
AACCGTCGCCCCGAGCCGCC,151
GTAATTTGGGGAATTAGACG,125
ATTTGGGGAATTAGACGTGG,132
CACTTTGTAGTGCGTGAATG,115
TACCGGTCGCAGTCTAAACA,79
CACAAAGTATTAAATGTCAC,127
TATAAAAGTCTAAAGTTTGA,100
GGAGTTGGCATTGGAGCCCA,88
GCCATCCTCAACAGAGACTT,139
CTGTCTTGCTTAGGAACATG,135
TAGTTCTCTGGCTTGCAGAG,92
GGATTCGAGGTTCTGTGACC,144
CCTAGGCTTTCATCTGGGCT,121
GTCTCCTCAGTTGAAATAAA,109
AGTACCCTTCATGTCTGCGT,159
TGTGAGTGCCGGGACTAACT,105
GACATGACTCTGAGAGAACG,101
ATCAGAGGATTCTTCTCATT,111
AGTCCAAAAACAACAACCTG,115
TCCACCCCCCCCCCAAAAAA,73
GTGTGTGTGTGTGTGTGTTG,104
GAGCCTTTGCAGTCACTAGC,119
AGATGTGAGGAAAATAGTGT,121
TGAGAACCTAAATAAACCTC,89
CTAGTCCAGCACTGGCTGGT,103
TGGACAGGGGTTGTGTTCTG,113
AAAGAAATAAATGCAAAATT,104
CTGCACATTAAAGCAGTCAA,113
ACATTAGATATTATGAAGTA,115
ATGAAAACCCAGAGCCTCTG,162
AGGAAGACAGGAAGAGTAGG,160
TCAGATGGAGAAGAAAAGAG,90
TTGACCCAGGCTATTAGTGG,108
AGGAGTTGCTGCATATAAAC,157
GTCAACGCAAAGCTCCTGAT,107
CTGATTGTAGATTCTCAGGC,106
GTCAATCACTTTAGCAGTTG,136
GGACAGGTCGGTCTTGGTTA,114
AGATGCTACCAGTGCAGCCA,145
CGGACCTCGCGGTTGTGCAC,103
GTCGAAATTATACTACAAAG,117
GCAGTGCAGGGCAGAATGAG,151
TGCCTCTGCTCTTGGTCACA,119
TGCCCTGCACTGCTTCTGCA,148
TTCAAATCCCAGCAACCACA,114
CTTTAGGTCTTGAGTCTCAG,118
GTACAAGCAGGGAAGGCCTA,115
TGGTGGCCGTTCTCTCCCTG,98
CGTTGAAGATCCTTGAGGTA,106
AACATATCGTTTCCCCATTA,162
GGGCGTTTATGGTCCTGGGG,140
TTTCTAATCTAACTGCTTTG,119
CAGGTGGGGGCAGAGATGGT,102
CTAAGAGGTCCGGGCCGTCC,79
ACCCAGAAGAGGGTCAACCT,117
GCCTCTGTTCCTCCTGACTA,157
GTGGTTTAAGCAGAGGACAC,123
GTAATTGTGACCCTGTGCAG,169
ACATAGACTTTCACAAAAAC,121
CCCATCTAAGCAAGACGTCA,200
GTGCAGGGCCTTCCCCAGCA,122
TGCTTAGATGGGCAAAGTCC,102
TGTTAACCCTGTTCACTTTG,122
TGGGCTAGGGTCAAAGAGAT,100
TTCGTCACCCTTCCCGCGGC,124
TCACAGAAAGAGACGGAGGC,101
TGCTCAATCACTCTCAACCT,113
ACACAACCTGACCATAATCA,163
TTAAGGCCCTGATTATGGTC,112
TGCTCAGCACAGCAGAGAAG,132
GAAGGAGACTGGGGCTTGAT,149
TGGATTCTTCCTCTTATTGC,80
ACCCAATATCTCCCTACAGC,129
GTGTGCCTATGATGCTGGAA,158
TGTGTGGGTTGAGAGGCTTA,93
CTGGGTTGGTAAAGTGCTTG,107
GGAGCAGGAGCGGCTAGCAA,149
GCTAGCAAGGGCAGCAGATA,172
CTGCGCCACACGGAAGGAGG,67
GTTTGCTGAATGAAGCTCAC,141
GTGCAGAGATGAGAACGCAG,105
CAGACCTGCAATGGTGGAAC,93
GAAGCCATTTGCTTTCATGT,128
TTGCACATGCTTGCGAGGAC,140
ATCCCTGCCTTGAAAGGGTC,163
GATCTAAGAGGGAAAGGAAA,101
CTTTGCAATCTTCTACAAAG,109
CGACTCTGCCTCCCTAGTGC,105
GGAGGAGGAGGAAGTGGAAA,170
TATAGTTAGTTGCAGGGATT,178
TCCTGCTTTAAAGGCGCACT,103
TGAGCCAGTCTCTGTGATTT,81
AAGCTAAGAAAACAAGGAAT,126
AGAGATGCCAAGTAGGGACC,116
GGAGGCAGAGATGCCAAGTA,140
CAGTGGAGGGATACGGGGAA,113
GCTAGAAACAGAAGGGTTAG,181
TTGTCTGTTTAATGGAAACA,114
AAGGTTCGCTGGGACCTCCT,142
GTTGAAGAAGCTTCTTTGCT,159
GATCTGGGAACTTCAGAAGG,113
AGTGTCCGACTCGCGGACCA,166
AGTCTCCAATACAAGTGAAA,152
TTGAGCTTTGGGGGATAAAG,130
CATGTGCCATCATGATGGTT,126
TCCTGGCCTAATCAAGTGCT,107
AGGGGTAGCACGTAGTGTCC,155
AACTATCTTGTCCACAGCAG,126
AAGGTGGGGTAGGACTGTCA,145
AGATGGAACTTCAGAGGGTC,142
TCTCAGAAGGTGTGTGAGAA,121
GAGATGAACAGCTCTAGCAC,93
GCTTAGGCCTTCAGTGTCTC,130
AGCTGTTCATCTCAATGCAA,111
AGTACTGAAAGGGCTATGTT,169
TTAAGAGCGGGCATGAGACC,98
TGTTCCTCGTGATTTAAGAG,110
ATTCCCAGCACCCACCCACA,213
GCAAAATAACCACACGCATT,136
CTCTGTGTGTTGTTGGAGTA,131
GCTCAGCAGGCCAGAGGCCT,115
GGGATAGAACCCAAGGCCTC,106
CCAAAAACCAACAAAAAGTC,118
GCACAGTGGCTAACACTCTG,185
TCACTGAAGCCTGGGATTAA,115
GAGGGACGGCTTGTACATGC,126
GATGACAAAAATGACCAACT,134
TGTTATAAACCCAATTGTCT,120
GTGCAACAGTTGATACTAGA,88
AGTTGCTCTCTGACCTCCAC,101
TGGTGTGAGAATGTTATCCT,119
GGGTCCCTGGGATTGAGCCC,183
GGGCACGCAAGGGAAGCGAA,130
CCTCTCTGCTCCTAGGTAAG,125
TGCGCGCGCTGCGAGCGCGC,55
GCCCTTCTTATGGTCTCCTA,245
CCCAGTTCTCACCATCCATG,226
ACCCTAGGAGACCATAAGAA,113
GCTTGCTTTACATTTCGACT,137
AGAGGTCTCCTTCATACCAC,169
AGCAAGCTTGGTAGGGTGCC,138
GCAGGCAGGTCAGGCAGGGC,106
ATCCTTGATAAGCAGTAGGA,196
TCCTTGATAAGCAGTAGGAA,142
CAAGGCTAGGATGGATCCTG,143
GACTTTCAACCGTGGGTTCC,121
AAGCAAATGGACAGAATGCA,162
CATCCGGGATTCATGGACTT,204
GTGTGCAAAGAAAGGAAGGC,82
GAAGACCCAAGACGCTCTCT,138
GACATTCTTAAGGCTTGGAA,114
GACTCCTGCCCTGAAAAGTA,158
GGGGCACTGTATGGGGAAGA,133
TCCTTGCTTGGGGATGGGAT,124
TCCCATCCCATCCCCAAGCA,135
CCACCTCTAGTGAAGCTGCC,131
CTATCTGATGGAATTTATGC,71
ATTCAGGGAGTTTCCAATTG,166
TTCTGGGTTTGAGGCCAGCC,109
ATGTCTAAAAAACATTTCAG,147
CTACAGCGTTGATAGAACAC,112
AAAACGAGGTGCGTAAGCTG,128
CTCCTGCCTCTGCTTCCTAA,101
GGGCTGTGATTTAAGTTGTG,118
CATAGCTGTTTGGCAGGGCC,140
AGAAACGTCTAGTGTAAAAG,119
GGCCAGGGAGAAACCAGAGC,117
AACGTCTAGTGTAAAAGCGG,107
TTTATTCCATATTGTTCAAC,113
GAAACAAAGCTTAGCAGGAG,161
TGGGAAACAACTTGCTCTAT,117
GGGCACCTCAGGGGAAACTG,133
TGGGGTGGGAAAGGGGAGAG,103
AACTGTGCTTCAGCTGGACC,171
TAATCTTCTTGCCTGGGGGC,107
ATCTTCTTGCCTGGGGGCGG,135
TGAGTATAATACTCTCATCT,73
CTGTGACTAGCTCAGCTCTG,130
GGGTTTCATGGATGGATGGA,137
GTTTGTTTACTTATTGAAAC,126
TGGCTATAATTCCAGCACTC,83
ATGACCTGGGTCTGGAATCA,234
AAAGAGCCGCTAATTATAGT,136
GGAAGCGGGGCAGAGGGAGG,153
AAACAGGAGTTCACATACAG,106
TCCTAGTCTATGATGGGCCT,102
AGGCCACAAAGAAAGGGGCA,103
ACTCTTAGGGCATCCTTACC,156
GTAGCTGGCCATGTGGGTGC,126
CTCTGAACTGCCGCACAGTG,96
GATGAGGAGGCTAAGACTCG,147
CTGCCCTGTCTTTCTTCAAG,180
ATTCCCTCACTAAGCTGGGC,138
ACACCCTGCCCAGCTTAGTG,173
GTCTGAATGTTTGGAAAACA,115
ACTCAGTAACCGGGTGACGT,146
GGAGAATAGTTGCTGGCACA,165
TGAATTTGTGTGACAAACAG,85
TCTGCTTGCTGAGAAGATGA,193
AGAGACCACCATCACTGAGC,189
TGGCTCACAACCATCTGTAA,128
ATAATGAGGGCTGGAGAGAT,154
GAGTGCTGGGATCAGAACTC,80
TGGAGTTCTAAGGGGGGGCG,104
GAGAGGGGAGAGGAGAGGAG,98
ATACGGAGAACATGGGTGCT,141
ATAGCTCAAAGTTAATATGC,160
TAAGGACTGTGAGATTCTAT,110
AATTGTGAAAGCTACTGCAC,194
GTACTCTTGAGGATAGATTT,124
ATAACTAGATTGCATAGTTT,174
AAGTTGCAAGCAAGAGATCC,166
CCAGTGTACTGCAGGAGGTC,130
CTGGGAGCTCCAAGAGAAGT,106
GCTCAAAGGTGTTCTGAGTT,155
GGAGGGGGCAAGTTGAGAAA,113
GAAATGGCTTCAGAGGCTGA,109
TAATCTACAAATGCCACTGA,110
CATTGAGCATGCTGTAGCCC,134
TGTGTGATTTACAGAGGGAA,97
CGTTGCAGCAAAGCAATTGC,124
AGTTTCGAGCCAATGCACAG,126
AGCCTTGGAAACTTGGTAGT,194
TTCGAAACCTAGGCCTCCTG,96
GTCCTCGAAAAACAGACAAA,120
GGCAGCGAGGAGAAAAGCCG,174
CTTTCCCATGTGTTGAACAA,167
CGCCATGCTATATGTACCTT,93
CACATGGTATCCTATACCCT,157
CCTGGGGGCTGATGGGAGCT,141
AGAAGCCATCCCTCAGTTAG,133
TCCAGAGGGACTGAGCAGCA,141
CACAAGATTAAGACAAAGGG,74
ACAGAGTGCAGGGGCTGCCT,131
CAGGCACATGGTTTCTAGTC,127
GAAGGAGTAGGGAGGGACTT,170
CATGACTTCTGAAGAAACTG,125
CTGCTGCCAACTTGGCAGAA,129
TGACGGAGAAACTTCTAGCA,107
GCAGTGATTGATTTAGCTTA,135
GCAGGGGCACTAGGTTTGGC,137
ACAGTCACTAAGTCAGTTGA,179
TTACTAGAAAACTCTCACGA,144
ACTCCTCCCTCCCCTCTTAC,113
TTAGTCCCCAGTAAGAGGGG,131
GGTCCCCCGACTCATCTAAA,130
CATCTAAAAGGGAACCCAAG,134
GCTCACTTGTCCAGGCCCAG,134
GGGCTAGGGTGGAAGCAACT,139
AGTAGGTCAGTCCAGCCTCG,145
TAGGCACATATCACAGTGCC,81
CTTGGCTCACTCTTGCTTTG,101
CTATGTAGCCCAGAATAGCA,96
TCAGCATTACACAGGGAATG,102
TCAGTTTGTGTTTGCCAGCA,110
GAGCTGTGCAGGGAATGCCA,181
GCAGAGCCTTGCCTGGGGCT,117
ATCTCCCATTTGTGATGGGA,195
AAGTGTAGCGCTGGCCTTTC,160
CACTCACATACATTCTGGCC,140
CCCAGGAGCTCTGCAGCTGC,91
TTTGTATCAGGGCAGCTTTC,125
GGGTGGTGGTGGTGTCATAT,139
CCCTGTCTCAGAGGGGGTGG,130
TTGAGATCAAAAGAGCTAGT,139
ATGGGCAGGCATTGGTGGGA,98
GATAACACATTTCCTAGATG,146
CCGGTGGGATGGAGTAAGGA,89
GCAGAAGTTTGCAAGGAGTG,158
GGATTTCGCAGAAGTTTGCA,116
ATTGCTCCATATTACAAATG,153
TTAAGTCGTGGCCATCAGAT,117
TGAAGTCACTGACCCCACAG,124
GATTCAACCCTCCACACAGG,196
GTGCACATGGAAATGACTGG,83
AAACTTTCAGATAACCACTA,113
AGGGTGCTGGCGAGATGGCT,142
GCTAGCAGGGATGAGCTAGT,205
ATGAAAGTTGGGTGGTTGGA,171
ATGGGTGGATGTGTGGGTGG,151
GGTGGGCTGGTGGATGGGAT,85
GAAACAAAGAAGTTACCCTG,151
CAGAAGGAGAGGAATAAGAA,75
GCTCGAGAATCTCCGGTGCC,198
AAAAAAAGGAAGAAAACCGG,101
CACTCCAACCGTTTCCAACT,163
TCTTTCCCTGTGAACAGTTT,106
GCAGAGGTTTGGGTGAGAAT,93
GTGAGAATGGGATTGGATAT,120
TCAAATTCAGAACTTAGTTG,110
CAGCCTCTTGCGAAGGGCGA,110
AACCACCCGATGTCACCACG,201
ACGTAGTAGCTGGGGTCCTC,150
CAGAGACAAGTGTTTCTCAG,126
ACCTAGGACTTCTGGAGACA,141
CAGGCCACGGGGACAATGAT,154
GAAAAGAAATGGCAGGCTTC,105
GCACGGAAAAACACAAAAGT,165
GTTGGACACTGCACGGACAG,150
GATACCACGTTAACATGATT,149
CCAATCCCAAAACTGCAGTA,95
CTGCGCACTCGGGACACCGA,136
CACTAGTGGAAAGTAAGATG,135
GCAAGAGTCTACGTAAGTTG,115
CGAGACCCTGTGTCTGCCGA,73
AAGTTCTTTAGTCACCCGCG,136
AGGGAGATATACACGGGCTC,119
GAAGTCTAGGGCCTCTGTGG,139
GCTAACTCTCCAATTGGGTG,130
AGAGAGTAGCAAAGACAAGT,159
GAAGCCAGGCATCCCATATT,166
GGACCAGCTGGCCTGTCTAT,115
CTCACCTCCCCAGCCTATCT,125
GAGACTAAGCCAAAAAGCAA,94
GAAATCCAACATGGAAAAAA,105
ACTGAGTCTCAGCAGGGTCT,201
TCTGCCCCCAACCCCTGTGC,117
ATACCAGACTCTTTGGAAAC,146
TCCTAACATGGGTCTCCCTC,121
GATATAGGGCACCCCCATTG,157
TGGAGCGGGCAGGAGTTTGT,111
TGTACTCAGAAGGCAGGTAC,130
TTCCCAAAAGACAGCTCTCC,125
AAAAACTGCCAATTTCTTCC,124
TCCGGCTTATTTATTCCCTG,104
TTAAAAATCCCCTAGTTAGC,135
AGTGTGTCGTGGGCTGCCAG,135
TATATTTGTGGTAGGAACGA,101
CTGTCCAGAGTGTCCTTGTC,134
AGGCATGGAGGAGAGAGAGA,167
CCCTGTGGATGACAGAAGGC,164
TAAAAGCGTTGGGAGAAGCA,111
CTGAAAGGAGCTGAAAGGAA,108
TTCACTAACTCAGCTGAGGC,130
CGTCAGATGAGAAGGGGGTT,94
AGTTCTTCTGAGTTTCCAAA,127
GAAACAGCCTCAAGGAGGTT,152
GCACTTAACTATATCACATG,142
GACGGCCAGGGTGCTGTTAG,125
GAACAGGCTCTACCAGGTCT,120
AGGCCCACCAGAAGCACACC,158
AGGCCGTGCTTACACAGCCA,119
AAGGATGTGGGGTTGGGGGG,118
TGGGGGGGGGGAGCTAGGAT,60
AGGATGTGGGGTTGGGGGGG,250
TTCAGTTTGTACACGGTTGT,115
GAGGGAGTCAGATCTCATTA,117
CCTCCTAAAACTGAATTATC,131
GATCTTGATTTGTGCCAAAA,165
GTAGGGACTGAACCCAGGCT,141
TGCCAAAATGGTAGGTACAT,92
AGACACAAAACCCAACTTCC,170
TACAGGCCTTTCAGATGCGG,122
AAGAAGAAGATGACGACAAA,113
TGGGCACACTGTATGTGCAT,86
ATTTGGACAAGCTTCTCAAA,126
CCAGGGTCTCTGTGTGGAGT,160
GGCTGCTGAGGCCTAAAAAT,149
AGGCGAATAAACCCCAGGAC,165
TTGTCTTACTGTCCATTTGT,97
TACTTAAAATCTTAGGCCTG,95
CTGGCACCCACTGGGGAAAG,112
TTAAAATCTTAGGCCTGTGG,151
CTCCTCTCTGCTGGGATCAC,164
TTAGTCTCACGCCCTGAAAA,86
ACGTTCTGACTGCGCGGCGC,124
CATTGCTGGGAATTGAACTC,138
GGAATTGAACTCAGGACCTC,136
CCCCAAAAAAGCAAAGAAAA,112
TCCCGTGAAAAGGCTCCCTA,95
TAAAAACCTTAAGCCGCGCA,86
AAAGAAACAGGTCCAGTCTT,134
TGGTAAGAATGAGAGTTGGC,127
CAAGAAGAAACTCCTATTAC,159
GTGTTATGCAGGGGTCAAGG,128
TTCTGAAAAGCCAGTGGGAA,121
TGCCTCTGGTGGTCTCTATT,100
GCTGCAAAGTTCCCGGGAAC,104
GTATCCAAAACATCACTTTA,110
TTGGATACAAGAATTGAGAC,129
GTCTTCCTTATGAAGGGAGA,128
CCACTCAAGAAAAGATACTA,135
TCAGCGACCCTCCAAACCGA,102
GAGGGAGTTGCCATGATAGG,132
GGAATACGCAATAAACTTCA,118
GGTGGTGGAATATGCTAGAG,112
TCCACAGCAGACCCTCCACT,143
GGGCTTGTTGCCTAGTTCAA,159
TTGTACAGCTATGTAAAAAG,119
GAGCAAGGGATTGGTCTGAA,152
AGGTTAATGGATGGCTTTCT,158
TTAGCCACAGAGCAAGGGAT,128
CTTTCTTAGATTATGGGGAC,109
ACTCAGATAGAAAACAGAGA,137
AGGGGTTGTGCTTGGTGATG,130
TGGTGATGGCCACACTTAGG,135
AGGGAGGATATCTTGAGTTT,117
GCCAGACCCTATCTCTCTAG,84
ATGGTCTTGGCATAAGAAAA,158
ACAGGCGTCATTTCTGAAAA,119
CCTACATCTGGAGCCCTCGT,100
AGCAGGGGACAGGGAGCATA,108
TAGATCGGCTTCACTACTCT,131
CCACGGGTCTGCACTTTACA,97
GTGGCGGGAACTCCTGGAAC,88
CGCACGCCGCTGTAAGGCTT,80
CAGACTCCCAAGCCTTACAG,123
ATTGCAAGGTCTGATCTTCC,157
GAAGGAGACCGCGTAGAATG,192
TCTGTCCCGATGCTCTGCTG,120
GAGAGTTCAGTCCAGGGCTC,152
AAGAGATACCTCATTGGTTA,144
TTTCAGTCTCAAACCGAAGA,135
GAACCACCTGATGTAGGTGC,180
GTGGTCGCAGGTGCCTATGG,151
AGTTATTGAGTAAGTCTATG,154
TTCTCACACTTCCTCACGCA,139
CACTTGTCTGGGAACTGGCG,118
CGAGATGATGGTATTAGAAG,98
GACCATCTTTAGAATCTCAA,138
CAAGTGGTGAATAAAGCTTT,91
GGAAGGCCAAGACGAGTACA,142
TTTGTCTTTACTGCCGAGTA,114
GACCCTCCAAGGAGGCCGCA,117
TGGAAGGGCCAGGTGGAGCT,101
TGGTCTCTCGGGACACTTAT,78
GACACTTATGGGACCTTTCC,122
AGAGTGTTTACACTAGGGAT,113
TCTGCCGCCTTATTAGGAAT,150
AAAGATTAGGAGCGGCATTT,140
TGTCAACACTGCCCCCTCGG,111
AGAAGTTGCTGGTGGCCCCA,118
AACCTCTATATGCTATGGAA,145
AGAGTTTGCCCAGAAGTTGC,116
TCCGGATCCTAGGAAGTCAC,133
ACTCAGGGCCAGCCCCTAAC,131
CACACCAGGCCAATTACTCG,115
TCAAGGGTATAAGTTTCAGA,112
CCAGGAGATGTGGGTTTGCC,137
TCCTGGTATTAAAATTTACC,104
GTGAGCCTTCATCTGGTTGT,129
TTTAAATACAAAACAGAGAC,159
GGATTTGAACTCCAAACCTT,142
CTTAATGACAGGCGGCTGGG,128
TTTCTTTGCGTTCCCGGAAC,135
ATGAATGCGCAAAGTCCCTG,150
TTCACTGATAATGTGAGAGG,124
CACGAAAGAACAAAAAAGAT,104
GCAAAGGGATGCATTGCCAT,102
GTCTTTATTAGGACATCCAC,136
AAAATGCAGGTGCAGGATAT,127
CTGAGCTGCAACATATCCAT,132
TTAGGAGGCATCTCTACTGT,149
GAGCAGCAGCAGGTGTTCCG,113
CGGTAGCTGAAGGCTGAGGC,74
GTGACAGGAATTTACCGTTT,115
TGACGCGTGGGGTGCGGTGA,76
GTGAACCGCAGGTCTGAGAA,148
TTTCTCCCGCTATTCTCTGA,154
GCAACTCACCATAAGTTACC,118
CAGGGCACAAGCAGCGGTCT,105
AGGGTCAGAGCACGTTCTGA,174
ACAGGGGGTGCCCCCATATC,134
GCTGAATAATCCGGATATGG,168
ATGGTTGTGAGATCCTAGAT,190
GAACAATGACAAAACTCAAC,143
GGGTCCCCCGCAAACGCAGC,140
CCCAGGACCTTTACTTTGTT,144
AGGTCCTGGGACACAGAAAC,147
ACACTTCTGAGAAAAGAAAG,120
GCAAGAGGACCACGTATTCA,124
GTAGTAGCCCAGGCTGTCTT,111
GCAAAGCTCACGGGTGATGA,184
CACAAAGGTTGGAGACCAGC,134
CTAAGAGTGTCTAGGGACTG,134
CTTGGCTCATGGCATTCTCT,189
AGGCTATGATGCCAAAGCCT,142
AGATGTGGGCCAGGCTGGAC,129
TGCCAAAGCCTTGGCCAGGA,125
CTCTTCCCAGTGACAGGAAT,0
ACTGGGAAGAGAAGACTATG,191
CAATAACAACAACTATGTGG,129
CTATGTGGAGGCTGGAGAAT,126
TAGAACTTGATATGTAGACC,104
AGAATAAGGAAGACAGACCA,96
TCAAAGTGTTTCCGGCCCTT,125
TTCTAGACCCAGGTAAGTCA,144
TAAAGTGCAGGATCCCCGGC,111
GCACTTTATCCAACACGAGT,303
ACTCGTGTTGGATAAAGTGC,303
GCCAAATTCCCACTTCTTTA,99
TAACTGTGAAGGTTAGACAC,91
AATCTTTCTAAGAAGTGAGG,160
CGAAATCTTTCTAAGAAGTG,83
CAAAGAGGAACCAGAAATAA,118
GCTTACGTCATGTGTCTCTC,153
AGGGCTAGACTGCTCACGGT,117
AGATACCACTAACTTCTGTG,127
GGAGGGGCCACTGATGAAGC,160
AACTTTAACCACCTTCATAA,125
CACCTTCATAATGGTGTTAA,114
TTCGCCTCCCCTTTGTCCTG,123
TTATTGGTAATTGACTACTG,129
GATCCTTCTAATCATTTCAT,140
GGAGGTTTAAGACAGGATCT,148
GAAGGGACTCTGTGAGTTCA,157
CCTCATTCTTCTTAGTGCTT,164
CTGGGAACGTTCCCCGCTCC,109
TCTGCTACTTCTGCTGAAGG,124
CGAAGCACTGGGAGGCAGCG,111
TCAGAGGACACTTTCTGGCT,134
ACAAGTATATCAACCAGAGC,143
AGCTCTGGTTGATATACTTG,161
TGCTTTCTGTGCTATTCATC,141
GGTGTGTCTGTGTGGTTGGT,174
TCACCACAGTGGGTGGAGGA,162
ATATATATGGCTCACCACAG,134
CATATATATCTTTGAGAGGC,70
CTTCCTGTTATGTGTCTAGC,140
GGCCTAGGAATGGATCTACT,165
GGGTGGTGACTGGGAAGAGA,123
TTGCACTCTTCATTTAAGTG,81
AGGGCTTGGAGGTAGAATTC,121
TTTCACAAAAGACAGAAGAA,103
CTGGAAACAGAAGCACAGAA,120
GTCTGAGGGCTGGAGGACCT,127
TGTTACAGAAAACGAAGACT,115
GGAACTAAAGGGCAGAGGAT,117
TGGATGACTTCATGACAGGC,78
GGTATGGGGGAGGGGGCATT,126
TTAGTATCTAAGTTGCGATT,148
TAAGCCCGAGGGGCATCATT,111
GGTGAGGTTCGGACGGAAGC,107
TAAGAGAAAGATTTGGTACA,91
TAGGCTGGATAAAAAGAAGT,109
AGCCTAATTCATCCTTACCT,135
CATGTTCATCAACTAAACTC,153
CAGAGTTTAGTTGATGAACA,108
ATGAACATATCGACTGTGCT,108
AACACATCTCAGGGGCTTTG,162
TGTGCCCCGCACAGCTCTCT,164
GGAGGTTTCACAAATGTGAG,143
TAGACCTCTGTACTCATCTC,130
AGATTATGAGGTGATTGTTG,127
GCTCTCTGCTTTGTGTGGTT,172
GCTGATTCCAGGGCTGTGGC,116
CCCCCATAGGCTCGAGTTCC,121
GAATGCTGATGCTTATGTCC,149
CTCGCAGCATCATTGTTGAG,103
ACAGCCTAGGTGCTGGCCCT,173
CTCTTACAGGCAGAGGACAG,113
AAGGGACTGGAGTCGGGGGA,102
GCAGAGGAAAGGGTGGGCGG,119
AGGAAGGAAGGAAGGAAGGA,115
ACAAATGAGAAGGGGAGAAA,143
ACGGAGACAGTAGAGAAAGA,136
AAGTGAGAGAAAGCCCAGCC,129
TGAAGCAGGGCATAAATCTG,114
ATGATGGGGAGATGATTCAG,211
TCAGGACCCTCAATCTCCTC,128
CTGAAGAGAAGGGGGGCTTG,125
ACCGGCAGAGGAGATTGTGG,161
TGGATGTCGCTCAGGATTAA,96
CTAACTGTGGTGCTGGTTTG,114
GGATTAAGGGTAGCTAACTG,121
GCAGGTGTGCGGTCCAGCCT,227
AATGGTTTACAAACATTTCT,195
GATCTGGGACAAGGCATACG,133
AGGCCACTTATTTACAGCTG,92
AGAAGTGTTTAAAGGTTGAC,132
TGCTTGTTAAAACACAGTGC,81
ATCTTGTCTTGCTGTATTAA,164
CTGGTGCCCATACTGATCCC,111
GGGACACACTACAACTGGCT,139
AGAGATCTTGTTCAGTGTTG,194
GCCAACTCCCGTCACTCCTT,162
ACTGGAGAAGTGCATCGAAG,182
CTTAAGACTGCCCATTCACC,95
AGGGTCAGGGAGAAAGCATG,104
CATCCATGGGATGTGTTCAG,148
GTAGATATAAGGAAGAGTTG,130
CATAGCTTGACTTGAGTGTG,155
AGATGATGCTCACTGCTCAT,140
CTCCATCCCATAGTCCTCTA,142
CGGTTAGAAGACGGGACACA,100
ACGGCCAAGATGGACGGCCC,133
AAAGAGGCTCATTTCAGGAG,197
TCCTAGAAGCTGTTCCTCAG,115
GAGTCTAGATGTTTAGGGTC,140
GCAGAAGAGGCAAAGCGAGC,97
GAGCAGATGTGTGAATGGAT,119
CCTCACATTTAACCGTATTT,139
AGAAAAGAAAAGAAAAGGAA,96
TTGGGGTGGTTTGTATCTGA,102
CTTAGGGAGCCATTTGCGGA,167
AAATGAAAACAGGTTTCTTT,116
TGGGCCACCATCACCAGACT,90
TGTATCTGGGAAGCAATTAA,109
AATTAATGGGATTTCGATCA,165
AGGCTTTCTCTGGGTAGCCC,121
AGCACTGGGGTGGTAGAGGC,118
TTAAAAGCCCCCAGAGGCTT,124
ACTCACTCTAGATACCAGGC,175
TTAGGGAGCCATTTGCGGAA,85
ACAAGTGTACATGTCGGTAC,174
TGCATATATACATACATTAC,67
ATGCAAACAAGTGTACATGT,151
TCCACCATAACTCAAGCACT,121
CCACAAAGTGGAGGGGAGTG,114
CTTACCAGCTGTCCCTAAGA,173
CCATACACACTGCAAGGGAG,123
CACAGTGTAAGAGGGCACAG,146
GCTATAATCCATCAAAACTC,131
AAGCCCAGACCTGATGCATT,178
AGAACCTAGACTCTCAGTGC,116
GAACCTAGACTCTCAGTGCA,163
ATTTGGGAGACAGAAGCAAG,91
TGTGTAGCCCTGGCAATCCT,101
ATAGCTAGAATTTCCAGGTC,104
GTATCTCATGCATATTCTCT,81
TTCATCACACCCCAAGTGAG,108
GGCGTGGAAGCCCCTCACTT,118
CACCGAGATCGCCCCGATCC,132
GACGGCCTGTACACCGTGTT,155
TGTAGCCAAAGAACGACCCC,110
TTATAAGAGTGTGCACTCAT,175
GGTGTGGAGTATTAGGCCAA,122
GCCATTATAGTTGGCGCTTT,125
AGCACTCAGGAGGCAGAAGC,133
GGAAAGGATGGGGCATTTGG,143
AGGGGTGAGTTGGGAGGAAG,85
TGGTTGAATCAGGGTTGTTA,87
AAAGCGAAGGGACGGTCCGT,174
AACCCGCAAAGGCGCTAGAC,131
CCTAAAATGGAGGATTTCGT,138
ACCTGGATCCCTTCTGGAAA,137
GCCCTTTCCAGAAGGGATCC,136
AGGAAGAAATCTCATTTCTA,131
GTTGTCATTCAGTGCTTTAA,153
TTACACAGGCACTGCACTTG,95
AAGTGCAGTGCCTGTGTAAT,133
ATGCGATTAAAAGTCCCTTT,138
CACCACCATTCCTTAGCTTT,129
GGCCTTGGGTGTGCCCCGAA,177
CCAGCGCTGTACCATCAGTA,160
GTGCGCTTCTTGTCATTAAA,145
GTCTGCCCTTGCCCTAAGGA,127
TGTCTGCCCTTGCCCTAAGG,117
GATAAAATGGAAAAGCAACC,139
TTACTTTGGAATCGCCTGCT,107
TTTGGAATCGCCTGCTGGGA,126
CACATGAGGAATTGTATTAA,97
ATTTCGAGGGGAGTAGGGGG,110
AAAAAGATTCCTATAGAGTA,89
ACTTTGTATGATACAGATGG,141
GAAGAGGAGGGGTAGGAAGG,106
ATGCGGGCAGAATCGACGAA,109
GGGGGGGGGGTAAATGAGCT,80
CGAGAAACTTCCTCAAGTGA,98
TGGGATGACAGGCGTCAACT,90
AAACTTCCTCAAGTGACGGG,150
GAGGGCGTACAGGACTACTG,163
TGATGGATATGGGGGTTGGG,122
GGAGGGTGGCTGTTAGCCAT,122
CCACTCTGGTTTCAAGTTCT,150
ACGAGTGGTGTCTTCCACTC,154
CAGCAGTTCTCTGGCTTGCC,98
CTTTAATCCCAGCACTCTGG,98
TACATAAGAAACGTAATTAC,71
ACTCCCTCTGTAGACCAGGC,137
AAGTAATTTCATATGAGGAT,123
AGTTAATGAGGGTGCCCAAT,144
ATTTCATATGAGGATAGGAT,143
CAAGTGACGCGAGCCTGCCC,111
GACAGACACCAGGATCCCAG,152
AGCAAGCCACTGAGCCTGTC,144
TTGCTTAGCACTGAGTGTCC,135
AGGCTGAAAGAAAAATTACA,121
GATGCTTGAAAAATACATCC,143
GACACACCAGAAGGCATTAC,156
GTCTTCAGGCACATCAGAAG,104
GTCCCAAGGGTTAGGAGCGC,95
AGGGACACCGCCGTGATATT,156
AGTGGAAGGCCAGCAGGGCT,129
CACATTGTAGAGCCAGAAAA,118
GACTGTACTGTGAGGGAGGT,227
ACTGTACTGTGAGGGAGGTG,226
AGGAAGGCACATCTCTTGTG,154
GGAGTATCATGAAACAGACT,180
AGTCTTGGCTGACCTGGAAC,204
GTCAGTCGCTAAAACCGAGA,129
AATTTAGTTTATCAAGTGTG,190
AGGACTGGCTTGGGAGGTCC,167
CTAGTGTTGGGGAGTCGGGA,93
CGTGTGGAAACTGATGCAGG,122
GTGTCTCTTCATTTCAGTAG,154
TCTTTCTGCTGACAGTAAAG,141
GGCCAGGTGCCATCGGGGGA,109
GCGAGGGTGAGTGAAAGTTG,125
GACTAGTTGTGGATTACATA,110
TGGGGACAGCCTTGATACTG,118
CTAAATGTAAAAGCTAGCCG,97
TTCTCGGAGCGTCCTATCTA,92
GTACAGCGGGAGTCCCTCTC,154
GAGAGGATGAAGATGATGAT,165
GAGATGGAGATGACTCTCAG,122
AAGGAGCTGGTGCCGCGGGG,127
CCAGATGCAACTCTTGAATA,131
CAAAACGGATTCCACAGACG,126
TGCTTTGTTCCATTCCGGGT,105
TTTCACCCGACAAAGCGCGG,109
CGTGGGTCCCCGCACGATGG,103
GCACGGCCTTCCCATTTCCT,164
TCCCTGGCCCTCCCCGATCC,126
TGGGTATCAAGTATCTGGCA,132
TCTTAACCTGACGATGAACA,127
CATCTGTCAAGGTGTCTCTT,138
AGCAGGAGCAGATAGCACGC,181
CTAAGCCGGGATTTCTGTGA,112
GGACCCGCAGCACAGCACAG,134
TTAGGGCCTAACATTTGGCA,101
AGAGCATAATTCATGGCCAT,119
GACTAGAGTACAGCCGGGCG,148
TCAGAGGCAGGTGGATTTCG,107
CCTTCAGAAGGGGCCCATCA,179
TCTCCTGTTCCAGACCATGT,170
TAGAGATGCTTCTCATAAGA,112
ATGTGAGGTGGAGACAGCAG,153
CACCGTTGTGAGTATTCACA,123
CTGAGGGTGTAGGGAATGTG,114
CCGGTCCCTCCCTTTAACCT,143
CGAGTAATCCGTTGGTAGTC,100
TGTTGCATTCTGGATGCGGA,132
AGAGTGAGAGGTTGAAACAT,151
TCTTCCCGGAACTTCGGAAA,141
TTTGAGATTTCTCGGCTGCT,104
TGGCCTTTGCCGCATCGTGC,116
ATAACGCAGGAAAGCAGGAC,162
TGGAAAAGTCCAGGGATCCG,89
CTATTCACTGTGCCTATTAA,110
AAACCAGCCTGGCACGCGCA,119
TTCAGACGTATCAGGACATG,168
GTACTTTAAGGGGAACTGGC,128
ACTAGATTAAAAGTTTAAAG,124
GAGCCAGCGTGTGCATCTGT,96
CAACTCTCCTTACCAGTCTG,110
GGGGACTACAAAAGAGTGAA,111
GGCACATATCATCAGCTACT,127
GACCTCGAACTTGGACCTGC,142
ATAGAAATGGTGCCCTGGGA,143
GTCTTAAGAATCTTTGGACC,163
CATGCTCAAGTTTGGCGGTA,135
TTTGGAACGGTTGCAAAGTG,135
GGCAGTCGGATCTCTGAGTT,112
CTTAGCATGTCTGAAATCCT,113
CTCAGAAATCCTCCTGCCTC,127
AAGGACACAAGGACCAGCCC,125
GGATGCGGCTCAAGGGTAAG,179
CAAGCAAGGGATGCGGCTCA,147
ATGCTGAGACCAGCTCTACC,161
GACAGGAACGGACAACGCAG,107
TTGGCACCTCCTAGAGCACT,134
GGACATTAACACTTAACCAA,144
AGGACATTAACACTTAACCA,131
TACGCACATAGCCTTAAGCT,105
CAGCTGCAGGGTGGATTTGC,137
GGCAGGGGGTGTCTGGAGAG,150
GCTATCTTGCTGTATCCTAT,100
TTGGAACTGATGGCGAGACG,143
CGGTGGGAGTGGGAGGTCTT,108
ATGGGTGGCTCAAGAAAATG,175
GTCTGTCTAAGGTTCAGCCT,124
CCTCACACCTAGTCTGAGGT,136
TACAACCAGCAGAGGAGCCC,90
GGTGGCAGGAAATGTTTGGC,137
TGCGTAGGCAAACTGCAAAC,102
ACAGCTTGATAGGATTTGCC,161
CTGTGTCGGAGTCTGAGGTC,130
TACTAGACACAGCAACCCTC,132
ATACTTTCCAGTCTCCAGCG,156
GGGAGTGGGGTAATAGAAGG,134
AGAGGCCTCCAGTCTGAGAG,128
TACTTTGACTAGGCCCACGT,67
AGGAGGGATGTTTCTTACAC,162
CTTACACAGGCCATGTCGTC,129
GATTCCAAGTTGGGTGGGAT,177
GCCAATTTCCCATGCTTCCT,169
CCAAGTCCCCCTAGGAAGCA,110
ACGACAGAGTTGTCGTAAGC,120
GGCTCAGGTGTGCTGAGCGA,145
CGAGCCTTCCCAGTACTACC,118
TAAGAACCAGAGACTTGCAG,114
GAAAGACCCCGGCTTCGGCG,151
CAGGGCTCTCGGAACAGGGG,99
ACGGGCGAGCTTTGCTTAGC,144
GGGCTGGTGAGATGGCTCAG,163
GACTGACTTCCAGGCAACTG,151
CAGTCCATTATTATCAAGGT,97
AGGCCTGTAATTTCAGCTCT,168
GGACAGTTCCTGGGGAGCCA,127
GTCCAGGTCCAGCTGTAGTC,130
CTGCTTAGCGCAGCGAAATG,95
TCGGGGCGGCTCACGGGAAA,126
GAACTAAGCACCAATGTCCT,129
CATGTACAAATGGGCAGATG,99
TGTACCTGTTCATGTACAAA,116
TCCCGAACGCTAGACCAGCA,157
CATCCTTCTTGGCCAAAGCC,124
TTACAAACTAGGACAAACAC,110
GCAGCGCTCCCGCAATGAAT,96
CGGACCTGCTGCGGGCCGCA,110
CTGCATACAATCAACCAACC,104
TCTTCTCATAGAGGTAACCA,136
TCTTGGGTCCAGAGCAGGGC,134
TCTGCTTGTTAACCTCTGCT,133
AATTCCTCCCAGGTGGCTGC,145
AAGATGCAGAAATGGAGAAA,127
CAGGGAGTCCAGAGGAATGA,109
AATGCTTTGGATTGAACTCA,178
ACCACACTGTTCTCCCTGAC,223
GAACAAACAGTGGTAAGATG,167
TACACTAAGGGGTTTGTGAA,114
GTCAGGCTCCTTTGGGGCTC,134
AGTCGATTTAGCACCTAGTA,108
AGAATGAGGAATGGCCATTT,124
GAAAACAAGAACAGAAGTCG,116
TTTACAGTTACTCCCCAGGA,91
AGATAAAATGAGAGGGAGAC,96
AATTTCGTCCTCCTTTGCTC,119
TTCGTCCTCCTTTGCTCTGG,101
AGCAGGCTCTGGATGCTGAA,111
TGACATCAGGCAGAGCCTCC,130
AGCGCTGGGCGTCTCCACGC,186
TGAGACTAAGAACTGCGCCT,115
AAGTGTCTTACCACTGAGTT,167
TTCAGGAGGAACTGTATTAA,137
GCGGCTGGTACTCAGTGTGG,116
ACATAGTGAAGAGGGGGAGG,121
TGAGGATTTCACTTCGGGAT,108
TAGCCCCTGCAAACCCTGGA,110
AGACAGGCGAATTTCTGAGT,105
TATAACATACAGGGTCAGCT,93
TTACTAGAAAAGCTGAGTGT,130
GCCTAGCATGCATGAGGCCC,140
CTCCAAAAGCACTAAAGGAA,99
GACCCACACACACACAACAT,124
CTAGAAGAGGAGCATTTGGC,111
AAAAAGGAAAGCGACGTTGT,130
TCTGGCGACTCCAGGTCAGT,112
ATATATGTGTATGTGAATGG,142
ATAAAAGGCTGAGCCTGGTG,146
TCACAACTCCATGCCCATAA,153
GGATGAGGAAATGAATTTGT,140
TTCAGCCAGCTCTTGAAATA,123
TGTGCTCTGTGCCTTGCCTA,140
TTGCCACCACTCTGGCAGCC,126
AGCGACCATGCCCCCTCACT,101
GAAGGCTGAGCTGAGTGTGG,159
TCTCAGGTCTTGTTACCCTT,111
CTTCTGTTTAAACTCTCAGC,134
TTCCTGCTGAACTTGCCAGC,131
ACTTGCCAGCAGGAAGAGGC,152
CACTCGTGGCTAAGGTTCTA,108
CTTCATCCATGGCAAAGGTG,123
GAAAGAAATTCCTGGATACA,175
GCTACGCCCAGTCCGCCACC,84
CCCATAGCTCCACTATAGTA,125
GTGTGGAGGGAGAGCTATTT,124
ATAGGAAGACTCAAGAAAGG,139
CTAATGTGTGCAGTAACCTC,93
GAGCCTAGAGGACAAGGTAT,158
TGAGCCACCACGTGGGCGCT,82
TGTCTGCAGCTCCAGTTCTG,118
TGACCCTTAAAAAGAAAAGT,117
GGTTGCCTAAGAGGAGACAC,178
AGAACAGCCTAAAGGCTCCT,131
ATGAGAAAATCCTGCCTGAC,183
AGGGTAGATGCAGGAATGAA,155
TGGAGAGGGCTAGTTACTTA,91
AGACATCTAGGAACCCAATC,136
GATAGAGCAGCCAGGAGGAC,118
TGTCAAGAGGTAGGAGACAT,133
ACACTTGTGTGCGGCTGAAA,191
CAGACCCAGCAGGAATATTT,114
ATGAGTAGAAACAGAGCCAA,158
TCAAGGCCCTCGCAGAGAAA,133
GAAAAGAAAGAAAAGAAAAA,95
TAGAAAAAGAGGGAGGAGCC,83
CAGGTCGGCGCCCAATCCAC,89
TGGTTTCGGGACTCGGGTCT,120
TTTCAGAGAGATGGCCCCGC,108
TTGAGAGGAGATGAAGCCAC,102
AAAAAAAAAAACTAGAAGCG,52
GCAAGGATGGAAGGCTATCG,158
GTCCTGAAACCCAGTACCAA,90
GGGTAAAACTCTCCCACCGG,98
TATTCTTACTGGGGACAAAA,93
AAGCATCTGGTGGGTTTGCT,156
CATTTCTAGGTGACTGGATC,190
GAGATTTGGTTCCCAGGTTG,165
GGCTGCAGCCCCATTCAATC,99
AAGATGTCAGGGGCAAGCTG,103
CCCGTGCTTAGTGTCCTCTT,127
TGGAGTTAATCGGTAGATTG,120
AATCATGGAAGACATAGAAA,125
GTTGGGAAGGGTTGTATAGA,129
GTGAGGAAGACAAATATACT,90
TATACTAGGCTGGGTTGGGA,84
TTTATTCTTTAGACATCTGT,104
TCGTGAGGAAGGAACAGAGA,110
CTTCTTCCCTCCCTCTCCTC,133
AATCCTCTTCTGTAGAGACC,133
ATACGAAAACGCGAACGAAG,144
TCCAGAGCTCAGAGGCAAAG,128
CTCTCCCGCCATCGTCCTCT,145
ACATCTTTCTCGAAGGTCTT,150
GGAAAAGATTCATCGAAAAG,146
CAAACAAGTGACTTGGGAGG,76
TAGATAGCAAACAACCTTCA,85
AGTATAACCAGAAAACGCAC,112
AGCATCTTCAGGGGCAGATC,164
CTAAATCTGAGAAATCCAAC,89
AGGCAGGTGGGGCTCCTCCA,113
AACAAGATATATTCTCGGTG,158
AGAAAAACAAGATATATTCT,109
ATGAGTCAGGAAGTATGTGA,155
ACAAGTCACCAATACCAGAC,129
TTTCTAAAGGTTTATGGAGG,142
TTTCTGCGCAGCTCTGGCCT,125
TCCTAATTGCTGAAGAGAAA,110
TTGAAGGCAACACGTGAGGC,130
TCAGAAAGCATAAAGGAATT,117
TGAGCACATGAATTCTGTAA,104
TCCTGGCCTCTTGAAGCACT,124
CTGCAGCTGGGTAGGTGGGT,114
TGTTGGACGTCTCGCCCGCG,99
ACAAGACAGAGCACAGCTTT,161
TTAATCTCTAGGCCTCCCCC,120
GCACAATACGATCCCTAAAT,117
TTAATAAGGGTATAAAAATG,91
TGAGTAGAGTGCAAGTACTC,107
ATTAAGTTTCTTCTATAGCC,145
GCTAAACCCGATTCAGGTCC,109
AGAAGAAACTTAATTCAGAA,118
AAGTCACCAGAAATAGTAGC,150
ACTATTTCTGGTGACTTCAG,162
GACTCAATGGACAGGAAAGC,111
GACAGGAAGAACCAGTTGAA,153
CTCAGAAAGCTTGATTAACT,142
GGCCTGAGCTCTCAGCATTC,168
TTCCAGAATGCTGAGAGCTC,111
TTTACATGATGGTGGTCAGA,146
CCCTCATAAGCAGTGCCCAC,148
CATTTGGTTGCAATACTTTC,146
GTGCCCATTTCTAAATCTTG,121
GGCGTCCCGGCTCGCGCCGG,119
AAGTCAGGGCAGCAGTTCTG,176
TCCACCTTTGGTGACCTGGT,149
ATCGGTGTTTGTATAAATTT,138
TCCAGTGAAAACGCAGTCGA,125
TGCGACAGAACTGGCCAAAG,150
CCCTTCCATCAGCTCCCCCG,142
ATACAGTGGTAAGCACTAGG,151
TGGTAAGCACTAGGAGGAAG,80
GATGCAAAATGTGTGCCGAG,163
ACTGGGGCATCCTGACCCGG,133
GGAAATGAGACGGAGGTGCG,151
AAACTTAAGTTGTCCAGAGT,96
CCCAGTAGTAAAAAAAAAGG,132
AGGGGTCAGGGGAGACCTCT,99
GGGGGACCTTGACACCACAG,109
AAGACACGAGTCAAGGCGAC,164
CTTCGGCCTTGGAACGCGGG,138
GCAGGCTGGCCTGGAACTTG,174
TTTAAACACGTTCATGGGCC,127
AGGGTCTCATTCAATAGCGC,115
AGAGACACACAGCCTGTGGT,154
GGAAAAGGGGAGCTGAAGGG,160
TTTGGAGAATCTGTTTCCAT,165
CGTGACGTCAACTCGGCCGA,119
GAAGGAGAATGCTCCTTAAG,111
GGATTTGAACTCAGGACCTT,138
TGGCTGGCGAGATAGCTAAG,92
GTCTTCAGACACCCCAGAAT,122
GGGAGCCACCATTTGGTTGC,145
TACCCTAGTAACAGCCCACC,104
CTTAAGTAATTGCCCAGTGA,165
AAAATAACAATAAAAAGGTA,80
GATCAAGCCTGCCAATACTC,165
GGCTCAGTGGTAAAGAGCAC,143
TGAGATCTGATGCCCTCTTC,96
AGCACTGGCTGCATTTCTGA,157
CTACCCTAGTAACACCCCAG,95
CCCCTCGGACAGAGATCATT,150
GATGGTTGTGAGTCACCATG,152
GTGAGTCACCATGTGGTTGC,135
TCATCCGATCTCAATACAGA,85
GATCAAGCCTGCCAGCACTC,145
TCAAGTTCCATAACAGAAGA,96
TCTATATGTTCACCCTGGAA,159
AAACTTGTACTGGGTGCACG,135
AGAATAGCCAGCTTCAGTTG,120
TACAGTCTGTCAGACATAAA,79
TTGCTATGCTGTGCTAAAAG,106
CTCAATGTCTACTCACTAAA,103
CCTAGAATCTCCACATCTAC,161
GACACAAGAAAGGCACAGGT,108
CCTCAAACACTACATTGCTC,193
ATATTCATTAAATAAAAGGG,124
GTCCATGCCAGAGTGCTGGC,117
GGCTATGCTGTGCTGAAAGG,126
TACCCTAGAAATAGCCCAGC,112
TGACCTGCTGGGCTATTTCT,126
CTGTGTTCCAACCCTCCTGA,133
GTTGTCCACCTTCAGAAGCT,148
TCAGTTCCAGGGACTCACTC,114
AAAAAAAAAAAGCGCGCGGG,109
GGGGTCGTTGCCCCTCGGGG,126
ATCCCTGAAACAGACTTGGG,166
ACATGTACATAATTAGACTT,183
AAAGTCAAAATGCCTGCTTT,139
TTTAGGCAGATAAGCAACAC,142
TAGAGCCTGGGTGGCACAAA,116
GGGTGGGACCATCTCTGGGC,125
AATTAGTGATCAAGGAGGAA,147
TGCACTGTTTAGGGCATACT,133
TCTCCCGCTGTAGAGTTACC,149
GTTCCGGGTGGGGCTAGGCA,154
GAAAAGCACAGGAAGTGAGA,94
GAAATCACATTCTTTCTCTA,93
GAGATATCTGTGAACCCCTG,129
AGGAGTAGCCATGAAACCTA,107
TCTTTGCTTAGGTGGTACAT,114
GGGAAAAACACCAGGGCCCT,119
TTAAAGTTTGTGGTTTAAGT,127
GAAGCAGAGAAGAGGCATGT,203
TTGGACCCACGAAAAAACTG,133
ATGTTCTGGAAGAGTCCTTC,136
AAGAACTGTAGAGAAAGAAC,132
GGTATACATAAAAACATCTG,135
CCTCTGCATTTCATTTCAGG,131
GTGTCTTGCCCCCAGGGTGG,159
CCCGATTCCTGCTGAGATCT,110
ACTTACTAGTTAAAAAGCCT,157
GGCAGTTTCAAAAATTGTGG,133
ATAGGAACCCCATGAAAAGT,102
CGGTGTCTACACTAGAGGAC,89
CCAAACGGTGTCTACACTAG,128
ACCTCCCTATCGCCTTCCCC,143
TCTTCATGCATACCAAAAGA,123
AAACCTATGGGCTGGATGTG,281
AAAACCTATGGGCTGGATGT,137
TACAGTCATAATCATAGGGT,105
GTGAATGGGGACACTACAGA,115
TGGGGACACTACAGATGGAG,96
CGCCAAGCACTGTATAAAAG,100
TTCTCAAATTCTGTAAAGGC,110
ACTTTGACAGAACTGTTTCC,139
AGGAGAGAGAGAGAGGGAGA,100
CGGTGTGATGTTTGGACGTC,92
GTTCTAGAATTCTCACTACA,121
CATGACTTCTGTGTAAACAC,143
TGGCAAGAGAGCTTGGGGAT,103
TATCTTTGAATTCTCAGCAC,106
AGACTCCTTTCCCTCGCGTG,163
AAGGGAAAACAGTAAGTTCC,150
GGTTGCTGGGAAATGAACTC,132
TTCTGACTTCTGTGGGCACC,143
ATACACATATGCACATATGC,134
GATCTTCTTCTGACTTCTGT,165
TTCCCAGCCCCAGGAATGGC,135
AGTCAGGGCCATGTCTTTCC,114
GAGAGAACCGGAAATTTAAA,133
GCCCCTCACTTATATAAGTT,137
CTTCAACAAGACTCCTGGCT,139
GCCAGGAGTCTTGTTGAAGC,283
AGAAGAAGAAACCCGCAAGC,127
AACCCGCAAGCGGGAGGATG,121
ATTCCCGTTCGCGAAGGACG,157
ACTCACTTTGTAGACCAGGC,161
AGGGTTTCTCTTTATAGCCC,117
ACTTGGGAGGCAGAGGCAGG,137
AGTGAGATCAAGGCCAGCCT,124
TCACAGAGCTCTGTCTAGCT,153
GGAGACTCTCAGAGTTCACC,123
ATTGCCATGAATTATTGGTC,150
GTCTCTGAAGGTCTTTGAAA,168
AGACCAATAATTCATGGCAA,110
TCTGGGGGACAGAGGTTTGG,145
TAAGGGACTCCAGAAAGGAA,95
CCTCGCCACAGCGGGAGTTG,200
CGCTGTGGCGAGGGTGCACT,130
GTGGGGACATAACAACTCCA,93
GGCCTTGGGGCCAAGAGAGA,155
TTTGGCATGTTTGAAACCCA,161
CCTTGACTTTGTCCCTCTTG,112
GCGAGGATAGGGAGACTGGT,111
GTCGTATTCACAGGACGTGA,159
AGTAAGCAAATGGGTGCTCC,173
GTCTGTGTTCATATAAGTGG,104
GGCTGCTATAGACTCAGGTC,156
TGGCTGCTATAGACTCAGGT,91
GGGCTTTGCGTAGGGCATGA,120
AAGTTAGTGCGCATAGATGT,112
TCCCTGTGAGAAATGAGTAG,216
GCTCTGACAGTCAGTCTCTT,190
ACACCCAAACCCGAGGGCAG,164
CGAGTCCCAAATCCTAGCCC,76
TAACACCTGCATGCCAGAAG,77
GGTTGCTGGGAATTGAACCC,153
CCCCAAAGGGGAAAAAGTGG,120
AAAGACAAGAGGGGAGGGTG,143
AGGCAGGTACATCACACTCT,108
AGAGAAAGTCAACCCACCCC,137
TCGTCCTGCGATGCAACAGT,104
GGATCTCCACGGAGAAAAAA,133
CACGAGGGACCGGGAGGCTG,115
TGCAATGATGCTGTGGGGGC,81
CTTTACAAACACTTCGTACA,113
AATACTATCCTGGAACAAGA,105
AATAAACAGTGAGAAGCTTG,186
CAATTAAGATCACAATATCA,84
GACTCCTAAGTCAGCGTTTA,104
TGGGAAAGTAGCTGGCAAGA,81
AAAGTAACTGAATTCACTCA,162
CTGTCCGTAACTCCAGTTCT,138
TGTATCATCATATGTATGCC,101
AACAGGTAGAAGAAGGACAT,128
ACTGCTGTAAGAGTGGCAGA,202
GTGCCATTTCTTAAGGTTGT,139
AGTTAACTGCCGAGCCGGTG,155
ATAAACTCAGGGTACAGAGG,146
TGAGATTTGTTATTGTGGGT,104
TTCCTGAGAGTTCAAAGGTT,144
TGTTGAGCCCAGCTTGGAAA,115
GGCAAGGCAGGCAGCAGCCA,156
TCGAATTGTTGAGCCCAGCT,103
TGGCATCCGTTATCCTTCTG,93
CGCGTCCTGCGGCCTTAGTC,126
TTAGTCCGGTCTGGCACCAC,162
ATGTGTAGATGATGTGGGGG,167
GTGTGTCTATTGTATGATGG,110
CGTGTGTGTGTGTGTGTTGT,94
AAAACGAGATCATTTCTAGG,96
AGTAGCTGACTTTAATGAAT,151
TAGCAAAAGCCTACAGAAAG,100
TTAGATTTCACAATAGAAAA,113
GCATGCTTTCCTAACGTGCA,126
GAATGTGGCATGGGGGGGTG,135
ACACCCTCTCCCCCTCAGCC,123
AAGCAGCGATTCCCAGGCTG,112
TTGCAGATGAAGGGGATGAA,138
GCTTCAGGCATCATAGGGAG,180
AATGAGGCTTTGAGAACACC,154
ATGTGTAACATAAACTCCCT,136
TCCCACTAACGATGAGAAAA,117
TGGTGCACATTTGGCACAGG,139
CATCGGGGGCCGGGCGGTTC,156
ACCACTGTACTGAAGGGTCT,141
GGGGGTCACCACTGTACTGA,161
TAGAGGTTCACAAGCTCATG,110
TGGAGCCAGTAGATTGGATT,108
CGTGGCTTGTCGCTTCACTG,121
TTGGGAAACATTGTGTTCTG,111
CAAGGGAGGGAAGCACAGTA,121
ATAAAGTGTGGCCAGAACTA,153
TCCTGACAGCAGCGTGAGCC,122
CCTTAACAGTCGAAAGCATC,140
TGGGATCAGATGCCCTCTTC,110
GGGTGCTGGGAAGTGAACCT,127
CCGTGTCAGGTGCTTGCACT,114
TACATTCTCTGGGGTATAAT,121
GGGTATAATCGGGCCTCTCG,100
GGAATATTACAGGGGGAGAG,110
TTGTCTAGCAAGATGGTGCA,116
GCTTTGGCTCACAGATAGCT,145
GGGGACCAGTGTCAAGGCTC,130
TGGAGTGACATTTGCTCCTA,110
AGGCAAAGGGCAAGGGAGCC,131
AGAGTGGAGGCAAAGGGCAA,127
CCTGCTACTAGGCCTTGACT,196
ACTAGAGGGTGAGTGTTGCT,128
GGCTGCTCTGCGGTCTCTTC,167
AAGGGGCGTGCTGGGGATCT,108
TTCTAACAGTATGGAGGCAA,123
CAAGAGATCTCAAGAAGCGA,112
GGAGGAAATTGGTTTCCTTT,194
TGTCGGGTGGCGCCCGCGTT,100
AGGTAGACCAGCTTCGGGGT,117
CGCGGGCGCCACCCGACACC,103
ATTAGCACTTCAGAAGTTTC,169
GGAGCAGAATGGCTGGAGCG,115
AAGAAAAGAAAGGGAGGGGA,133
GGCATGGAGTTCGGAGTTAA,133
ATTCTGTGTCAGCTGATCAT,136
TAAATTAATAGATGGATGGA,71
GACAAGGTAGTAGTACTGGG,105
AAACATGACTATGAATATCC,143
AGGAGATTGCCTGGGAGTAA,146
CATAGACAATACATGCACAT,142
ATCTTCTACAGAATAGTCAA,147
CCTGAGAGTTAACAATACCA,146
TCTCCAAGGGGAGGTGATGA,152
CAGACAGGTGACCAAGCAAG,106
CCACTCCCAAGTTAAAAGTC,122
TTTAACCCTTCAAGGGGCGA,123
CCGAGTTCAGAAACAAAAGT,106
TAAACTCCAGCAATCAAATA,82
ATTGCTGGAGTTTAAGCTGG,175
AACCAGAATTGAAGTGCTGT,101
TAGCAGGTCAGTGCCGACAG,87
CTCCTTCAGGTGTCAGGGTA,119
CTTACCCTGACACCTGAAGG,177
TCACCTGGTGGGACACCGAT,144
GTTCGAGTGAACTTTGAGGA,207
CACTCTAGCAAGTCACCTGG,152
ACTTGTTTCTCAGAGGCCTA,131
AAAACACAGATTCACACTGT,129
TCTCAGAGGCCTAAGGCTGA,160
GGCTCATCTCCACTGACAAA,131
TTTCAGTTCATAAAACTGTT,194
AGAGGAGCTGAACAGCGGTG,153
TGCTCCAGGAAATGTCTACC,100
TAGCCCAGGTAGACATTTCC,93
CTCAAATGTTTAGAGACCCT,105
GGGAGTTAAAATGGCCTTTA,147
TAAAATGGCCTTTAGGGATG,87
CAGGCAGACAGATGAACCCA,143
AACATGTTTACGGAGGGGTG,148
ACCTTGAACATGTTTACGGA,183
GACCTTGAACATGTTTACGG,363
TGGGGTCCGAGATCAGAGCC,117
CCTGATTGAGTGCGGTGATA,160
CAACTGAAAGGGATTCCTAA,121
AGTGAACCCTGACTAATACA,133
AGGGACCCAGTACCCTCTTC,142
ACTGGGTCCCTGTATTAGTC,180
TACAGATGGATGCTTAGGGA,114
GGGTGGTCAGGACCACACCC,134
GTTGTGGCCCTTTATGAGTG,190
GTAAGAGAACATCTTTAGCC,136
TGCCAGGGATGGCATTTGAT,130
CCGTGGAGTATTTCTTCTTC,107
GAAAATTGAGACAAGAGGAT,131
TCGTGAATTCCAGGCCAATC,148
GCGATCTCTATGGAGGACTG,124
GTTTCCACGTTCTGAGGGGG,136
AGAGATCACCCGACTCTGCC,128
GAGGGGGTGGAGAGGACAAG,97
CTCGGTGTACATGTCTTTGA,125
ACCCGGCCCAAAAAAAGAAT,174
GATCTCCTAGAACTTTAAAT,133
ATCGTAAGGAAATCCGCACC,189
TCTTTCAAGGCTTCAATTTG,133
CTGGCACTGCTCTAAAGCCT,96
CCCTAGTGTGGAGCGGGATG,111
CGCCGGGAAGCGTGTGCGTC,109
CTGCACGCTGTGTTCCACCA,124
AAGGTGGTCACAAGTACATG,121
CTTTAACTTAAAGAACTGAA,127
ACACTGCTCGGCAGTAGGGG,178
AAGCCACCTTCAGAGTGTGA,124
CAGCTGTTGGGTTTCACGGC,140
AGCCAGAGCACACAGTTCGA,117
CTGCCATTCCCCGCCCACTG,102
ATGCGTTATCAAGTGTTTCC,141
AGTTACAGCTTGATATCTGA,169
AAAAAGGGAAGGAGGGGGGA,127
CTGGGTGCTATTAAGGAAAA,100
GGGAGCAGTCAGGAAAGTGA,94
TGTGTATCCCTGGCTGTAGC,120
ATTCAGTTTCAGCCGAGGAG,132
TCAGAAAAACAAGAGGCGAA,115
TTCTTGGCATTTCCACTACT,79
ATTCTTTGTGTAACTTGTCG,165
GGGGTTACTCTCTGGGATCC,99
TCTCCCCCATATGGGACTTA,173
GACTAGCCACAGCAGCTTGC,120
GAGTTCCTTAAGTCCCATAT,160
CTACAGGAAAGGAAAGGGAA,96
TTCTGATAAAAGGAACAGAA,92
TATTGTCTAACCTTTGCACC,164
CAGGCCGTAGCACTCTTGAG,116
GCTTTGCTTTGTTTCTTCCT,153
AACAAAGGGGCAGCTGAGTT,157
GGAGGCTGCCATACCTTTGA,149
TGCTTCTGCCTTTCTATTAT,100
CCAGACAGTGTGCTTGGCTC,135
TCTGGTCCTGTCTAAGCACT,168
AAAGTTGGGGGTTGGGGGGG,102
TTCAGACACTCAACAGGAAA,115
CCACCACAGCCCTGGCCAGA,153
AAAAAAGCGACGTTGTCGCC,159
GCCCGGGCGGCTCACTGCAC,193
GTTGCAGGGATGGCCCCAAG,109
TCTCGTGTGCCCGGGCACTC,108
TACACTTCACTCTACACAGC,104
CAAAGAACAGCAGAGATCTG,172
TGCAGGTCTGTCTGCGGCTC,161
TTCAAAGAACAGCAGAGATC,148
AGGGGAGGGAATGTGGAGAT,139
CTGAGCTTCAGGTTCCTCCG,129
GTGAGCAACTGTAGGAGTGT,144
ACAGGGCGGAGTCAGGGCTG,127
CGTCATCCGAAGCAACCCTG,108
ATCCGCTCGTGTCCTGTCTT,167
TGCAGGTGGCATGCCCTGCC,104
AACTCCAGAGTTTGTTTCCT,162
TGTTTCCAAAGAACTCTAGT,156
TCTCGCTGGTCTCCGATTCC,121
TGTGTTGGCCTCTGACTTGG,145
CTGTGTAGCCCTGGCTGTCC,140
ACTCGGGAGGCAGAGGCAGG,159
GAGCCCTGAGACTCTAGGGA,124
TCTGAACTACGTGTAGTGAG,124
CTTCTGAACTACGTGTAGTG,167
ACTAGCTAGCTTAGCCATCC,210
TCTGTACCTGTAGAATAGCA,87
TGGGTGGCAGTAGAAGCTGC,98
CCCATCCAGGTGAGTGAGGC,119
GGCATCCATGAACTCACCGG,149
ACGGACAGGTCCACAAACTC,136
TCTTCAACAGCAGGCGGAGG,108
AGAGCAAGAGCGCGCGTGCT,125
ACTTGCGATCGGAGCACTCT,141
AGAACTCCAGGAGCTGAGGC,124
CAGGCACATTACAGCCAAAC,83
GCAGGAGGATCAAGAGCTTG,148
TGAGGGAGAGCTGGGCTGAG,114
TCTGTGGTTCATGGAGAGCT,132
AAAATAAAAATTAGGAAAGA,57
AAAATCAAGGCACAGGGAGC,130
TGATTTGGTGTATGTGTGTG,109
GGCAACACTGCCAACCCACC,113
TACACTCTGAGAGATTCCAA,104
TCCGTATGTGTCGCTGTACT,103
TTTGATGAACTGAAGAGGGC,131
TCACAGGCCTGCTAAGGTAG,126
GGCCCACATGAGCTATTGTG,191
TCGATTAAAATGCTTCTGTG,78
GGAAGAAGCAAATCTCAGGA,192
GAATATAAAACCCCAAAAGG,128
AGACTTTAAATTAGAGCCCA,139
GAGTCCCAGCATGGAGGCAT,188
ACCAGTTCACTGTTTACTTC,182
AGATCCTAGGGACAGCCCTT,139
GCAAAGAATTATTGCCAGAG,173
CTCCACCACTCCCACCTCTC,133
GGCCGGTAGAGTTGAGGTCA,138
TAAGAAGATGTCCAGCGATC,125
CCTGGTTTGCCGGAGACTGA,171
AGTGTGTGTGTGTGGGGGGG,123
ACTCCCGAGGGGAGGAGCTT,167
CACCCATTTGACCACTTGAC,113
GGAGGGACAGCAGCGGTAAA,133
TCTTCAGGTTGTGGTTATTG,156
TTGTTTGGATGCAATATTTG,125
CTGCCAGCCACTGCCACCCA,134
TGCCAGCCACTGCCACCCAA,111
GCAGCTGGGTGTTTGGCAGT,91
TCAAAAAGCAACTTTCTCCT,108
AAATTCGAGTTTGTGAAAAA,168
GGGTTCAACAATATACACAA,87
TCACACTCTTGCGGCTCCTA,119
AAGGTACTATGAGGGAAACT,100
AAGTGGACAGAGAAGTGGGC,146
CTGTCTCTCGCCCATGGGTC,127
GTGAACTGTGGCTTGTGGCT,107
TAATACAAAAAAAATTCCAA,74
TCTAACCAAATCAGTGCACC,118
AAGACCAAAGAAGCATTTGC,154
TCTTAAGGACTAGTTGCAGT,102
AGGCCCTCGTGGTACCCTAA,139
ATTAGATCTGCCTGCTTCAT,140
GGTCCGAGCAGCCCCACCTG,145
CAGGCTCCACCAGAGGACGC,100
GTTCCCAAGTGAGTTAGAAA,153
AAGAGGGAGTGTTGGAGGTC,141
TTGATGGTGATCATGGGGCT,122
TGCCGGGGAGACCATCACAG,121
CCTGATGTGTTCACACTCAT,149
TGAGGGGATGTGCAGGAACG,115
GGTCGGGAGTTCAAGATCCT,138
ACGACAGCAGATCCGAGGCA,168
GCCGCCAGGATCGTGGTCTC,171
AGGGTTTGAAAATGTCAGCC,155
GAAGTGCCACTCGGTCTCCA,130
TGGAAAGGGGCTGAGGCTGC,108
GTGGATATAGGAGCAAATGC,108
AAAAGGTAGTGTGGGGTTTA,140
AACGTCCTGCGTTTGCCCCG,161
GGCTGGCGAGGACCGGAAGG,147
GGCCGCGGTTGCCATGACGC,123
ACTGTCTGTAAGATGCCCCG,185
ACTTAAGCAACTCTGAACAA,148
CTTAAGCAACTCTGAACAAG,290
GGAGGGCTGCAGAGTTCACC,157
TGGTGCTGGGGATCAAGCCC,122
GAACAGAGTAAACAAACTAG,136
CATGCCTTAACTCCGGTCTC,158
GGTGTCTACTGCCTTGAGTG,128
GGGGTTGGGGAAAATGCACA,133
AGGAACACCCTCATAGAAGC,154
ATGGGCAGATTTACTGAATG,154
GGTGCTGCCTGCACAGTACC,176
TGGGTAGCCGAGGTTGGTGC,104
CAGACACTAAAGGTGGGGCC,111
CCTCTGTAAGCAGACACTAA,143
AAATGCCACGGGCCAGAGGG,136
GAACGAAGGCAGGGGGGTTG,145
AGCATTGTTGTGTCCAAAGA,142
GAACGTGGCCCGAGAGGTCA,156
CCAGGAGGCCAGCTGGAACG,111
AGCACCCTTTCCCATCTGTC,155
TAGCCCTCTTTGGAGAGACT,100
AGAAAACAACTTCTGACTAA,106
CATCCTTTACAAAACAAATA,120
ACCTTGAAATAGGAGCTGTA,130
GCTTTACCTAACCCGGCCAG,95
GGGTTGGTATGTAGTTTACT,126
TTTGCAGCAGTTGCCAACCT,107
TCCACCCAGAAGGTAGAGGG,156
AGAGACAGTGGTGACCTCTC,143
GCCCCTGCCTCCCAAGTGCC,131
TTGTCACTCTCAGGGCAGCT,172
TGGCTCTACACAGTGAAACA,95
GGACTGACTGCGGGACAGCC,121
AAGGCAGGGTGGGCTACACA,157
GTTAGAACAAATCTTCGTAC,117
TGCGAGTGTGCCTTGTCTTT,140
AGACGAGATCTCTGCACCCT,129
CAGAGATCTCGTCTAACCCA,140
GGTGATCACTAGGTCTCTAG,145
GCCATGTTCTGGTGATCACT,115
GGACCTGAGGCCTGAGCATC,117
AAGACCCTCTCCATTCCAAA,130
AATTAGACTGCGTAGACTAA,169
GGGCGACCTCGAGTAGAGAT,177
GTGGTTAATGATAGGAAAAG,140
GGGACAGAAGAGAGGCGGGC,127
ACAGCCATTTCTGGATACAA,175
CTTGAGCTGGCCTCTGGACG,114
GGTGGTCACAGTGTTCAGGG,150
GAGCATCCAAAGGGAATGCA,91
AGCTCCCGGTGCATGGTACT,106
GGGGATCATGAAAACTAAAC,128
AGGAATAATGCAAGTGAGAA,84
AATAGCAATGGAGGAATGGA,152
ACAAATCCCCAAATCCAAGA,113
ATGGAAGGAAAGTGTCCCAA,147
TTCTTTGATTACTGATACTG,141
ATCTGAAAGATGACCAACCA,146
ACATATTTGGGAAGAGTGGA,180
CACAAATTCAAGGTGAGCCT,194
GAAAACAAGAAACAAGTAAG,156
TCTCCCCACAGTCACACAGC,125
GGTGGTGAAGGGTGAGAGGC,149
AAAGGGGCGTGGCCTGAGAT,136
AGGCGGGGCCTAGATGGGGG,137
CCTGCTACTAAAGTTATAGG,93
TCAATAAATGACTCTGTCCA,93
ACCTTGCCTCAGAAACAAAC,149
GAGTTCCAGGCTGGCCAAGA,116
AGTTTCTAAGGTTAAAGCTA,111
TGCCTCTGCTTCCTGAGCTC,134
ACAAGGCACAGGACAGTCAG,165
GGCAGAAACAAACAAGGCAC,139
ATCACTGAAGAGGTTAGGTA,175
AGGGTCTCAGGGCATCTCCT,114
CTCCTAGGGGCAGAACCTTC,142
CTAGCCATAGTACGCCCCTC,135
ATGTGTCTGCAGATCTATCC,170
GTCCCACCCCTCAGGGTCTC,135
CGTTCCCAGTTTGCGAAGTT,133
CACAAACTAAATGAAACGCC,135
TTGAAGCAGCCTGTGACTCG,107
GAATAAGATGTGTACAGAAT,143
TGAATGGTCTGATTGAAGAG,99
CACCACTTTAGGGCTGCAGG,99
AGAGGCTGGAACTCTTCCCG,133
TTTCACTTGCTTCTAAGTGC,224
TTCTGACTCTCTGCCGTAAT,121
TTACAAGGCTGAGTCCTATC,132
GGCCGCAGGGCAGAGGGACA,142
ACCACATGTGTGCAGGTGTG,120
CGATCATATAGTGACTGGCC,108
CCAGCGGGAGGCACCCGGGC,119
CTATGAGTGTTTGGCCTGCT,257
CCAAAGAGAGTGAGTACTCT,124
CAGCAGGCCAAACACTCATA,257
TTTATCCCGGCTGGCTTAAA,165
TGGTAGAAAGGGCTAATAAA,81
ACACAGGAGCGCACACTCAC,131
GTGTTGTTGGCGCTCTGAGC,157
GTGTGGTGGTGGTGGTGGTG,90
AAAAGAGAACACATAAGAAA,116
TTTACAGCTGTGGGAAAGAA,146
AAAAATGAGCAAAAGTGGAA,135
GTGCGTGCAGATACTCTCAA,139
CAATAGTCATCAGTTGTGGC,104
AACTGATGACTATTGTGCAG,129
GAGCCTCCTGGTCCAGGGCC,180
GTCTGCAAGAGTCACTAGAG,120
CCTCAAACTCAGTCGTTCCC,154
TTTCCTGGTAAGCCAGCAAA,145
TCCCCTCTTTCTGCATCTGT,168
TGCCTACAGATGCAGAAAGA,128
TTCTACAAGCACTTGTAAAA,124
AGGGCCTACAGGGCTCTGGT,129
GTGGGTCTGGATGACGATGA,158
CAGCCCCTTGCATTTGCTTC,136
TCTGCTTGATCATGAAAACC,124
GTGTGTGTGTTTGTGTGTGG,131
AAAGTGTCTGAGACTTGTAC,151
GGAGTCACTGAGGGACTCCA,128
TGGTGGGCAGAGCCTGGTTT,88
AGATCAGAAGAGTTCTCATA,129
TACAAATGGGAATTAACTCG,110
GTGCAGGTCTGCAGCAAGAA,167
AGTGATAAGCTGCCTAACTT,119
GCCTGTAACTCCACCTCTAA,134
TCTTTGGAAGAAACTAAAAC,161
CCAGCCTTCTCCTGCAACCT,116
CCTGTACCTGATGGTGTGTG,181
ACCATCAGGTACAGGGGATG,184
